ticker,metric,concept,period_type,start,end,value,unit,fy,fp,form,frame
ACVA,accounts_receivable,AccountsReceivableNetCurrent,INSTANT,,2020-12-31,104138000.0,USD,2021.0,FY,10-K,CY2020Q4I
ACVA,accounts_receivable,AccountsReceivableNetCurrent,INSTANT,,2021-03-31,188524000.0,USD,2021.0,Q1,10-Q,CY2021Q1I
ACVA,accounts_receivable,AccountsReceivableNetCurrent,INSTANT,,2021-06-30,234174000.0,USD,2021.0,Q2,10-Q,CY2021Q2I
ACVA,accounts_receivable,AccountsReceivableNetCurrent,INSTANT,,2021-09-30,215645000.0,USD,2021.0,Q3,10-Q,CY2021Q3I
ACVA,accounts_receivable,AccountsReceivableNetCurrent,INSTANT,,2021-12-31,222753000.0,USD,2022.0,FY,10-K,CY2021Q4I
ACVA,accounts_receivable,AccountsReceivableNetCurrent,INSTANT,,2022-03-31,228133000.0,USD,2022.0,Q1,10-Q,CY2022Q1I
ACVA,accounts_receivable,AccountsReceivableNetCurrent,INSTANT,,2022-06-30,225856000.0,USD,2022.0,Q2,10-Q,CY2022Q2I
ACVA,accounts_receivable,AccountsReceivableNetCurrent,INSTANT,,2022-09-30,153405000.0,USD,2022.0,Q3,10-Q,CY2022Q3I
ACVA,accounts_receivable,AccountsReceivableNetCurrent,INSTANT,,2022-12-31,168732000.0,USD,2023.0,FY,10-K,CY2022Q4I
ACVA,accounts_receivable,AccountsReceivableNetCurrent,INSTANT,,2023-03-31,189167000.0,USD,2023.0,Q1,10-Q,CY2023Q1I
ACVA,accounts_receivable,AccountsReceivableNetCurrent,INSTANT,,2023-06-30,144036000.0,USD,2023.0,Q2,10-Q,CY2023Q2I
ACVA,accounts_receivable,AccountsReceivableNetCurrent,INSTANT,,2023-09-30,168796000.0,USD,2023.0,Q3,10-Q,CY2023Q3I
ACVA,accounts_receivable,AccountsReceivableNetCurrent,INSTANT,,2023-12-31,164009000.0,USD,2024.0,FY,10-K,CY2023Q4I
ACVA,accounts_receivable,AccountsReceivableNetCurrent,INSTANT,,2024-03-31,219305000.0,USD,2024.0,Q1,10-Q,CY2024Q1I
ACVA,accounts_receivable,AccountsReceivableNetCurrent,INSTANT,,2024-06-30,208560000.0,USD,2024.0,Q2,10-Q,CY2024Q2I
ACVA,accounts_receivable,AccountsReceivableNetCurrent,INSTANT,,2024-09-30,203728000.0,USD,2024.0,Q3,10-Q,CY2024Q3I
ACVA,accounts_receivable,AccountsReceivableNetCurrent,INSTANT,,2024-12-31,168770000.0,USD,2025.0,FY,10-K,CY2024Q4I
ACVA,accounts_receivable,AccountsReceivableNetCurrent,INSTANT,,2025-03-31,243645000.0,USD,2025.0,Q1,10-Q,CY2025Q1I
ACVA,accounts_receivable,AccountsReceivableNetCurrent,INSTANT,,2025-06-30,209880000.0,USD,2025.0,Q2,10-Q,CY2025Q2I
ACVA,accounts_receivable,AccountsReceivableNetCurrent,INSTANT,,2025-09-30,218949000.0,USD,2025.0,Q3,10-Q,CY2025Q3I
ACVA,accounts_receivable,AccountsReceivableNetCurrent,INSTANT,,2025-12-31,197225000.0,USD,2026.0,Q2,10-Q,CY2025Q4I
ACVA,accounts_receivable,AccountsReceivableNetCurrent,INSTANT,,2026-03-31,268867000.0,USD,2026.0,Q1,10-Q,CY2026Q1I
ACVA,accounts_receivable,AccountsReceivableNetCurrent,INSTANT,,2026-06-30,216092000.0,USD,2026.0,Q2,10-Q,CY2026Q2I
ACVA,cash,CashAndCashEquivalentsAtCarryingValue,INSTANT,,2018-12-31,117890000.0,USD,2021.0,FY,10-K,CY2018Q4I
ACVA,cash,CashAndCashEquivalentsAtCarryingValue,INSTANT,,2019-12-31,182275000.0,USD,2021.0,FY,10-K,CY2019Q4I
ACVA,cash,CashAndCashEquivalentsAtCarryingValue,INSTANT,,2020-03-31,148784000.0,USD,2021.0,Q1,10-Q,CY2020Q1I
ACVA,cash,CashAndCashEquivalentsAtCarryingValue,INSTANT,,2020-06-30,166847000.0,USD,2021.0,Q2,10-Q,CY2020Q2I
ACVA,cash,CashAndCashEquivalentsAtCarryingValue,INSTANT,,2020-09-30,246389000.0,USD,2021.0,Q3,10-Q,CY2020Q3I
ACVA,cash,CashAndCashEquivalentsAtCarryingValue,INSTANT,,2020-12-31,233725000.0,USD,2021.0,FY,10-K,CY2020Q4I
ACVA,cash,CashAndCashEquivalentsAtCarryingValue,INSTANT,,2021-03-31,659688000.0,USD,2021.0,Q1,10-Q,CY2021Q1I
ACVA,cash,CashAndCashEquivalentsAtCarryingValue,INSTANT,,2021-06-30,664324000.0,USD,2021.0,Q2,10-Q,CY2021Q2I
ACVA,cash,CashAndCashEquivalentsAtCarryingValue,INSTANT,,2021-09-30,601651000.0,USD,2021.0,Q3,10-Q,CY2021Q3I
ACVA,cash,CashAndCashEquivalentsAtCarryingValue,INSTANT,,2021-12-31,565994000.0,USD,2022.0,FY,10-K,CY2021Q4I
ACVA,cash,CashAndCashEquivalentsAtCarryingValue,INSTANT,,2022-03-31,543249000.0,USD,2022.0,Q1,10-Q,CY2022Q1I
ACVA,cash,CashAndCashEquivalentsAtCarryingValue,INSTANT,,2022-06-30,303942000.0,USD,2022.0,Q2,10-Q,CY2022Q2I
ACVA,cash,CashAndCashEquivalentsAtCarryingValue,INSTANT,,2022-09-30,294775000.0,USD,2022.0,Q3,10-Q,CY2022Q3I
ACVA,cash,CashAndCashEquivalentsAtCarryingValue,INSTANT,,2022-12-31,280752000.0,USD,2023.0,FY,10-K,CY2022Q4I
ACVA,cash,CashAndCashEquivalentsAtCarryingValue,INSTANT,,2023-03-31,317149000.0,USD,2023.0,Q1,10-Q,CY2023Q1I
ACVA,cash,CashAndCashEquivalentsAtCarryingValue,INSTANT,,2023-06-30,271947000.0,USD,2023.0,Q2,10-Q,CY2023Q2I
ACVA,cash,CashAndCashEquivalentsAtCarryingValue,INSTANT,,2023-09-30,226236000.0,USD,2023.0,Q3,10-Q,CY2023Q3I
ACVA,cash,CashAndCashEquivalentsAtCarryingValue,INSTANT,,2023-12-31,182571000.0,USD,2024.0,FY,10-K,CY2023Q4I
ACVA,cash,CashAndCashEquivalentsAtCarryingValue,INSTANT,,2024-03-31,209845000.0,USD,2024.0,Q1,10-Q,CY2024Q1I
ACVA,cash,CashAndCashEquivalentsAtCarryingValue,INSTANT,,2024-06-30,214972000.0,USD,2024.0,Q2,10-Q,CY2024Q2I
ACVA,cash,CashAndCashEquivalentsAtCarryingValue,INSTANT,,2024-09-30,252524000.0,USD,2024.0,Q3,10-Q,CY2024Q3I
ACVA,cash,CashAndCashEquivalentsAtCarryingValue,INSTANT,,2024-12-31,224065000.0,USD,2025.0,FY,10-K,CY2024Q4I
ACVA,cash,CashAndCashEquivalentsAtCarryingValue,INSTANT,,2025-03-31,291885000.0,USD,2025.0,Q1,10-Q,CY2025Q1I
ACVA,cash,CashAndCashEquivalentsAtCarryingValue,INSTANT,,2025-06-30,258365000.0,USD,2025.0,Q2,10-Q,CY2025Q2I
ACVA,cash,CashAndCashEquivalentsAtCarryingValue,INSTANT,,2025-09-30,265343000.0,USD,2025.0,Q3,10-Q,CY2025Q3I
ACVA,cash,CashAndCashEquivalentsAtCarryingValue,INSTANT,,2025-12-31,271497000.0,USD,2026.0,Q2,10-Q,CY2025Q4I
ACVA,cash,CashAndCashEquivalentsAtCarryingValue,INSTANT,,2026-03-31,340970000.0,USD,2026.0,Q1,10-Q,CY2026Q1I
ACVA,cash,CashAndCashEquivalentsAtCarryingValue,INSTANT,,2026-06-30,242259000.0,USD,2026.0,Q2,10-Q,CY2026Q2I
ACVA,equity,StockholdersEquity,INSTANT,,2018-12-31,-41165000.0,USD,2021.0,FY,10-K,CY2018Q4I
ACVA,equity,StockholdersEquity,INSTANT,,2019-12-31,-106142000.0,USD,2022.0,FY,10-K,CY2019Q4I
ACVA,equity,StockholdersEquity,INSTANT,,2020-03-31,-131488000.0,USD,2021.0,Q2,10-Q,CY2020Q1I
ACVA,equity,StockholdersEquity,INSTANT,,2020-06-30,-134755000.0,USD,2021.0,Q3,10-Q,CY2020Q2I
ACVA,equity,StockholdersEquity,INSTANT,,2020-09-30,-130434000.0,USD,2021.0,Q3,10-Q,CY2020Q3I
ACVA,equity,StockholdersEquity,INSTANT,,2020-12-31,-139692000.0,USD,2023.0,FY,10-K,CY2020Q4I
ACVA,equity,StockholdersEquity,INSTANT,,2021-03-31,597749000.0,USD,2022.0,Q2,10-Q,CY2021Q1I
ACVA,equity,StockholdersEquity,INSTANT,,2021-06-30,592002000.0,USD,2022.0,Q3,10-Q,CY2021Q2I
ACVA,equity,StockholdersEquity,INSTANT,,2021-09-30,576051000.0,USD,2022.0,Q3,10-Q,CY2021Q3I
ACVA,equity,StockholdersEquity,INSTANT,,2021-12-31,556097000.0,USD,2024.0,FY,10-K,CY2021Q4I
ACVA,equity,StockholdersEquity,INSTANT,,2022-03-31,533622000.0,USD,2023.0,Q2,10-Q,CY2022Q1I
ACVA,equity,StockholdersEquity,INSTANT,,2022-06-30,515665000.0,USD,2023.0,Q3,10-Q,CY2022Q2I
ACVA,equity,StockholdersEquity,INSTANT,,2022-09-30,498738000.0,USD,2023.0,Q3,10-Q,CY2022Q3I
ACVA,equity,StockholdersEquity,INSTANT,,2022-12-31,485724000.0,USD,2025.0,FY,10-K,CY2022Q4I
ACVA,equity,StockholdersEquity,INSTANT,,2023-03-31,480906000.0,USD,2024.0,Q2,10-Q,CY2023Q1I
ACVA,equity,StockholdersEquity,INSTANT,,2023-06-30,476169000.0,USD,2024.0,Q3,10-Q,CY2023Q2I
ACVA,equity,StockholdersEquity,INSTANT,,2023-09-30,467098000.0,USD,2024.0,Q3,10-Q,CY2023Q3I
ACVA,equity,StockholdersEquity,INSTANT,,2023-12-31,456528000.0,USD,2025.0,FY,10-K,CY2023Q4I
ACVA,equity,StockholdersEquity,INSTANT,,2024-03-31,458279000.0,USD,2025.0,Q2,10-Q,CY2024Q1I
ACVA,equity,StockholdersEquity,INSTANT,,2024-06-30,457617000.0,USD,2025.0,Q3,10-Q,CY2024Q2I
ACVA,equity,StockholdersEquity,INSTANT,,2024-09-30,456212000.0,USD,2025.0,Q3,10-Q,CY2024Q3I
ACVA,equity,StockholdersEquity,INSTANT,,2024-12-31,440004000.0,USD,2026.0,Q2,10-Q,CY2024Q4I
ACVA,equity,StockholdersEquity,INSTANT,,2025-03-31,439570000.0,USD,2026.0,Q2,10-Q,CY2025Q1I
ACVA,equity,StockholdersEquity,INSTANT,,2025-06-30,448783000.0,USD,2026.0,Q2,10-Q,CY2025Q2I
ACVA,equity,StockholdersEquity,INSTANT,,2025-09-30,434450000.0,USD,2025.0,Q3,10-Q,CY2025Q3I
ACVA,equity,StockholdersEquity,INSTANT,,2025-12-31,429683000.0,USD,2026.0,Q2,10-Q,CY2025Q4I
ACVA,equity,StockholdersEquity,INSTANT,,2026-03-31,430924000.0,USD,2026.0,Q2,10-Q,CY2026Q1I
ACVA,equity,StockholdersEquity,INSTANT,,2026-06-30,389891000.0,USD,2026.0,Q2,10-Q,CY2026Q2I
ACVA,goodwill,Goodwill,INSTANT,,2019-12-31,16070000.0,USD,2021.0,FY,10-K,CY2019Q4I
ACVA,goodwill,Goodwill,INSTANT,,2020-12-31,21820000.0,USD,2022.0,FY,10-K,CY2020Q4I
ACVA,goodwill,Goodwill,INSTANT,,2021-03-31,21820000.0,USD,2021.0,Q1,10-Q,CY2021Q1I
ACVA,goodwill,Goodwill,INSTANT,,2021-06-30,21820000.0,USD,2021.0,Q2,10-Q,CY2021Q2I
ACVA,goodwill,Goodwill,INSTANT,,2021-09-30,69938000.0,USD,2021.0,Q3,10-Q,CY2021Q3I
ACVA,goodwill,Goodwill,INSTANT,,2021-12-31,78839000.0,USD,2023.0,FY,10-K,CY2021Q4I
ACVA,goodwill,Goodwill,INSTANT,,2022-03-31,97388000.0,USD,2022.0,Q1,10-Q,CY2022Q1I
ACVA,goodwill,Goodwill,INSTANT,,2022-06-30,90681000.0,USD,2022.0,Q2,10-Q,CY2022Q2I
ACVA,goodwill,Goodwill,INSTANT,,2022-09-30,89893000.0,USD,2022.0,Q3,10-Q,CY2022Q3I
ACVA,goodwill,Goodwill,INSTANT,,2022-12-31,91755000.0,USD,2024.0,FY,10-K,CY2022Q4I
ACVA,goodwill,Goodwill,INSTANT,,2023-03-31,91995000.0,USD,2023.0,Q1,10-Q,CY2023Q1I
ACVA,goodwill,Goodwill,INSTANT,,2023-06-30,96847000.0,USD,2023.0,Q2,10-Q,CY2023Q2I
ACVA,goodwill,Goodwill,INSTANT,,2023-09-30,117830000.0,USD,2023.0,Q3,10-Q,CY2023Q3I
ACVA,goodwill,Goodwill,INSTANT,,2023-12-31,103379000.0,USD,2025.0,FY,10-K,CY2023Q4I
ACVA,goodwill,Goodwill,INSTANT,,2024-03-31,169305000.0,USD,2024.0,Q1,10-Q,CY2024Q1I
ACVA,goodwill,Goodwill,INSTANT,,2024-06-30,175883000.0,USD,2024.0,Q2,10-Q,CY2024Q2I
ACVA,goodwill,Goodwill,INSTANT,,2024-09-30,177899000.0,USD,2024.0,Q3,10-Q,CY2024Q3I
ACVA,goodwill,Goodwill,INSTANT,,2024-12-31,180478000.0,USD,2025.0,FY,10-K,CY2024Q4I
ACVA,goodwill,Goodwill,INSTANT,,2025-03-31,181431000.0,USD,2025.0,Q1,10-Q,CY2025Q1I
ACVA,goodwill,Goodwill,INSTANT,,2025-06-30,183676000.0,USD,2025.0,Q2,10-Q,CY2025Q2I
ACVA,goodwill,Goodwill,INSTANT,,2025-09-30,183748000.0,USD,2025.0,Q3,10-Q,CY2025Q3I
ACVA,goodwill,Goodwill,INSTANT,,2025-12-31,183725000.0,USD,2026.0,Q2,10-Q,CY2025Q4I
ACVA,goodwill,Goodwill,INSTANT,,2026-03-31,183052000.0,USD,2026.0,Q1,10-Q,CY2026Q1I
ACVA,goodwill,Goodwill,INSTANT,,2026-06-30,182875000.0,USD,2026.0,Q2,10-Q,CY2026Q2I
ACVA,ppe_net,PropertyPlantAndEquipmentNet,INSTANT,,2020-12-31,4912000.0,USD,2021.0,FY,10-K,CY2020Q4I
ACVA,ppe_net,PropertyPlantAndEquipmentNet,INSTANT,,2021-03-31,5499000.0,USD,2021.0,Q1,10-Q,CY2021Q1I
ACVA,ppe_net,PropertyPlantAndEquipmentNet,INSTANT,,2021-06-30,5328000.0,USD,2021.0,Q2,10-Q,CY2021Q2I
ACVA,ppe_net,PropertyPlantAndEquipmentNet,INSTANT,,2021-09-30,5162000.0,USD,2021.0,Q3,10-Q,CY2021Q3I
ACVA,ppe_net,PropertyPlantAndEquipmentNet,INSTANT,,2021-12-31,4916000.0,USD,2022.0,FY,10-K,CY2021Q4I
ACVA,ppe_net,PropertyPlantAndEquipmentNet,INSTANT,,2022-03-31,5579000.0,USD,2022.0,Q1,10-Q,CY2022Q1I
ACVA,ppe_net,PropertyPlantAndEquipmentNet,INSTANT,,2022-06-30,5620000.0,USD,2022.0,Q2,10-Q,CY2022Q2I
ACVA,ppe_net,PropertyPlantAndEquipmentNet,INSTANT,,2022-09-30,5784000.0,USD,2022.0,Q3,10-Q,CY2022Q3I
ACVA,ppe_net,PropertyPlantAndEquipmentNet,INSTANT,,2022-12-31,5710000.0,USD,2023.0,FY,10-K,CY2022Q4I
ACVA,ppe_net,PropertyPlantAndEquipmentNet,INSTANT,,2023-03-31,5558000.0,USD,2023.0,Q1,10-Q,CY2023Q1I
ACVA,ppe_net,PropertyPlantAndEquipmentNet,INSTANT,,2023-06-30,5518000.0,USD,2023.0,Q2,10-Q,CY2023Q2I
ACVA,ppe_net,PropertyPlantAndEquipmentNet,INSTANT,,2023-09-30,5167000.0,USD,2023.0,Q3,10-Q,CY2023Q3I
ACVA,ppe_net,PropertyPlantAndEquipmentNet,INSTANT,,2023-12-31,4918000.0,USD,2024.0,FY,10-K,CY2023Q4I
ACVA,ppe_net,PropertyPlantAndEquipmentNet,INSTANT,,2024-03-31,7903000.0,USD,2024.0,Q1,10-Q,CY2024Q1I
ACVA,ppe_net,PropertyPlantAndEquipmentNet,INSTANT,,2024-06-30,7491000.0,USD,2024.0,Q2,10-Q,CY2024Q2I
ACVA,ppe_net,PropertyPlantAndEquipmentNet,INSTANT,,2024-09-30,7932000.0,USD,2024.0,Q3,10-Q,CY2024Q3I
ACVA,ppe_net,PropertyPlantAndEquipmentNet,INSTANT,,2024-12-31,7625000.0,USD,2025.0,FY,10-K,CY2024Q4I
ACVA,ppe_net,PropertyPlantAndEquipmentNet,INSTANT,,2025-03-31,8468000.0,USD,2025.0,Q1,10-Q,CY2025Q1I
ACVA,ppe_net,PropertyPlantAndEquipmentNet,INSTANT,,2025-06-30,10135000.0,USD,2025.0,Q2,10-Q,CY2025Q2I
ACVA,ppe_net,PropertyPlantAndEquipmentNet,INSTANT,,2025-09-30,11739000.0,USD,2025.0,Q3,10-Q,CY2025Q3I
ACVA,ppe_net,PropertyPlantAndEquipmentNet,INSTANT,,2025-12-31,12852000.0,USD,2026.0,Q2,10-Q,CY2025Q4I
ACVA,ppe_net,PropertyPlantAndEquipmentNet,INSTANT,,2026-03-31,13654000.0,USD,2026.0,Q1,10-Q,CY2026Q1I
ACVA,ppe_net,PropertyPlantAndEquipmentNet,INSTANT,,2026-06-30,14358000.0,USD,2026.0,Q2,10-Q,CY2026Q2I
ACVA,total_assets,Assets,INSTANT,,2020-12-31,404550000.0,USD,2021.0,FY,10-K,CY2020Q4I
ACVA,total_assets,Assets,INSTANT,,2021-03-31,927849000.0,USD,2021.0,Q1,10-Q,CY2021Q1I
ACVA,total_assets,Assets,INSTANT,,2021-06-30,988953000.0,USD,2021.0,Q2,10-Q,CY2021Q2I
ACVA,total_assets,Assets,INSTANT,,2021-09-30,980260000.0,USD,2021.0,Q3,10-Q,CY2021Q3I
ACVA,total_assets,Assets,INSTANT,,2021-12-31,982960000.0,USD,2022.0,FY,10-K,CY2021Q4I
ACVA,total_assets,Assets,INSTANT,,2022-03-31,1019344000.0,USD,2022.0,Q1,10-Q,CY2022Q1I
ACVA,total_assets,Assets,INSTANT,,2022-06-30,977453000.0,USD,2022.0,Q2,10-Q,CY2022Q2I
ACVA,total_assets,Assets,INSTANT,,2022-09-30,899874000.0,USD,2022.0,Q3,10-Q,CY2022Q3I
ACVA,total_assets,Assets,INSTANT,,2022-12-31,914922000.0,USD,2023.0,FY,10-K,CY2022Q4I
ACVA,total_assets,Assets,INSTANT,,2023-03-31,995147000.0,USD,2023.0,Q1,10-Q,CY2023Q1I
ACVA,total_assets,Assets,INSTANT,,2023-06-30,936417000.0,USD,2023.0,Q2,10-Q,CY2023Q2I
ACVA,total_assets,Assets,INSTANT,,2023-09-30,959084000.0,USD,2023.0,Q3,10-Q,CY2023Q3I
ACVA,total_assets,Assets,INSTANT,,2023-12-31,922924000.0,USD,2024.0,FY,10-K,CY2023Q4I
ACVA,total_assets,Assets,INSTANT,,2024-03-31,1044652000.0,USD,2024.0,Q1,10-Q,CY2024Q1I
ACVA,total_assets,Assets,INSTANT,,2024-06-30,1010847000.0,USD,2024.0,Q2,10-Q,CY2024Q2I
ACVA,total_assets,Assets,INSTANT,,2024-09-30,1034353000.0,USD,2024.0,Q3,10-Q,CY2024Q3I
ACVA,total_assets,Assets,INSTANT,,2024-12-31,984149000.0,USD,2025.0,FY,10-K,CY2024Q4I
ACVA,total_assets,Assets,INSTANT,,2025-03-31,1152339000.0,USD,2025.0,Q1,10-Q,CY2025Q1I
ACVA,total_assets,Assets,INSTANT,,2025-06-30,1138273000.0,USD,2025.0,Q2,10-Q,CY2025Q2I
ACVA,total_assets,Assets,INSTANT,,2025-09-30,1166496000.0,USD,2025.0,Q3,10-Q,CY2025Q3I
ACVA,total_assets,Assets,INSTANT,,2025-12-31,1085611000.0,USD,2026.0,Q2,10-Q,CY2025Q4I
ACVA,total_assets,Assets,INSTANT,,2026-03-31,1235381000.0,USD,2026.0,Q1,10-Q,CY2026Q1I
ACVA,total_assets,Assets,INSTANT,,2026-06-30,1079359000.0,USD,2026.0,Q2,10-Q,CY2026Q2I
ACVA,total_liabilities,Liabilities,INSTANT,,2020-12-31,177910000.0,USD,2021.0,FY,10-K,CY2020Q4I
ACVA,total_liabilities,Liabilities,INSTANT,,2021-03-31,330100000.0,USD,2021.0,Q1,10-Q,CY2021Q1I
ACVA,total_liabilities,Liabilities,INSTANT,,2021-06-30,396951000.0,USD,2021.0,Q2,10-Q,CY2021Q2I
ACVA,total_liabilities,Liabilities,INSTANT,,2021-09-30,404209000.0,USD,2021.0,Q3,10-Q,CY2021Q3I
ACVA,total_liabilities,Liabilities,INSTANT,,2021-12-31,426863000.0,USD,2022.0,FY,10-K,CY2021Q4I
ACVA,total_liabilities,Liabilities,INSTANT,,2022-03-31,485722000.0,USD,2022.0,Q1,10-Q,CY2022Q1I
ACVA,total_liabilities,Liabilities,INSTANT,,2022-06-30,461788000.0,USD,2022.0,Q2,10-Q,CY2022Q2I
ACVA,total_liabilities,Liabilities,INSTANT,,2022-09-30,401136000.0,USD,2022.0,Q3,10-Q,CY2022Q3I
ACVA,total_liabilities,Liabilities,INSTANT,,2022-12-31,429198000.0,USD,2023.0,FY,10-K,CY2022Q4I
ACVA,total_liabilities,Liabilities,INSTANT,,2023-03-31,514241000.0,USD,2023.0,Q1,10-Q,CY2023Q1I
ACVA,total_liabilities,Liabilities,INSTANT,,2023-06-30,460248000.0,USD,2023.0,Q2,10-Q,CY2023Q2I
ACVA,total_liabilities,Liabilities,INSTANT,,2023-09-30,491986000.0,USD,2023.0,Q3,10-Q,CY2023Q3I
ACVA,total_liabilities,Liabilities,INSTANT,,2023-12-31,466396000.0,USD,2024.0,FY,10-K,CY2023Q4I
ACVA,total_liabilities,Liabilities,INSTANT,,2024-03-31,586373000.0,USD,2024.0,Q1,10-Q,CY2024Q1I
ACVA,total_liabilities,Liabilities,INSTANT,,2024-06-30,553230000.0,USD,2024.0,Q2,10-Q,CY2024Q2I
ACVA,total_liabilities,Liabilities,INSTANT,,2024-09-30,578141000.0,USD,2024.0,Q3,10-Q,CY2024Q3I
ACVA,total_liabilities,Liabilities,INSTANT,,2024-12-31,544145000.0,USD,2025.0,FY,10-K,CY2024Q4I
ACVA,total_liabilities,Liabilities,INSTANT,,2025-03-31,712769000.0,USD,2025.0,Q1,10-Q,CY2025Q1I
ACVA,total_liabilities,Liabilities,INSTANT,,2025-06-30,689490000.0,USD,2025.0,Q2,10-Q,CY2025Q2I
ACVA,total_liabilities,Liabilities,INSTANT,,2025-09-30,732046000.0,USD,2025.0,Q3,10-Q,CY2025Q3I
ACVA,total_liabilities,Liabilities,INSTANT,,2025-12-31,655928000.0,USD,2026.0,Q2,10-Q,CY2025Q4I
ACVA,total_liabilities,Liabilities,INSTANT,,2026-03-31,804457000.0,USD,2026.0,Q1,10-Q,CY2026Q1I
ACVA,total_liabilities,Liabilities,INSTANT,,2026-06-30,689468000.0,USD,2026.0,Q2,10-Q,CY2026Q2I
CPRT,accounts_receivable,AccountsReceivableNetCurrent,INSTANT,,2010-07-31,109061000.0,USD,2011.0,FY,10-K/A,CY2010Q2I
CPRT,accounts_receivable,AccountsReceivableNetCurrent,INSTANT,,2010-10-31,117032000.0,USD,2011.0,Q1,10-Q,CY2010Q3I
CPRT,accounts_receivable,AccountsReceivableNetCurrent,INSTANT,,2011-01-31,136972000.0,USD,2011.0,Q2,10-Q,CY2010Q4I
CPRT,accounts_receivable,AccountsReceivableNetCurrent,INSTANT,,2011-04-30,117534000.0,USD,2011.0,Q3,10-Q,CY2011Q1I
CPRT,accounts_receivable,AccountsReceivableNetCurrent,INSTANT,,2011-07-31,122859000.0,USD,2012.0,FY,10-K,CY2011Q2I
CPRT,accounts_receivable,AccountsReceivableNetCurrent,INSTANT,,2011-10-31,136284000.0,USD,2012.0,Q1,10-Q,CY2011Q3I
CPRT,accounts_receivable,AccountsReceivableNetCurrent,INSTANT,,2012-01-31,151903000.0,USD,2012.0,Q2,10-Q,CY2011Q4I
CPRT,accounts_receivable,AccountsReceivableNetCurrent,INSTANT,,2012-04-30,129335000.0,USD,2012.0,Q3,10-Q,CY2012Q1I
CPRT,accounts_receivable,AccountsReceivableNetCurrent,INSTANT,,2012-07-31,137900000.0,USD,2013.0,FY,10-K,CY2012Q2I
CPRT,accounts_receivable,AccountsReceivableNetCurrent,INSTANT,,2012-10-31,149554000.0,USD,2013.0,Q1,10-Q,CY2012Q3I
CPRT,accounts_receivable,AccountsReceivableNetCurrent,INSTANT,,2013-01-31,198805000.0,USD,2013.0,Q2,10-Q,CY2012Q4I
CPRT,accounts_receivable,AccountsReceivableNetCurrent,INSTANT,,2013-04-30,164155000.0,USD,2013.0,Q3,10-Q,CY2013Q1I
CPRT,accounts_receivable,AccountsReceivableNetCurrent,INSTANT,,2013-07-31,182714000.0,USD,2014.0,FY,10-K,CY2013Q2I
CPRT,accounts_receivable,AccountsReceivableNetCurrent,INSTANT,,2013-10-31,187615000.0,USD,2014.0,Q1,10-Q,CY2013Q3I
CPRT,accounts_receivable,AccountsReceivableNetCurrent,INSTANT,,2014-01-31,222104000.0,USD,2014.0,Q2,10-Q,CY2013Q4I
CPRT,accounts_receivable,AccountsReceivableNetCurrent,INSTANT,,2014-04-30,192610000.0,USD,2014.0,Q3,10-Q,CY2014Q1I
CPRT,accounts_receivable,AccountsReceivableNetCurrent,INSTANT,,2014-07-31,196985000.0,USD,2015.0,FY,10-K,CY2014Q2I
CPRT,accounts_receivable,AccountsReceivableNetCurrent,INSTANT,,2014-10-31,204810000.0,USD,2015.0,Q1,10-Q,CY2014Q3I
CPRT,accounts_receivable,AccountsReceivableNetCurrent,INSTANT,,2015-01-31,235477000.0,USD,2015.0,Q2,10-Q,CY2014Q4I
CPRT,accounts_receivable,AccountsReceivableNetCurrent,INSTANT,,2015-04-30,217003000.0,USD,2015.0,Q3,10-Q,CY2015Q1I
CPRT,accounts_receivable,AccountsReceivableNetCurrent,INSTANT,,2015-07-31,215696000.0,USD,2016.0,FY,10-K,CY2015Q2I
CPRT,accounts_receivable,AccountsReceivableNetCurrent,INSTANT,,2015-10-31,231403000.0,USD,2016.0,Q1,10-Q,CY2015Q3I
CPRT,accounts_receivable,AccountsReceivableNetCurrent,INSTANT,,2016-01-31,281227000.0,USD,2016.0,Q2,10-Q,CY2015Q4I
CPRT,accounts_receivable,AccountsReceivableNetCurrent,INSTANT,,2016-04-30,263292000.0,USD,2016.0,Q3,10-Q,CY2016Q1I
CPRT,accounts_receivable,AccountsReceivableNetCurrent,INSTANT,,2016-07-31,266270000.0,USD,2017.0,FY,10-K,CY2016Q2I
CPRT,accounts_receivable,AccountsReceivableNetCurrent,INSTANT,,2016-10-31,294358000.0,USD,2017.0,Q1,10-Q,CY2016Q3I
CPRT,accounts_receivable,AccountsReceivableNetCurrent,INSTANT,,2017-01-31,340438000.0,USD,2017.0,Q2,10-Q,CY2016Q4I
CPRT,accounts_receivable,AccountsReceivableNetCurrent,INSTANT,,2017-04-30,302071000.0,USD,2017.0,Q3,10-Q,CY2017Q1I
CPRT,accounts_receivable,AccountsReceivableNetCurrent,INSTANT,,2017-07-31,311846000.0,USD,2018.0,FY,10-K,CY2017Q2I
CPRT,accounts_receivable,AccountsReceivableNetCurrent,INSTANT,,2017-10-31,366641000.0,USD,2018.0,Q1,10-Q,CY2017Q3I
CPRT,accounts_receivable,AccountsReceivableNetCurrent,INSTANT,,2018-01-31,398972000.0,USD,2018.0,Q2,10-Q,CY2017Q4I
CPRT,accounts_receivable,AccountsReceivableNetCurrent,INSTANT,,2018-04-30,356125000.0,USD,2018.0,Q3,10-Q,CY2018Q1I
CPRT,accounts_receivable,AccountsReceivableNetCurrent,INSTANT,,2018-07-31,351601000.0,USD,2019.0,FY,10-K,CY2018Q2I
CPRT,accounts_receivable,AccountsReceivableNetCurrent,INSTANT,,2018-10-31,336004000.0,USD,2019.0,Q1,10-Q,CY2018Q3I
CPRT,accounts_receivable,AccountsReceivableNetCurrent,INSTANT,,2019-01-31,393561000.0,USD,2019.0,Q2,10-Q,CY2018Q4I
CPRT,accounts_receivable,AccountsReceivableNetCurrent,INSTANT,,2019-04-30,376564000.0,USD,2019.0,Q3,10-Q,CY2019Q1I
CPRT,accounts_receivable,AccountsReceivableNetCurrent,INSTANT,,2019-07-31,367265000.0,USD,2020.0,FY,10-K,CY2019Q2I
CPRT,accounts_receivable,AccountsReceivableNetCurrent,INSTANT,,2019-10-31,394309000.0,USD,2020.0,Q1,10-Q,CY2019Q3I
CPRT,accounts_receivable,AccountsReceivableNetCurrent,INSTANT,,2020-01-31,445963000.0,USD,2020.0,Q2,10-Q,CY2019Q4I
CPRT,accounts_receivable,AccountsReceivableNetCurrent,INSTANT,,2020-04-30,346244000.0,USD,2020.0,Q3,10-Q,CY2020Q1I
CPRT,accounts_receivable,AccountsReceivableNetCurrent,INSTANT,,2020-07-31,350207000.0,USD,2021.0,FY,10-K,CY2020Q2I
CPRT,accounts_receivable,AccountsReceivableNetCurrent,INSTANT,,2020-10-31,407897000.0,USD,2021.0,Q1,10-Q,CY2020Q3I
CPRT,accounts_receivable,AccountsReceivableNetCurrent,INSTANT,,2021-01-31,462405000.0,USD,2021.0,Q2,10-Q,CY2020Q4I
CPRT,accounts_receivable,AccountsReceivableNetCurrent,INSTANT,,2021-04-30,434873000.0,USD,2021.0,Q3,10-Q,CY2021Q1I
CPRT,accounts_receivable,AccountsReceivableNetCurrent,INSTANT,,2021-07-31,480628000.0,USD,2022.0,FY,10-K,CY2021Q2I
CPRT,accounts_receivable,AccountsReceivableNetCurrent,INSTANT,,2021-10-31,562637000.0,USD,2022.0,Q1,10-Q,CY2021Q3I
CPRT,accounts_receivable,AccountsReceivableNetCurrent,INSTANT,,2022-01-31,630629000.0,USD,2022.0,Q2,10-Q,CY2021Q4I
CPRT,accounts_receivable,AccountsReceivableNetCurrent,INSTANT,,2022-04-30,585914000.0,USD,2022.0,Q3,10-Q,CY2022Q1I
CPRT,accounts_receivable,AccountsReceivableNetCurrent,INSTANT,,2022-07-31,578573000.0,USD,2023.0,FY,10-K,CY2022Q2I
CPRT,accounts_receivable,AccountsReceivableNetCurrent,INSTANT,,2022-10-31,628964000.0,USD,2023.0,Q1,10-Q,CY2022Q3I
CPRT,accounts_receivable,AccountsReceivableNetCurrent,INSTANT,,2023-01-31,765192000.0,USD,2023.0,Q2,10-Q,CY2022Q4I
CPRT,accounts_receivable,AccountsReceivableNetCurrent,INSTANT,,2023-04-30,693834000.0,USD,2023.0,Q3,10-Q,CY2023Q1I
CPRT,accounts_receivable,AccountsReceivableNetCurrent,INSTANT,,2023-07-31,702038000.0,USD,2024.0,FY,10-K,CY2023Q2I
CPRT,accounts_receivable,AccountsReceivableNetCurrent,INSTANT,,2023-10-31,755635000.0,USD,2024.0,Q1,10-Q,CY2023Q3I
CPRT,accounts_receivable,AccountsReceivableNetCurrent,INSTANT,,2024-01-31,846357000.0,USD,2024.0,Q2,10-Q,CY2023Q4I
CPRT,accounts_receivable,AccountsReceivableNetCurrent,INSTANT,,2024-04-30,822650000.0,USD,2024.0,Q3,10-Q,CY2024Q1I
CPRT,accounts_receivable,AccountsReceivableNetCurrent,INSTANT,,2024-07-31,785877000.0,USD,2025.0,FY,10-K,CY2024Q2I
CPRT,accounts_receivable,AccountsReceivableNetCurrent,INSTANT,,2024-10-31,801840000.0,USD,2025.0,Q1,10-Q,CY2024Q3I
CPRT,accounts_receivable,AccountsReceivableNetCurrent,INSTANT,,2025-01-31,882745000.0,USD,2025.0,Q2,10-Q,CY2024Q4I
CPRT,accounts_receivable,AccountsReceivableNetCurrent,INSTANT,,2025-04-30,757843000.0,USD,2025.0,Q3,10-Q,CY2025Q1I
CPRT,accounts_receivable,AccountsReceivableNetCurrent,INSTANT,,2025-07-31,762811000.0,USD,2026.0,Q3,10-Q,CY2025Q2I
CPRT,accounts_receivable,AccountsReceivableNetCurrent,INSTANT,,2025-10-31,759687000.0,USD,2026.0,Q1,10-Q,CY2025Q3I
CPRT,accounts_receivable,AccountsReceivableNetCurrent,INSTANT,,2026-01-31,861630000.0,USD,2026.0,Q2,10-Q,CY2025Q4I
CPRT,accounts_receivable,AccountsReceivableNetCurrent,INSTANT,,2026-04-30,794472000.0,USD,2026.0,Q3,10-Q,CY2026Q1I
CPRT,cash,CashAndCashEquivalentsAtCarryingValue,INSTANT,,2009-07-31,162691000.0,USD,2012.0,FY,10-K,CY2009Q2I
CPRT,cash,CashAndCashEquivalentsAtCarryingValue,INSTANT,,2009-10-31,218279000.0,USD,2011.0,Q1,10-Q,CY2009Q3I
CPRT,cash,CashAndCashEquivalentsAtCarryingValue,INSTANT,,2010-01-31,189290000.0,USD,2011.0,Q2,10-Q,CY2009Q4I
CPRT,cash,CashAndCashEquivalentsAtCarryingValue,INSTANT,,2010-04-30,264252000.0,USD,2011.0,Q3,10-Q,CY2010Q1I
CPRT,cash,CashAndCashEquivalentsAtCarryingValue,INSTANT,,2010-07-31,268188000.0,USD,2013.0,FY,10-K,CY2010Q2I
CPRT,cash,CashAndCashEquivalentsAtCarryingValue,INSTANT,,2010-10-31,260470000.0,USD,2012.0,Q1,10-Q,CY2010Q3I
CPRT,cash,CashAndCashEquivalentsAtCarryingValue,INSTANT,,2011-01-31,203954000.0,USD,2012.0,Q2,10-Q,CY2010Q4I
CPRT,cash,CashAndCashEquivalentsAtCarryingValue,INSTANT,,2011-04-30,192148000.0,USD,2012.0,Q3,10-Q,CY2011Q1I
CPRT,cash,CashAndCashEquivalentsAtCarryingValue,INSTANT,,2011-07-31,74009000.0,USD,2014.0,FY,10-K,CY2011Q2I
CPRT,cash,CashAndCashEquivalentsAtCarryingValue,INSTANT,,2011-10-31,212677000.0,USD,2013.0,Q1,10-Q,CY2011Q3I
CPRT,cash,CashAndCashEquivalentsAtCarryingValue,INSTANT,,2012-01-31,127640000.0,USD,2013.0,Q2,10-Q,CY2011Q4I
CPRT,cash,CashAndCashEquivalentsAtCarryingValue,INSTANT,,2012-04-30,207134000.0,USD,2013.0,Q3,10-Q,CY2012Q1I
CPRT,cash,CashAndCashEquivalentsAtCarryingValue,INSTANT,,2012-07-31,140112000.0,USD,2015.0,FY,10-K,CY2012Q2I
CPRT,cash,CashAndCashEquivalentsAtCarryingValue,INSTANT,,2012-10-31,131430000.0,USD,2014.0,Q3,10-Q,CY2012Q3I
CPRT,cash,CashAndCashEquivalentsAtCarryingValue,INSTANT,,2013-01-31,49510000.0,USD,2014.0,Q3,10-Q,CY2012Q4I
CPRT,cash,CashAndCashEquivalentsAtCarryingValue,INSTANT,,2013-04-30,139331000.0,USD,2014.0,Q3,10-Q,CY2013Q1I
CPRT,cash,CashAndCashEquivalentsAtCarryingValue,INSTANT,,2013-07-31,63631000.0,USD,2016.0,FY,10-K,CY2013Q2I
CPRT,cash,CashAndCashEquivalentsAtCarryingValue,INSTANT,,2013-10-31,77052000.0,USD,2015.0,Q1,10-Q,CY2013Q3I
CPRT,cash,CashAndCashEquivalentsAtCarryingValue,INSTANT,,2014-01-31,46199000.0,USD,2015.0,Q2,10-Q,CY2013Q4I
CPRT,cash,CashAndCashEquivalentsAtCarryingValue,INSTANT,,2014-04-30,132832000.0,USD,2015.0,Q3,10-Q,CY2014Q1I
CPRT,cash,CashAndCashEquivalentsAtCarryingValue,INSTANT,,2014-07-31,158668000.0,USD,2017.0,FY,10-K,CY2014Q2I
CPRT,cash,CashAndCashEquivalentsAtCarryingValue,INSTANT,,2014-10-31,198484000.0,USD,2016.0,Q1,10-Q,CY2014Q3I
CPRT,cash,CashAndCashEquivalentsAtCarryingValue,INSTANT,,2015-01-31,590366000.0,USD,2016.0,Q2,10-Q,CY2014Q4I
CPRT,cash,CashAndCashEquivalentsAtCarryingValue,INSTANT,,2015-04-30,678742000.0,USD,2016.0,Q3,10-Q,CY2015Q1I
CPRT,cash,CashAndCashEquivalentsAtCarryingValue,INSTANT,,2015-07-31,456012000.0,USD,2018.0,FY,10-K,CY2015Q2I
CPRT,cash,CashAndCashEquivalentsAtCarryingValue,INSTANT,,2015-10-31,472916000.0,USD,2017.0,Q1,10-Q,CY2015Q3I
CPRT,cash,CashAndCashEquivalentsAtCarryingValue,INSTANT,,2016-01-31,141416000.0,USD,2017.0,Q2,10-Q,CY2015Q4I
CPRT,cash,CashAndCashEquivalentsAtCarryingValue,INSTANT,,2016-04-30,137653000.0,USD,2017.0,Q3,10-Q,CY2016Q1I
CPRT,cash,CashAndCashEquivalentsAtCarryingValue,INSTANT,,2016-07-31,155849000.0,USD,2019.0,FY,10-K,CY2016Q2I
CPRT,cash,CashAndCashEquivalentsAtCarryingValue,INSTANT,,2016-10-31,168421000.0,USD,2018.0,Q1,10-Q,CY2016Q3I
CPRT,cash,CashAndCashEquivalentsAtCarryingValue,INSTANT,,2017-01-31,174952000.0,USD,2018.0,Q2,10-Q,CY2016Q4I
CPRT,cash,CashAndCashEquivalentsAtCarryingValue,INSTANT,,2017-04-30,189621000.0,USD,2018.0,Q3,10-Q,CY2017Q1I
CPRT,cash,CashAndCashEquivalentsAtCarryingValue,INSTANT,,2017-07-31,210100000.0,USD,2019.0,FY,10-K,CY2017Q2I
CPRT,cash,CashAndCashEquivalentsAtCarryingValue,INSTANT,,2017-10-31,224246000.0,USD,2019.0,Q1,10-Q,CY2017Q3I
CPRT,cash,CashAndCashEquivalentsAtCarryingValue,INSTANT,,2018-01-31,204275000.0,USD,2019.0,Q3,10-Q,CY2017Q4I
CPRT,cash,CashAndCashEquivalentsAtCarryingValue,INSTANT,,2018-04-30,204275000.0,USD,2018.0,Q3,10-Q,CY2018Q1I
CPRT,cash,CashAndCashEquivalentsAtCarryingValue,INSTANT,,2018-07-31,274520000.0,USD,2020.0,Q3,10-Q,CY2018Q2I
CPRT,cash,CashAndCashEquivalentsAtCarryingValue,INSTANT,,2018-10-31,320309000.0,USD,2020.0,Q1,10-Q,CY2018Q3I
CPRT,cash,CashAndCashEquivalentsAtCarryingValue,INSTANT,,2019-01-31,108174000.0,USD,2020.0,Q2,10-Q,CY2018Q4I
CPRT,cash,CashAndCashEquivalentsAtCarryingValue,INSTANT,,2019-04-30,102826000.0,USD,2020.0,Q3,10-Q,CY2019Q1I
CPRT,cash,CashAndCashEquivalentsAtCarryingValue,INSTANT,,2019-07-31,186319000.0,USD,2021.0,Q3,10-Q,CY2019Q2I
CPRT,cash,CashAndCashEquivalentsAtCarryingValue,INSTANT,,2019-10-31,181102000.0,USD,2021.0,Q1,10-Q,CY2019Q3I
CPRT,cash,CashAndCashEquivalentsAtCarryingValue,INSTANT,,2020-01-31,93511000.0,USD,2021.0,Q2,10-Q,CY2019Q4I
CPRT,cash,CashAndCashEquivalentsAtCarryingValue,INSTANT,,2020-04-30,306387000.0,USD,2021.0,Q3,10-Q,CY2020Q1I
CPRT,cash,CashAndCashEquivalentsAtCarryingValue,INSTANT,,2020-07-31,477718000.0,USD,2021.0,Q3,10-Q,CY2020Q2I
CPRT,cash,CashAndCashEquivalentsAtCarryingValue,INSTANT,,2020-10-31,605732000.0,USD,2021.0,Q1,10-Q,CY2020Q3I
CPRT,cash,CashAndCashEquivalentsAtCarryingValue,INSTANT,,2021-01-31,616403000.0,USD,2021.0,Q2,10-Q,CY2020Q4I
CPRT,cash,CashAndCashEquivalentsAtCarryingValue,INSTANT,,2021-04-30,911890000.0,USD,2021.0,Q3,10-Q,CY2021Q1I
CPRT,cash,CashAndCashEquivalentsAtCarryingValue,INSTANT,,2021-07-31,1048260000.0,USD,2022.0,Q3,10-Q,CY2021Q2I
CPRT,cash,CashAndCashEquivalentsAtCarryingValue,INSTANT,,2021-10-31,1298373000.0,USD,2022.0,Q1,10-Q,CY2021Q3I
CPRT,cash,CashAndCashEquivalentsAtCarryingValue,INSTANT,,2022-01-31,971651000.0,USD,2022.0,Q2,10-Q,CY2021Q4I
CPRT,cash,CashAndCashEquivalentsAtCarryingValue,INSTANT,,2022-04-30,1454818000.0,USD,2022.0,Q3,10-Q,CY2022Q1I
CPRT,cash,CashAndCashEquivalentsAtCarryingValue,INSTANT,,2022-07-31,1384236000.0,USD,2023.0,Q3,10-Q,CY2022Q2I
CPRT,cash,CashAndCashEquivalentsAtCarryingValue,INSTANT,,2022-10-31,1539391000.0,USD,2023.0,Q1,10-Q,CY2022Q3I
CPRT,cash,CashAndCashEquivalentsAtCarryingValue,INSTANT,,2023-01-31,1660952000.0,USD,2023.0,Q2,10-Q,CY2022Q4I
CPRT,cash,CashAndCashEquivalentsAtCarryingValue,INSTANT,,2023-04-30,2114183000.0,USD,2023.0,Q3,10-Q,CY2023Q1I
CPRT,equity,StockholdersEquity,INSTANT,,2008-07-31,798996000.0,USD,2011.0,FY,10-K/A,CY2008Q2I
CPRT,equity,StockholdersEquity,INSTANT,,2009-07-31,921459000.0,USD,2012.0,FY,10-K,CY2009Q2I
CPRT,equity,StockholdersEquity,INSTANT,,2010-07-31,1087234000.0,USD,2013.0,FY,10-K,CY2010Q2I
CPRT,equity,StockholdersEquity,INSTANT,,2011-07-31,555172000.0,USD,2014.0,FY,10-K,CY2011Q2I
CPRT,equity,StockholdersEquity,INSTANT,,2011-10-31,554845000.0,USD,2012.0,Q1,10-Q,CY2011Q3I
CPRT,equity,StockholdersEquity,INSTANT,,2012-01-31,507372000.0,USD,2012.0,Q2,10-Q,CY2011Q4I
CPRT,equity,StockholdersEquity,INSTANT,,2012-04-30,578732000.0,USD,2012.0,Q3,10-Q,CY2012Q1I
CPRT,equity,StockholdersEquity,INSTANT,,2012-07-31,561117000.0,USD,2015.0,FY,10-K,CY2012Q2I
CPRT,equity,StockholdersEquity,INSTANT,,2012-10-31,608871000.0,USD,2013.0,Q1,10-Q,CY2012Q3I
CPRT,equity,StockholdersEquity,INSTANT,,2013-01-31,667503000.0,USD,2013.0,Q2,10-Q,CY2012Q4I
CPRT,equity,StockholdersEquity,INSTANT,,2013-04-30,724394000.0,USD,2013.0,Q3,10-Q,CY2013Q1I
CPRT,equity,StockholdersEquity,INSTANT,,2013-07-31,762401000.0,USD,2016.0,FY,10-K,CY2013Q2I
CPRT,equity,StockholdersEquity,INSTANT,,2013-10-31,822647000.0,USD,2014.0,Q1,10-Q,CY2013Q3I
CPRT,equity,StockholdersEquity,INSTANT,,2014-01-31,880724000.0,USD,2014.0,Q2,10-Q,CY2013Q4I
CPRT,equity,StockholdersEquity,INSTANT,,2014-04-30,939761000.0,USD,2014.0,Q3,10-Q,CY2014Q1I
CPRT,equity,StockholdersEquity,INSTANT,,2014-07-31,1003499000.0,USD,2016.0,FY,10-K,CY2014Q2I
CPRT,equity,StockholdersEquity,INSTANT,,2014-10-31,1037431000.0,USD,2015.0,Q1,10-Q,CY2014Q3I
CPRT,equity,StockholdersEquity,INSTANT,,2015-01-31,1073237000.0,USD,2015.0,Q2,10-Q,CY2014Q4I
CPRT,equity,StockholdersEquity,INSTANT,,2015-04-30,1135968000.0,USD,2015.0,Q3,10-Q,CY2015Q1I
CPRT,equity,StockholdersEquity,INSTANT,,2015-07-31,964464000.0,USD,2016.0,FY,10-K,CY2015Q2I
CPRT,equity,StockholdersEquity,INSTANT,,2015-10-31,1016545000.0,USD,2016.0,Q1,10-Q,CY2015Q3I
CPRT,equity,StockholdersEquity,INSTANT,,2016-01-31,731400000.0,USD,2016.0,Q2,10-Q,CY2015Q4I
CPRT,equity,StockholdersEquity,INSTANT,,2016-04-30,716527000.0,USD,2016.0,Q3,10-Q,CY2016Q1I
CPRT,equity,StockholdersEquity,INSTANT,,2016-07-31,774456000.0,USD,2017.0,Q3,10-Q,CY2016Q2I
CPRT,equity,StockholdersEquity,INSTANT,,2016-10-31,807407000.0,USD,2017.0,Q1,10-Q,CY2016Q3I
CPRT,equity,StockholdersEquity,INSTANT,,2017-01-31,895703000.0,USD,2017.0,Q2,10-Q,CY2016Q4I
CPRT,equity,StockholdersEquity,INSTANT,,2017-04-30,1006329000.0,USD,2017.0,Q3,10-Q,CY2017Q1I
CPRT,equity,StockholdersEquity,INSTANT,,2017-07-31,1098600000.0,USD,2018.0,Q3,10-Q,CY2017Q2I
CPRT,equity,StockholdersEquity,INSTANT,,2017-10-31,1188909000.0,USD,2018.0,Q1,10-Q,CY2017Q3I
CPRT,equity,StockholdersEquity,INSTANT,,2018-01-31,1331791000.0,USD,2018.0,Q2,10-Q,CY2017Q4I
CPRT,equity,StockholdersEquity,INSTANT,,2018-04-30,1460812000.0,USD,2018.0,Q3,10-Q,CY2018Q1I
CPRT,equity,StockholdersEquity,INSTANT,,2018-07-31,1581099000.0,USD,2020.0,Q3,10-Q,CY2018Q2I
CPRT,equity,StockholdersEquity,INSTANT,,2018-10-31,1671758000.0,USD,2020.0,Q3,10-Q,CY2018Q3I
CPRT,equity,StockholdersEquity,INSTANT,,2019-01-31,1459953000.0,USD,2020.0,Q3,10-Q,CY2018Q4I
CPRT,equity,StockholdersEquity,INSTANT,,2019-04-30,1618852000.0,USD,2020.0,Q3,10-Q,CY2019Q1I
CPRT,equity,StockholdersEquity,INSTANT,,2019-07-31,1778381000.0,USD,2022.0,FY,10-K,CY2019Q2I
CPRT,equity,StockholdersEquity,INSTANT,,2019-10-31,1926599000.0,USD,2021.0,Q3,10-Q,CY2019Q3I
CPRT,equity,StockholdersEquity,INSTANT,,2020-01-31,2124729000.0,USD,2021.0,Q3,10-Q,CY2019Q4I
CPRT,equity,StockholdersEquity,INSTANT,,2020-04-30,2281011000.0,USD,2021.0,Q3,10-Q,CY2020Q1I
CPRT,equity,StockholdersEquity,INSTANT,,2020-07-31,2489516000.0,USD,2023.0,FY,10-K,CY2020Q2I
CPRT,equity,StockholdersEquity,INSTANT,,2020-10-31,2710833000.0,USD,2022.0,Q3,10-Q,CY2020Q3I
CPRT,equity,StockholdersEquity,INSTANT,,2021-01-31,2942592000.0,USD,2022.0,Q3,10-Q,CY2020Q4I
CPRT,equity,StockholdersEquity,INSTANT,,2021-04-30,3249377000.0,USD,2022.0,Q3,10-Q,CY2021Q1I
CPRT,equity,StockholdersEquity,INSTANT,,2021-07-31,3529201000.0,USD,2023.0,FY,10-K,CY2021Q2I
CPRT,equity,StockholdersEquity,INSTANT,,2021-10-31,3793821000.0,USD,2023.0,Q3,10-Q,CY2021Q3I
CPRT,equity,StockholdersEquity,INSTANT,,2022-01-31,4089856000.0,USD,2023.0,Q3,10-Q,CY2021Q4I
CPRT,equity,StockholdersEquity,INSTANT,,2022-04-30,4353054000.0,USD,2023.0,Q3,10-Q,CY2022Q1I
CPRT,equity,StockholdersEquity,INSTANT,,2022-07-31,4625599000.0,USD,2023.0,FY,10-K,CY2022Q2I
CPRT,equity,StockholdersEquity,INSTANT,,2022-10-31,4852834000.0,USD,2023.0,Q3,10-Q,CY2022Q3I
CPRT,equity,StockholdersEquity,INSTANT,,2023-01-31,5213652000.0,USD,2023.0,Q3,10-Q,CY2022Q4I
CPRT,equity,StockholdersEquity,INSTANT,,2023-04-30,5592422000.0,USD,2023.0,Q3,10-Q,CY2023Q1I
CPRT,equity,StockholdersEquity,INSTANT,,2023-07-31,5987440000.0,USD,2023.0,FY,10-K,CY2023Q2I
CPRT,goodwill,Goodwill,INSTANT,,2009-07-31,166327000.0,USD,2011.0,FY,10-K/A,CY2009Q2I
CPRT,goodwill,Goodwill,INSTANT,,2010-07-31,175870000.0,USD,2012.0,FY,10-K,CY2010Q2I
CPRT,goodwill,Goodwill,INSTANT,,2010-10-31,178438000.0,USD,2011.0,Q1,10-Q,CY2010Q3I
CPRT,goodwill,Goodwill,INSTANT,,2011-01-31,177882000.0,USD,2011.0,Q2,10-Q,CY2010Q4I
CPRT,goodwill,Goodwill,INSTANT,,2011-04-30,200611000.0,USD,2011.0,Q3,10-Q,CY2011Q1I
CPRT,goodwill,Goodwill,INSTANT,,2011-07-31,198620000.0,USD,2013.0,FY,10-K,CY2011Q2I
CPRT,goodwill,Goodwill,INSTANT,,2011-10-31,197129000.0,USD,2012.0,Q1,10-Q,CY2011Q3I
CPRT,goodwill,Goodwill,INSTANT,,2012-01-31,194954000.0,USD,2012.0,Q2,10-Q,CY2011Q4I
CPRT,goodwill,Goodwill,INSTANT,,2012-04-30,197808000.0,USD,2012.0,Q3,10-Q,CY2012Q1I
CPRT,goodwill,Goodwill,INSTANT,,2012-07-31,196438000.0,USD,2014.0,FY,10-K,CY2012Q2I
CPRT,goodwill,Goodwill,INSTANT,,2012-10-31,198558000.0,USD,2013.0,Q1,10-Q,CY2012Q3I
CPRT,goodwill,Goodwill,INSTANT,,2013-01-31,210188000.0,USD,2013.0,Q2,10-Q,CY2012Q4I
CPRT,goodwill,Goodwill,INSTANT,,2013-04-30,208580000.0,USD,2013.0,Q3,10-Q,CY2013Q1I
CPRT,goodwill,Goodwill,INSTANT,,2013-07-31,267463000.0,USD,2015.0,FY,10-K,CY2013Q2I
CPRT,goodwill,Goodwill,INSTANT,,2013-10-31,281447000.0,USD,2014.0,Q1,10-Q,CY2013Q3I
CPRT,goodwill,Goodwill,INSTANT,,2014-01-31,291227000.0,USD,2014.0,Q2,10-Q,CY2013Q4I
CPRT,goodwill,Goodwill,INSTANT,,2014-04-30,288402000.0,USD,2014.0,Q3,10-Q,CY2014Q1I
CPRT,goodwill,Goodwill,INSTANT,,2014-07-31,283780000.0,USD,2016.0,FY,10-K,CY2014Q2I
CPRT,goodwill,Goodwill,INSTANT,,2014-10-31,276889000.0,USD,2015.0,Q1,10-Q,CY2014Q3I
CPRT,goodwill,Goodwill,INSTANT,,2015-01-31,270492000.0,USD,2015.0,Q2,10-Q,CY2014Q4I
CPRT,goodwill,Goodwill,INSTANT,,2015-04-30,271484000.0,USD,2015.0,Q3,10-Q,CY2015Q1I
CPRT,goodwill,Goodwill,INSTANT,,2015-07-31,271850000.0,USD,2017.0,FY,10-K,CY2015Q2I
CPRT,goodwill,Goodwill,INSTANT,,2015-10-31,270620000.0,USD,2016.0,Q1,10-Q,CY2015Q3I
CPRT,goodwill,Goodwill,INSTANT,,2016-01-31,264128000.0,USD,2016.0,Q2,10-Q,CY2015Q4I
CPRT,goodwill,Goodwill,INSTANT,,2016-04-30,267367000.0,USD,2016.0,Q3,10-Q,CY2016Q1I
CPRT,goodwill,Goodwill,INSTANT,,2016-07-31,260198000.0,USD,2018.0,FY,10-K,CY2016Q2I
CPRT,goodwill,Goodwill,INSTANT,,2016-10-31,255093000.0,USD,2017.0,Q1,10-Q,CY2016Q3I
CPRT,goodwill,Goodwill,INSTANT,,2017-01-31,256867000.0,USD,2017.0,Q2,10-Q,CY2016Q4I
CPRT,goodwill,Goodwill,INSTANT,,2017-04-30,258634000.0,USD,2017.0,Q3,10-Q,CY2017Q1I
CPRT,goodwill,Goodwill,INSTANT,,2017-07-31,340243000.0,USD,2019.0,FY,10-K,CY2017Q2I
CPRT,goodwill,Goodwill,INSTANT,,2017-10-31,339024000.0,USD,2018.0,Q1,10-Q,CY2017Q3I
CPRT,goodwill,Goodwill,INSTANT,,2018-01-31,344499000.0,USD,2018.0,Q2,10-Q,CY2017Q4I
CPRT,goodwill,Goodwill,INSTANT,,2018-04-30,342459000.0,USD,2018.0,Q3,10-Q,CY2018Q1I
CPRT,goodwill,Goodwill,INSTANT,,2018-07-31,337235000.0,USD,2020.0,FY,10-K,CY2018Q2I
CPRT,goodwill,Goodwill,INSTANT,,2018-10-31,335120000.0,USD,2019.0,Q1,10-Q,CY2018Q3I
CPRT,goodwill,Goodwill,INSTANT,,2019-01-31,338045000.0,USD,2019.0,Q2,10-Q,CY2018Q4I
CPRT,goodwill,Goodwill,INSTANT,,2019-04-30,337725000.0,USD,2019.0,Q3,10-Q,CY2019Q1I
CPRT,goodwill,Goodwill,INSTANT,,2019-07-31,333321000.0,USD,2021.0,FY,10-K,CY2019Q2I
CPRT,goodwill,Goodwill,INSTANT,,2019-10-31,337179000.0,USD,2020.0,Q1,10-Q,CY2019Q3I
CPRT,goodwill,Goodwill,INSTANT,,2020-01-31,338262000.0,USD,2020.0,Q2,10-Q,CY2019Q4I
CPRT,goodwill,Goodwill,INSTANT,,2020-04-30,338039000.0,USD,2020.0,Q3,10-Q,CY2020Q1I
CPRT,goodwill,Goodwill,INSTANT,,2020-07-31,343622000.0,USD,2022.0,FY,10-K,CY2020Q2I
CPRT,goodwill,Goodwill,INSTANT,,2020-10-31,342576000.0,USD,2021.0,Q1,10-Q,CY2020Q3I
CPRT,goodwill,Goodwill,INSTANT,,2021-01-31,346966000.0,USD,2021.0,Q2,10-Q,CY2020Q4I
CPRT,goodwill,Goodwill,INSTANT,,2021-04-30,347515000.0,USD,2021.0,Q3,10-Q,CY2021Q1I
CPRT,goodwill,Goodwill,INSTANT,,2021-07-31,355717000.0,USD,2023.0,FY,10-K,CY2021Q2I
CPRT,goodwill,Goodwill,INSTANT,,2021-10-31,354062000.0,USD,2022.0,Q1,10-Q,CY2021Q3I
CPRT,goodwill,Goodwill,INSTANT,,2022-01-31,352908000.0,USD,2022.0,Q2,10-Q,CY2021Q4I
CPRT,goodwill,Goodwill,INSTANT,,2022-04-30,348000000.0,USD,2022.0,Q3,10-Q,CY2022Q1I
CPRT,goodwill,Goodwill,INSTANT,,2022-07-31,401954000.0,USD,2024.0,FY,10-K,CY2022Q2I
CPRT,goodwill,Goodwill,INSTANT,,2022-10-31,394844000.0,USD,2023.0,Q1,10-Q,CY2022Q3I
CPRT,goodwill,Goodwill,INSTANT,,2023-01-31,404046000.0,USD,2023.0,Q2,10-Q,CY2022Q4I
CPRT,goodwill,Goodwill,INSTANT,,2023-04-30,406640000.0,USD,2023.0,Q3,10-Q,CY2023Q1I
CPRT,goodwill,Goodwill,INSTANT,,2023-07-31,394289000.0,USD,2025.0,FY,10-K,CY2023Q2I
CPRT,goodwill,Goodwill,INSTANT,,2023-10-31,500926000.0,USD,2024.0,Q1,10-Q,CY2023Q3I
CPRT,goodwill,Goodwill,INSTANT,,2024-01-31,510563000.0,USD,2024.0,Q2,10-Q,CY2023Q4I
CPRT,goodwill,Goodwill,INSTANT,,2024-04-30,511372000.0,USD,2024.0,Q3,10-Q,CY2024Q1I
CPRT,goodwill,Goodwill,INSTANT,,2024-07-31,513909000.0,USD,2025.0,FY,10-K,CY2024Q2I
CPRT,goodwill,Goodwill,INSTANT,,2024-10-31,514483000.0,USD,2025.0,Q1,10-Q,CY2024Q3I
CPRT,goodwill,Goodwill,INSTANT,,2025-01-31,509670000.0,USD,2025.0,Q2,10-Q,CY2024Q4I
CPRT,goodwill,Goodwill,INSTANT,,2025-04-30,518600000.0,USD,2025.0,Q3,10-Q,CY2025Q1I
CPRT,goodwill,Goodwill,INSTANT,,2025-07-31,517779000.0,USD,2026.0,Q3,10-Q,CY2025Q2I
CPRT,goodwill,Goodwill,INSTANT,,2025-10-31,518756000.0,USD,2026.0,Q1,10-Q,CY2025Q3I
CPRT,goodwill,Goodwill,INSTANT,,2026-01-31,523473000.0,USD,2026.0,Q2,10-Q,CY2025Q4I
CPRT,goodwill,Goodwill,INSTANT,,2026-04-30,522703000.0,USD,2026.0,Q3,10-Q,CY2026Q1I
CPRT,ppe_net,PropertyPlantAndEquipmentNet,INSTANT,,2010-07-31,573514000.0,USD,2011.0,FY,10-K/A,CY2010Q2I
CPRT,ppe_net,PropertyPlantAndEquipmentNet,INSTANT,,2010-10-31,574880000.0,USD,2011.0,Q1,10-Q,CY2010Q3I
CPRT,ppe_net,PropertyPlantAndEquipmentNet,INSTANT,,2011-01-31,575686000.0,USD,2011.0,Q2,10-Q,CY2010Q4I
CPRT,ppe_net,PropertyPlantAndEquipmentNet,INSTANT,,2011-04-30,598968000.0,USD,2011.0,Q3,10-Q,CY2011Q1I
CPRT,ppe_net,PropertyPlantAndEquipmentNet,INSTANT,,2011-07-31,600388000.0,USD,2012.0,FY,10-K,CY2011Q2I
CPRT,ppe_net,PropertyPlantAndEquipmentNet,INSTANT,,2011-10-31,594851000.0,USD,2012.0,Q1,10-Q,CY2011Q3I
CPRT,ppe_net,PropertyPlantAndEquipmentNet,INSTANT,,2012-01-31,568816000.0,USD,2012.0,Q2,10-Q,CY2011Q4I
CPRT,ppe_net,PropertyPlantAndEquipmentNet,INSTANT,,2012-04-30,574732000.0,USD,2012.0,Q3,10-Q,CY2012Q1I
CPRT,ppe_net,PropertyPlantAndEquipmentNet,INSTANT,,2012-07-31,587163000.0,USD,2013.0,FY,10-K,CY2012Q2I
CPRT,ppe_net,PropertyPlantAndEquipmentNet,INSTANT,,2012-10-31,625043000.0,USD,2013.0,Q1,10-Q,CY2012Q3I
CPRT,ppe_net,PropertyPlantAndEquipmentNet,INSTANT,,2013-01-31,657424000.0,USD,2013.0,Q2,10-Q,CY2012Q4I
CPRT,ppe_net,PropertyPlantAndEquipmentNet,INSTANT,,2013-04-30,676698000.0,USD,2013.0,Q3,10-Q,CY2013Q1I
CPRT,ppe_net,PropertyPlantAndEquipmentNet,INSTANT,,2013-07-31,677517000.0,USD,2014.0,FY,10-K,CY2013Q2I
CPRT,ppe_net,PropertyPlantAndEquipmentNet,INSTANT,,2013-10-31,692398000.0,USD,2014.0,Q1,10-Q,CY2013Q3I
CPRT,ppe_net,PropertyPlantAndEquipmentNet,INSTANT,,2014-01-31,707379000.0,USD,2014.0,Q2,10-Q,CY2013Q4I
CPRT,ppe_net,PropertyPlantAndEquipmentNet,INSTANT,,2014-04-30,685564000.0,USD,2014.0,Q3,10-Q,CY2014Q1I
CPRT,ppe_net,PropertyPlantAndEquipmentNet,INSTANT,,2014-07-31,692383000.0,USD,2015.0,FY,10-K,CY2014Q2I
CPRT,ppe_net,PropertyPlantAndEquipmentNet,INSTANT,,2014-10-31,691981000.0,USD,2015.0,Q1,10-Q,CY2014Q3I
CPRT,ppe_net,PropertyPlantAndEquipmentNet,INSTANT,,2015-01-31,688244000.0,USD,2015.0,Q2,10-Q,CY2014Q4I
CPRT,ppe_net,PropertyPlantAndEquipmentNet,INSTANT,,2015-04-30,683956000.0,USD,2015.0,Q3,10-Q,CY2015Q1I
CPRT,ppe_net,PropertyPlantAndEquipmentNet,INSTANT,,2015-07-31,700402000.0,USD,2016.0,FY,10-K,CY2015Q2I
CPRT,ppe_net,PropertyPlantAndEquipmentNet,INSTANT,,2015-10-31,705590000.0,USD,2016.0,Q1,10-Q,CY2015Q3I
CPRT,ppe_net,PropertyPlantAndEquipmentNet,INSTANT,,2016-01-31,744224000.0,USD,2016.0,Q2,10-Q,CY2015Q4I
CPRT,ppe_net,PropertyPlantAndEquipmentNet,INSTANT,,2016-04-30,806973000.0,USD,2016.0,Q3,10-Q,CY2016Q1I
CPRT,ppe_net,PropertyPlantAndEquipmentNet,INSTANT,,2016-07-31,816791000.0,USD,2017.0,FY,10-K,CY2016Q2I
CPRT,ppe_net,PropertyPlantAndEquipmentNet,INSTANT,,2016-10-31,840587000.0,USD,2017.0,Q1,10-Q,CY2016Q3I
CPRT,ppe_net,PropertyPlantAndEquipmentNet,INSTANT,,2017-01-31,882256000.0,USD,2017.0,Q2,10-Q,CY2016Q4I
CPRT,ppe_net,PropertyPlantAndEquipmentNet,INSTANT,,2017-04-30,913303000.0,USD,2017.0,Q3,10-Q,CY2017Q1I
CPRT,ppe_net,PropertyPlantAndEquipmentNet,INSTANT,,2017-07-31,944056000.0,USD,2018.0,FY,10-K,CY2017Q2I
CPRT,ppe_net,PropertyPlantAndEquipmentNet,INSTANT,,2017-10-31,959716000.0,USD,2018.0,Q1,10-Q,CY2017Q3I
CPRT,ppe_net,PropertyPlantAndEquipmentNet,INSTANT,,2018-01-31,1024564000.0,USD,2018.0,Q2,10-Q,CY2017Q4I
CPRT,ppe_net,PropertyPlantAndEquipmentNet,INSTANT,,2018-04-30,1087910000.0,USD,2018.0,Q3,10-Q,CY2018Q1I
CPRT,ppe_net,PropertyPlantAndEquipmentNet,INSTANT,,2018-07-31,1163425000.0,USD,2019.0,FY,10-K,CY2018Q2I
CPRT,ppe_net,PropertyPlantAndEquipmentNet,INSTANT,,2018-10-31,1188088000.0,USD,2019.0,Q1,10-Q,CY2018Q3I
CPRT,ppe_net,PropertyPlantAndEquipmentNet,INSTANT,,2019-01-31,1237117000.0,USD,2019.0,Q2,10-Q,CY2018Q4I
CPRT,ppe_net,PropertyPlantAndEquipmentNet,INSTANT,,2019-04-30,1340692000.0,USD,2019.0,Q3,10-Q,CY2019Q1I
CPRT,ppe_net,PropertyPlantAndEquipmentNet,INSTANT,,2019-07-31,1427726000.0,USD,2020.0,FY,10-K,CY2019Q2I
CPRT,ppe_net,PropertyPlantAndEquipmentNet,INSTANT,,2019-10-31,1545714000.0,USD,2020.0,Q1,10-Q,CY2019Q3I
CPRT,ppe_net,PropertyPlantAndEquipmentNet,INSTANT,,2020-01-31,1789326000.0,USD,2020.0,Q2,10-Q,CY2019Q4I
CPRT,ppe_net,PropertyPlantAndEquipmentNet,INSTANT,,2020-04-30,1838297000.0,USD,2020.0,Q3,10-Q,CY2020Q1I
CPRT,ppe_net,PropertyPlantAndEquipmentNet,INSTANT,,2020-07-31,1941719000.0,USD,2021.0,FY,10-K,CY2020Q2I
CPRT,ppe_net,PropertyPlantAndEquipmentNet,INSTANT,,2020-10-31,2072059000.0,USD,2021.0,Q1,10-Q,CY2020Q3I
CPRT,ppe_net,PropertyPlantAndEquipmentNet,INSTANT,,2021-01-31,2175346000.0,USD,2021.0,Q2,10-Q,CY2020Q4I
CPRT,ppe_net,PropertyPlantAndEquipmentNet,INSTANT,,2021-04-30,2227531000.0,USD,2021.0,Q3,10-Q,CY2021Q1I
CPRT,ppe_net,PropertyPlantAndEquipmentNet,INSTANT,,2021-07-31,2296624000.0,USD,2022.0,FY,10-K,CY2021Q2I
CPRT,ppe_net,PropertyPlantAndEquipmentNet,INSTANT,,2021-10-31,2318701000.0,USD,2022.0,Q1,10-Q,CY2021Q3I
CPRT,ppe_net,PropertyPlantAndEquipmentNet,INSTANT,,2022-01-31,2376013000.0,USD,2022.0,Q2,10-Q,CY2021Q4I
CPRT,ppe_net,PropertyPlantAndEquipmentNet,INSTANT,,2022-04-30,2402809000.0,USD,2022.0,Q3,10-Q,CY2022Q1I
CPRT,ppe_net,PropertyPlantAndEquipmentNet,INSTANT,,2022-07-31,2485764000.0,USD,2023.0,FY,10-K,CY2022Q2I
CPRT,ppe_net,PropertyPlantAndEquipmentNet,INSTANT,,2022-10-31,2582481000.0,USD,2023.0,Q1,10-Q,CY2022Q3I
CPRT,ppe_net,PropertyPlantAndEquipmentNet,INSTANT,,2023-01-31,2656273000.0,USD,2023.0,Q2,10-Q,CY2022Q4I
CPRT,ppe_net,PropertyPlantAndEquipmentNet,INSTANT,,2023-04-30,2710933000.0,USD,2023.0,Q3,10-Q,CY2023Q1I
CPRT,ppe_net,PropertyPlantAndEquipmentNet,INSTANT,,2023-07-31,2844339000.0,USD,2024.0,FY,10-K,CY2023Q2I
CPRT,ppe_net,PropertyPlantAndEquipmentNet,INSTANT,,2023-10-31,2943537000.0,USD,2024.0,Q1,10-Q,CY2023Q3I
CPRT,ppe_net,PropertyPlantAndEquipmentNet,INSTANT,,2024-01-31,3042711000.0,USD,2024.0,Q2,10-Q,CY2023Q4I
CPRT,ppe_net,PropertyPlantAndEquipmentNet,INSTANT,,2024-04-30,3073090000.0,USD,2024.0,Q3,10-Q,CY2024Q1I
CPRT,ppe_net,PropertyPlantAndEquipmentNet,INSTANT,,2024-07-31,3175838000.0,USD,2025.0,FY,10-K,CY2024Q2I
CPRT,ppe_net,PropertyPlantAndEquipmentNet,INSTANT,,2024-10-31,3363155000.0,USD,2025.0,Q1,10-Q,CY2024Q3I
CPRT,ppe_net,PropertyPlantAndEquipmentNet,INSTANT,,2025-01-31,3462768000.0,USD,2025.0,Q2,10-Q,CY2024Q4I
CPRT,ppe_net,PropertyPlantAndEquipmentNet,INSTANT,,2025-04-30,3569267000.0,USD,2025.0,Q3,10-Q,CY2025Q1I
CPRT,ppe_net,PropertyPlantAndEquipmentNet,INSTANT,,2025-07-31,3598093000.0,USD,2026.0,Q3,10-Q,CY2025Q2I
CPRT,ppe_net,PropertyPlantAndEquipmentNet,INSTANT,,2025-10-31,3650424000.0,USD,2026.0,Q1,10-Q,CY2025Q3I
CPRT,ppe_net,PropertyPlantAndEquipmentNet,INSTANT,,2026-01-31,3693890000.0,USD,2026.0,Q2,10-Q,CY2025Q4I
CPRT,ppe_net,PropertyPlantAndEquipmentNet,INSTANT,,2026-04-30,3715922000.0,USD,2026.0,Q3,10-Q,CY2026Q1I
CPRT,total_assets,Assets,INSTANT,,2010-07-31,1228812000.0,USD,2011.0,FY,10-K/A,CY2010Q2I
CPRT,total_assets,Assets,INSTANT,,2010-10-31,1210147000.0,USD,2011.0,Q1,10-Q,CY2010Q3I
CPRT,total_assets,Assets,INSTANT,,2011-01-31,1188411000.0,USD,2011.0,Q2,10-Q,CY2010Q4I
CPRT,total_assets,Assets,INSTANT,,2011-04-30,1191312000.0,USD,2011.0,Q3,10-Q,CY2011Q1I
CPRT,total_assets,Assets,INSTANT,,2011-07-31,1084436000.0,USD,2012.0,FY,10-K,CY2011Q2I
CPRT,total_assets,Assets,INSTANT,,2011-10-31,1225884000.0,USD,2012.0,Q1,10-Q,CY2011Q3I
CPRT,total_assets,Assets,INSTANT,,2012-01-31,1139658000.0,USD,2012.0,Q2,10-Q,CY2011Q4I
CPRT,total_assets,Assets,INSTANT,,2012-04-30,1204763000.0,USD,2012.0,Q3,10-Q,CY2012Q1I
CPRT,total_assets,Assets,INSTANT,,2012-07-31,1154000000.0,USD,2013.0,FY,10-K,CY2012Q2I
CPRT,total_assets,Assets,INSTANT,,2012-10-31,1214526000.0,USD,2013.0,Q1,10-Q,CY2012Q3I
CPRT,total_assets,Assets,INSTANT,,2013-01-31,1253946000.0,USD,2013.0,Q2,10-Q,CY2012Q4I
CPRT,total_assets,Assets,INSTANT,,2013-04-30,1298682000.0,USD,2013.0,Q3,10-Q,CY2013Q1I
CPRT,total_assets,Assets,INSTANT,,2013-07-31,1334481000.0,USD,2014.0,FY,10-K,CY2013Q2I
CPRT,total_assets,Assets,INSTANT,,2013-10-31,1397388000.0,USD,2014.0,Q1,10-Q,CY2013Q3I
CPRT,total_assets,Assets,INSTANT,,2014-01-31,1438493000.0,USD,2014.0,Q2,10-Q,CY2013Q4I
CPRT,total_assets,Assets,INSTANT,,2014-04-30,1476672000.0,USD,2014.0,Q3,10-Q,CY2014Q1I
CPRT,total_assets,Assets,INSTANT,,2014-07-31,1506121000.0,USD,2016.0,FY,10-K,CY2014Q2I
CPRT,total_assets,Assets,INSTANT,,2014-10-31,1536586000.0,USD,2015.0,Q1,10-Q,CY2014Q3I
CPRT,total_assets,Assets,INSTANT,,2015-01-31,1952071000.0,USD,2015.0,Q2,10-Q,CY2014Q4I
CPRT,total_assets,Assets,INSTANT,,2015-04-30,2002977000.0,USD,2015.0,Q3,10-Q,CY2015Q1I
CPRT,total_assets,Assets,INSTANT,,2015-07-31,1798660000.0,USD,2017.0,FY,10-K,CY2015Q2I
CPRT,total_assets,Assets,INSTANT,,2015-10-31,1855764000.0,USD,2016.0,Q1,10-Q,CY2015Q3I
CPRT,total_assets,Assets,INSTANT,,2016-01-31,1604364000.0,USD,2016.0,Q2,10-Q,CY2015Q4I
CPRT,total_assets,Assets,INSTANT,,2016-04-30,1624135000.0,USD,2016.0,Q3,10-Q,CY2016Q1I
CPRT,total_assets,Assets,INSTANT,,2016-07-31,1649820000.0,USD,2018.0,FY,10-K,CY2016Q2I
CPRT,total_assets,Assets,INSTANT,,2016-10-31,1770396000.0,USD,2017.0,Q1,10-Q,CY2016Q3I
CPRT,total_assets,Assets,INSTANT,,2017-01-31,1841241000.0,USD,2017.0,Q2,10-Q,CY2016Q4I
CPRT,total_assets,Assets,INSTANT,,2017-04-30,1811686000.0,USD,2017.0,Q3,10-Q,CY2017Q1I
CPRT,total_assets,Assets,INSTANT,,2017-07-31,1982501000.0,USD,2019.0,FY,10-K,CY2017Q2I
CPRT,total_assets,Assets,INSTANT,,2017-10-31,2062670000.0,USD,2018.0,Q1,10-Q,CY2017Q3I
CPRT,total_assets,Assets,INSTANT,,2018-01-31,2143541000.0,USD,2018.0,Q2,10-Q,CY2017Q4I
CPRT,total_assets,Assets,INSTANT,,2018-04-30,2165193000.0,USD,2018.0,Q3,10-Q,CY2018Q1I
CPRT,total_assets,Assets,INSTANT,,2018-07-31,2307698000.0,USD,2020.0,FY,10-K,CY2018Q2I
CPRT,total_assets,Assets,INSTANT,,2018-10-31,2381788000.0,USD,2019.0,Q1,10-Q,CY2018Q3I
CPRT,total_assets,Assets,INSTANT,,2019-01-31,2296905000.0,USD,2019.0,Q2,10-Q,CY2018Q4I
CPRT,total_assets,Assets,INSTANT,,2019-04-30,2391763000.0,USD,2019.0,Q3,10-Q,CY2019Q1I
CPRT,total_assets,Assets,INSTANT,,2019-07-31,2547617000.0,USD,2021.0,FY,10-K,CY2019Q2I
CPRT,total_assets,Assets,INSTANT,,2019-10-31,2855939000.0,USD,2020.0,Q1,10-Q,CY2019Q3I
CPRT,total_assets,Assets,INSTANT,,2020-01-31,3048605000.0,USD,2020.0,Q2,10-Q,CY2019Q4I
CPRT,total_assets,Assets,INSTANT,,2020-04-30,3161583000.0,USD,2020.0,Q3,10-Q,CY2020Q1I
CPRT,total_assets,Assets,INSTANT,,2020-07-31,3455261000.0,USD,2021.0,FY,10-K,CY2020Q2I
CPRT,total_assets,Assets,INSTANT,,2020-10-31,3741188000.0,USD,2021.0,Q1,10-Q,CY2020Q3I
CPRT,total_assets,Assets,INSTANT,,2021-01-31,3934438000.0,USD,2021.0,Q2,10-Q,CY2020Q4I
CPRT,total_assets,Assets,INSTANT,,2021-04-30,4281946000.0,USD,2021.0,Q3,10-Q,CY2021Q1I
CPRT,total_assets,Assets,INSTANT,,2021-07-31,4562143000.0,USD,2022.0,FY,10-K,CY2021Q2I
CPRT,total_assets,Assets,INSTANT,,2021-10-31,4918852000.0,USD,2022.0,Q1,10-Q,CY2021Q3I
CPRT,total_assets,Assets,INSTANT,,2022-01-31,5136956000.0,USD,2022.0,Q2,10-Q,CY2021Q4I
CPRT,total_assets,Assets,INSTANT,,2022-04-30,5443874000.0,USD,2022.0,Q3,10-Q,CY2022Q1I
CPRT,total_assets,Assets,INSTANT,,2022-07-31,5308864000.0,USD,2024.0,FY,10-K,CY2022Q2I
CPRT,total_assets,Assets,INSTANT,,2022-10-31,5593677000.0,USD,2023.0,Q1,10-Q,CY2022Q3I
CPRT,total_assets,Assets,INSTANT,,2023-01-31,5932408000.0,USD,2023.0,Q2,10-Q,CY2022Q4I
CPRT,total_assets,Assets,INSTANT,,2023-04-30,6349805000.0,USD,2023.0,Q3,10-Q,CY2023Q1I
CPRT,total_assets,Assets,INSTANT,,2023-07-31,6737879000.0,USD,2025.0,FY,10-K,CY2023Q2I
CPRT,total_assets,Assets,INSTANT,,2023-10-31,7333786000.0,USD,2024.0,Q1,10-Q,CY2023Q3I
CPRT,total_assets,Assets,INSTANT,,2024-01-31,7598520000.0,USD,2024.0,Q2,10-Q,CY2023Q4I
CPRT,total_assets,Assets,INSTANT,,2024-04-30,8010632000.0,USD,2024.0,Q3,10-Q,CY2024Q1I
CPRT,total_assets,Assets,INSTANT,,2024-07-31,8427764000.0,USD,2025.0,FY,10-K,CY2024Q2I
CPRT,total_assets,Assets,INSTANT,,2024-10-31,8869487000.0,USD,2025.0,Q1,10-Q,CY2024Q3I
CPRT,total_assets,Assets,INSTANT,,2025-01-31,9187347000.0,USD,2025.0,Q2,10-Q,CY2024Q4I
CPRT,total_assets,Assets,INSTANT,,2025-04-30,9672222000.0,USD,2025.0,Q3,10-Q,CY2025Q1I
CPRT,total_assets,Assets,INSTANT,,2025-07-31,10090902000.0,USD,2026.0,Q3,10-Q,CY2025Q2I
CPRT,total_assets,Assets,INSTANT,,2025-10-31,10581014000.0,USD,2026.0,Q1,10-Q,CY2025Q3I
CPRT,total_assets,Assets,INSTANT,,2026-01-31,10594962000.0,USD,2026.0,Q2,10-Q,CY2025Q4I
CPRT,total_assets,Assets,INSTANT,,2026-04-30,9649036000.0,USD,2026.0,Q3,10-Q,CY2026Q1I
CPRT,total_liabilities,Liabilities,INSTANT,,2010-07-31,141578000.0,USD,2011.0,FY,10-K/A,CY2010Q2I
CPRT,total_liabilities,Liabilities,INSTANT,,2010-10-31,151118000.0,USD,2011.0,Q1,10-Q,CY2010Q3I
CPRT,total_liabilities,Liabilities,INSTANT,,2011-01-31,547077000.0,USD,2011.0,Q2,10-Q,CY2010Q4I
CPRT,total_liabilities,Liabilities,INSTANT,,2011-04-30,544970000.0,USD,2011.0,Q3,10-Q,CY2011Q1I
CPRT,total_liabilities,Liabilities,INSTANT,,2011-07-31,529264000.0,USD,2012.0,FY,10-K,CY2011Q2I
CPRT,total_liabilities,Liabilities,INSTANT,,2011-10-31,671039000.0,USD,2012.0,Q1,10-Q,CY2011Q3I
CPRT,total_liabilities,Liabilities,INSTANT,,2012-01-31,632286000.0,USD,2012.0,Q2,10-Q,CY2011Q4I
CPRT,total_liabilities,Liabilities,INSTANT,,2012-04-30,626031000.0,USD,2012.0,Q3,10-Q,CY2012Q1I
CPRT,total_liabilities,Liabilities,INSTANT,,2012-07-31,592883000.0,USD,2013.0,FY,10-K,CY2012Q2I
CPRT,total_liabilities,Liabilities,INSTANT,,2012-10-31,605655000.0,USD,2013.0,Q1,10-Q,CY2012Q3I
CPRT,total_liabilities,Liabilities,INSTANT,,2013-01-31,586443000.0,USD,2013.0,Q2,10-Q,CY2012Q4I
CPRT,total_liabilities,Liabilities,INSTANT,,2013-04-30,574288000.0,USD,2013.0,Q3,10-Q,CY2013Q1I
CPRT,total_liabilities,Liabilities,INSTANT,,2013-07-31,572080000.0,USD,2014.0,FY,10-K,CY2013Q2I
CPRT,total_liabilities,Liabilities,INSTANT,,2013-10-31,574741000.0,USD,2014.0,Q1,10-Q,CY2013Q3I
CPRT,total_liabilities,Liabilities,INSTANT,,2014-01-31,557769000.0,USD,2014.0,Q2,10-Q,CY2013Q4I
CPRT,total_liabilities,Liabilities,INSTANT,,2014-04-30,536911000.0,USD,2014.0,Q3,10-Q,CY2014Q1I
CPRT,total_liabilities,Liabilities,INSTANT,,2014-07-31,503305000.0,USD,2015.0,FY,10-K,CY2014Q2I
CPRT,total_liabilities,Liabilities,INSTANT,,2014-10-31,499155000.0,USD,2015.0,Q1,10-Q,CY2014Q3I
CPRT,total_liabilities,Liabilities,INSTANT,,2015-01-31,878834000.0,USD,2015.0,Q2,10-Q,CY2014Q4I
CPRT,total_liabilities,Liabilities,INSTANT,,2015-04-30,867009000.0,USD,2015.0,Q3,10-Q,CY2015Q1I
CPRT,total_liabilities,Liabilities,INSTANT,,2015-07-31,834196000.0,USD,2016.0,FY,10-K,CY2015Q2I
CPRT,total_liabilities,Liabilities,INSTANT,,2015-10-31,839219000.0,USD,2016.0,Q1,10-Q,CY2015Q3I
CPRT,total_liabilities,Liabilities,INSTANT,,2016-01-31,872964000.0,USD,2016.0,Q2,10-Q,CY2015Q4I
CPRT,total_liabilities,Liabilities,INSTANT,,2016-04-30,907608000.0,USD,2016.0,Q3,10-Q,CY2016Q1I
CPRT,total_liabilities,Liabilities,INSTANT,,2016-07-31,875364000.0,USD,2017.0,FY,10-K,CY2016Q2I
CPRT,total_liabilities,Liabilities,INSTANT,,2016-10-31,962989000.0,USD,2017.0,Q1,10-Q,CY2016Q3I
CPRT,total_liabilities,Liabilities,INSTANT,,2017-01-31,945538000.0,USD,2017.0,Q2,10-Q,CY2016Q4I
CPRT,total_liabilities,Liabilities,INSTANT,,2017-04-30,805357000.0,USD,2017.0,Q3,10-Q,CY2017Q1I
CPRT,total_liabilities,Liabilities,INSTANT,,2017-07-31,883901000.0,USD,2018.0,FY,10-K,CY2017Q2I
CPRT,total_liabilities,Liabilities,INSTANT,,2017-10-31,873761000.0,USD,2018.0,Q1,10-Q,CY2017Q3I
CPRT,total_liabilities,Liabilities,INSTANT,,2018-01-31,811750000.0,USD,2018.0,Q2,10-Q,CY2017Q4I
CPRT,total_liabilities,Liabilities,INSTANT,,2018-04-30,704381000.0,USD,2018.0,Q3,10-Q,CY2018Q1I
CPRT,total_liabilities,Liabilities,INSTANT,,2018-07-31,726599000.0,USD,2019.0,FY,10-K,CY2018Q2I
CPRT,total_liabilities,Liabilities,INSTANT,,2018-10-31,710028000.0,USD,2019.0,Q1,10-Q,CY2018Q3I
CPRT,total_liabilities,Liabilities,INSTANT,,2019-01-31,836952000.0,USD,2019.0,Q2,10-Q,CY2018Q4I
CPRT,total_liabilities,Liabilities,INSTANT,,2019-04-30,772911000.0,USD,2019.0,Q3,10-Q,CY2019Q1I
CPRT,total_liabilities,Liabilities,INSTANT,,2019-07-31,769236000.0,USD,2020.0,FY,10-K,CY2019Q2I
CPRT,total_liabilities,Liabilities,INSTANT,,2019-10-31,929340000.0,USD,2020.0,Q1,10-Q,CY2019Q3I
CPRT,total_liabilities,Liabilities,INSTANT,,2020-01-31,923876000.0,USD,2020.0,Q2,10-Q,CY2019Q4I
CPRT,total_liabilities,Liabilities,INSTANT,,2020-04-30,880572000.0,USD,2020.0,Q3,10-Q,CY2020Q1I
CPRT,total_liabilities,Liabilities,INSTANT,,2020-07-31,965745000.0,USD,2021.0,FY,10-K,CY2020Q2I
CPRT,total_liabilities,Liabilities,INSTANT,,2020-10-31,1030355000.0,USD,2021.0,Q1,10-Q,CY2020Q3I
CPRT,total_liabilities,Liabilities,INSTANT,,2021-01-31,991846000.0,USD,2021.0,Q2,10-Q,CY2020Q4I
CPRT,total_liabilities,Liabilities,INSTANT,,2021-04-30,1032569000.0,USD,2021.0,Q3,10-Q,CY2021Q1I
CPRT,total_liabilities,Liabilities,INSTANT,,2021-07-31,1032942000.0,USD,2022.0,FY,10-K,CY2021Q2I
CPRT,total_liabilities,Liabilities,INSTANT,,2021-10-31,1125031000.0,USD,2022.0,Q1,10-Q,CY2021Q3I
CPRT,total_liabilities,Liabilities,INSTANT,,2022-01-31,1047100000.0,USD,2022.0,Q2,10-Q,CY2021Q4I
CPRT,total_liabilities,Liabilities,INSTANT,,2022-04-30,1090820000.0,USD,2022.0,Q3,10-Q,CY2022Q1I
CPRT,total_liabilities,Liabilities,INSTANT,,2022-07-31,683265000.0,USD,2023.0,FY,10-K,CY2022Q2I
CPRT,total_liabilities,Liabilities,INSTANT,,2022-10-31,740843000.0,USD,2023.0,Q1,10-Q,CY2022Q3I
CPRT,total_liabilities,Liabilities,INSTANT,,2023-01-31,718756000.0,USD,2023.0,Q2,10-Q,CY2022Q4I
CPRT,total_liabilities,Liabilities,INSTANT,,2023-04-30,757383000.0,USD,2023.0,Q3,10-Q,CY2023Q1I
CPRT,total_liabilities,Liabilities,INSTANT,,2023-07-31,750439000.0,USD,2024.0,FY,10-K,CY2023Q2I
CPRT,total_liabilities,Liabilities,INSTANT,,2023-10-31,897147000.0,USD,2024.0,Q1,10-Q,CY2023Q3I
CPRT,total_liabilities,Liabilities,INSTANT,,2024-01-31,785806000.0,USD,2024.0,Q2,10-Q,CY2023Q4I
CPRT,total_liabilities,Liabilities,INSTANT,,2024-04-30,814446000.0,USD,2024.0,Q3,10-Q,CY2024Q1I
CPRT,total_liabilities,Liabilities,INSTANT,,2024-07-31,879209000.0,USD,2025.0,FY,10-K,CY2024Q2I
CPRT,total_liabilities,Liabilities,INSTANT,,2024-10-31,949541000.0,USD,2025.0,Q1,10-Q,CY2024Q3I
CPRT,total_liabilities,Liabilities,INSTANT,,2025-01-31,863315000.0,USD,2025.0,Q2,10-Q,CY2024Q4I
CPRT,total_liabilities,Liabilities,INSTANT,,2025-04-30,869525000.0,USD,2025.0,Q3,10-Q,CY2025Q1I
CPRT,total_liabilities,Liabilities,INSTANT,,2025-07-31,883411000.0,USD,2026.0,Q3,10-Q,CY2025Q2I
CPRT,total_liabilities,Liabilities,INSTANT,,2025-10-31,961903000.0,USD,2026.0,Q1,10-Q,CY2025Q3I
CPRT,total_liabilities,Liabilities,INSTANT,,2026-01-31,787728000.0,USD,2026.0,Q2,10-Q,CY2025Q4I
CPRT,total_liabilities,Liabilities,INSTANT,,2026-04-30,857591000.0,USD,2026.0,Q3,10-Q,CY2026Q1I
PGR,equity,StockholdersEquity,INSTANT,,2007-12-31,4935500000.0,USD,2009.0,FY,10-K,CY2007Q4I
PGR,equity,StockholdersEquity,INSTANT,,2008-06-30,4805500000.0,USD,2009.0,Q2,10-Q,CY2008Q2I
PGR,equity,StockholdersEquity,INSTANT,,2008-09-30,4260600000.0,USD,2009.0,Q3,10-Q,CY2008Q3I
PGR,equity,StockholdersEquity,INSTANT,,2008-12-31,4215300000.0,USD,2010.0,FY,10-K,CY2008Q4I
PGR,equity,StockholdersEquity,INSTANT,,2009-03-31,4303300000.0,USD,2010.0,Q1,10-Q,CY2009Q1I
PGR,equity,StockholdersEquity,INSTANT,,2009-06-30,4925000000.0,USD,2010.0,Q2,10-Q,CY2009Q2I
PGR,equity,StockholdersEquity,INSTANT,,2009-09-30,5496400000.0,USD,2010.0,Q3,10-Q,CY2009Q3I
PGR,equity,StockholdersEquity,INSTANT,,2009-12-31,5748600000.0,USD,2011.0,FY,10-K,CY2009Q4I
PGR,equity,StockholdersEquity,INSTANT,,2010-03-31,6211500000.0,USD,2011.0,Q1,10-Q,CY2010Q1I
PGR,equity,StockholdersEquity,INSTANT,,2010-06-30,6304600000.0,USD,2011.0,Q2,10-Q,CY2010Q2I
PGR,equity,StockholdersEquity,INSTANT,,2010-09-30,6713200000.0,USD,2011.0,Q3,10-Q,CY2010Q3I
PGR,equity,StockholdersEquity,INSTANT,,2010-12-31,6048900000.0,USD,2012.0,FY,10-K,CY2010Q4I
PGR,equity,StockholdersEquity,INSTANT,,2011-03-31,6320600000.0,USD,2012.0,Q1,10-Q,CY2011Q1I
PGR,equity,StockholdersEquity,INSTANT,,2011-06-30,6349500000.0,USD,2012.0,Q2,10-Q,CY2011Q2I
PGR,equity,StockholdersEquity,INSTANT,,2011-09-30,5816300000.0,USD,2012.0,Q3,10-Q,CY2011Q3I
PGR,equity,StockholdersEquity,INSTANT,,2011-12-31,5806700000.0,USD,2013.0,FY,10-K,CY2011Q4I
PGR,equity,StockholdersEquity,INSTANT,,2012-03-31,6250400000.0,USD,2013.0,Q1,10-Q,CY2012Q1I
PGR,equity,StockholdersEquity,INSTANT,,2012-06-30,6286600000.0,USD,2013.0,Q2,10-Q,CY2012Q2I
PGR,equity,StockholdersEquity,INSTANT,,2012-09-30,6554600000.0,USD,2013.0,Q3,10-Q,CY2012Q3I
PGR,equity,StockholdersEquity,INSTANT,,2012-12-31,6007000000.0,USD,2014.0,FY,10-K,CY2012Q4I
PGR,equity,StockholdersEquity,INSTANT,,2013-03-31,6389800000.0,USD,2014.0,Q1,10-Q,CY2013Q1I
PGR,equity,StockholdersEquity,INSTANT,,2013-06-30,6523900000.0,USD,2014.0,Q2,10-Q,CY2013Q2I
PGR,equity,StockholdersEquity,INSTANT,,2013-09-30,6792600000.0,USD,2014.0,Q3,10-Q,CY2013Q3I
PGR,equity,StockholdersEquity,INSTANT,,2013-12-31,6189500000.0,USD,2015.0,FY,10-K,CY2013Q4I
PGR,equity,StockholdersEquity,INSTANT,,2014-03-31,6438600000.0,USD,2015.0,Q1,10-Q,CY2014Q1I
PGR,equity,StockholdersEquity,INSTANT,,2014-06-30,6789200000.0,USD,2015.0,Q2,10-Q,CY2014Q2I
PGR,equity,StockholdersEquity,INSTANT,,2014-09-30,6935300000.0,USD,2015.0,Q3,10-Q,CY2014Q3I
PGR,equity,StockholdersEquity,INSTANT,,2014-12-31,6928600000.0,USD,2016.0,FY,10-K,CY2014Q4I
PGR,equity,StockholdersEquity,INSTANT,,2015-03-31,7201900000.0,USD,2016.0,Q1,10-Q,CY2015Q1I
PGR,equity,StockholdersEquity,INSTANT,,2015-06-30,7359800000.0,USD,2016.0,Q2,10-Q,CY2015Q2I
PGR,equity,StockholdersEquity,INSTANT,,2015-09-30,7462000000.0,USD,2016.0,Q3,10-Q,CY2015Q3I
PGR,equity,StockholdersEquity,INSTANT,,2015-12-31,7289400000.0,USD,2017.0,FY,10-K,CY2015Q4I
PGR,equity,StockholdersEquity,INSTANT,,2016-03-31,7559900000.0,USD,2017.0,Q1,10-Q,CY2016Q1I
PGR,equity,StockholdersEquity,INSTANT,,2016-06-30,7835500000.0,USD,2017.0,Q2,10-Q,CY2016Q2I
PGR,equity,StockholdersEquity,INSTANT,,2016-09-30,8094700000.0,USD,2017.0,Q3,10-Q,CY2016Q3I
PGR,equity,StockholdersEquity,INSTANT,,2016-12-31,7957100000.0,USD,2018.0,FY,10-K,CY2016Q4I
PGR,equity,StockholdersEquity,INSTANT,,2017-03-31,8522900000.0,USD,2018.0,Q1,10-Q,CY2017Q1I
PGR,equity,StockholdersEquity,INSTANT,,2017-06-30,8991500000.0,USD,2018.0,Q2,10-Q,CY2017Q2I
PGR,equity,StockholdersEquity,INSTANT,,2017-09-30,9289400000.0,USD,2018.0,Q3,10-Q,CY2017Q3I
PGR,equity,StockholdersEquity,INSTANT,,2017-12-31,9284800000.0,USD,2019.0,FY,10-K,CY2017Q4I
PGR,equity,StockholdersEquity,INSTANT,,2018-03-31,10323200000.0,USD,2019.0,Q1,10-Q,CY2018Q1I
PGR,equity,StockholdersEquity,INSTANT,,2018-06-30,11000800000.0,USD,2019.0,Q2,10-Q,CY2018Q2I
PGR,equity,StockholdersEquity,INSTANT,,2018-09-30,11858800000.0,USD,2019.0,Q3,10-Q,CY2018Q3I
PGR,equity,StockholdersEquity,INSTANT,,2018-12-31,10821800000.0,USD,2020.0,FY,10-K,CY2018Q4I
PGR,equity,StockholdersEquity,INSTANT,,2019-03-31,12110700000.0,USD,2020.0,Q1,10-Q,CY2019Q1I
PGR,equity,StockholdersEquity,INSTANT,,2019-06-30,13330800000.0,USD,2020.0,Q2,10-Q,CY2019Q2I
PGR,equity,StockholdersEquity,INSTANT,,2019-09-30,14123300000.0,USD,2020.0,Q3,10-Q,CY2019Q3I
PGR,equity,StockholdersEquity,INSTANT,,2019-12-31,13673200000.0,USD,2021.0,FY,10-K,CY2019Q4I
PGR,equity,StockholdersEquity,INSTANT,,2020-03-31,14351500000.0,USD,2021.0,Q1,10-Q,CY2020Q1I
PGR,equity,StockholdersEquity,INSTANT,,2020-06-30,16670600000.0,USD,2021.0,Q2,10-Q,CY2020Q2I
PGR,equity,StockholdersEquity,INSTANT,,2020-09-30,18087200000.0,USD,2021.0,Q3,10-Q,CY2020Q3I
PGR,equity,StockholdersEquity,INSTANT,,2020-12-31,17038600000.0,USD,2022.0,FY,10-K,CY2020Q4I
PGR,equity,StockholdersEquity,INSTANT,,2021-03-31,17836500000.0,USD,2022.0,Q1,10-Q,CY2021Q1I
PGR,equity,StockholdersEquity,INSTANT,,2021-06-30,18675600000.0,USD,2022.0,Q2,10-Q,CY2021Q2I
PGR,equity,StockholdersEquity,INSTANT,,2021-09-30,18558100000.0,USD,2022.0,Q3,10-Q,CY2021Q3I
PGR,equity,StockholdersEquity,INSTANT,,2021-12-31,18231600000.0,USD,2023.0,FY,10-K,CY2021Q4I
PGR,equity,StockholdersEquity,INSTANT,,2022-03-31,17051200000.0,USD,2023.0,Q1,10-Q,CY2022Q1I
PGR,equity,StockholdersEquity,INSTANT,,2022-06-30,15652700000.0,USD,2023.0,Q2,10-Q,CY2022Q2I
PGR,equity,StockholdersEquity,INSTANT,,2022-09-30,14776200000.0,USD,2023.0,Q3,10-Q,CY2022Q3I
PGR,equity,StockholdersEquity,INSTANT,,2022-12-31,15891000000.0,USD,2024.0,FY,10-K,CY2022Q4I
PGR,equity,StockholdersEquity,INSTANT,,2023-03-31,16868400000.0,USD,2024.0,Q1,10-Q,CY2023Q1I
PGR,equity,StockholdersEquity,INSTANT,,2023-06-30,16711300000.0,USD,2024.0,Q2,10-Q,CY2023Q2I
PGR,equity,StockholdersEquity,INSTANT,,2023-09-30,17395300000.0,USD,2024.0,Q3,10-Q,CY2023Q3I
PGR,equity,StockholdersEquity,INSTANT,,2023-12-31,20277000000.0,USD,2025.0,FY,10-K,CY2023Q4I
PGR,equity,StockholdersEquity,INSTANT,,2024-03-31,21811000000.0,USD,2025.0,Q1,10-Q,CY2024Q1I
PGR,equity,StockholdersEquity,INSTANT,,2024-06-30,23340000000.0,USD,2025.0,Q2,10-Q,CY2024Q2I
PGR,equity,StockholdersEquity,INSTANT,,2024-09-30,27159000000.0,USD,2025.0,Q3,10-Q,CY2024Q3I
PGR,equity,StockholdersEquity,INSTANT,,2024-12-31,25591000000.0,USD,2025.0,FY,10-K,CY2024Q4I
PGR,equity,StockholdersEquity,INSTANT,,2025-03-31,28954000000.0,USD,2026.0,Q1,10-Q,CY2025Q1I
PGR,equity,StockholdersEquity,INSTANT,,2025-06-30,32604000000.0,USD,2026.0,Q2,10-Q,CY2025Q2I
PGR,equity,StockholdersEquity,INSTANT,,2025-09-30,35445000000.0,USD,2025.0,Q3,10-Q,CY2025Q3I
PGR,equity,StockholdersEquity,INSTANT,,2025-12-31,30323000000.0,USD,2026.0,Q2,10-Q,CY2025Q4I
PGR,equity,StockholdersEquity,INSTANT,,2026-03-31,32039000000.0,USD,2026.0,Q1,10-Q,CY2026Q1I
PGR,equity,StockholdersEquity,INSTANT,,2026-06-30,34333000000.0,USD,2026.0,Q2,10-Q,CY2026Q2I
PGR,goodwill,Goodwill,INSTANT,,2014-06-30,1600000.0,USD,2015.0,Q2,10-Q,CY2014Q2I
PGR,goodwill,Goodwill,INSTANT,,2014-09-30,1600000.0,USD,2015.0,Q3,10-Q,CY2014Q3I
PGR,goodwill,Goodwill,INSTANT,,2014-12-31,1600000.0,USD,2015.0,FY,10-K,CY2014Q4I
PGR,goodwill,Goodwill,INSTANT,,2015-03-31,1600000.0,USD,2016.0,Q1,10-Q,CY2015Q1I
PGR,goodwill,Goodwill,INSTANT,,2015-06-30,472900000.0,USD,2016.0,Q2,10-Q,CY2015Q2I
PGR,goodwill,Goodwill,INSTANT,,2015-09-30,446400000.0,USD,2016.0,Q3,10-Q,CY2015Q3I
PGR,goodwill,Goodwill,INSTANT,,2015-12-31,447600000.0,USD,2016.0,FY,10-K,CY2015Q4I
PGR,goodwill,Goodwill,INSTANT,,2016-03-31,447600000.0,USD,2017.0,Q1,10-Q,CY2016Q1I
PGR,goodwill,Goodwill,INSTANT,,2016-06-30,449400000.0,USD,2017.0,Q2,10-Q,CY2016Q2I
PGR,goodwill,Goodwill,INSTANT,,2016-09-30,449400000.0,USD,2017.0,Q3,10-Q,CY2016Q3I
PGR,goodwill,Goodwill,INSTANT,,2016-12-31,449400000.0,USD,2017.0,FY,10-K,CY2016Q4I
PGR,goodwill,Goodwill,INSTANT,,2017-03-31,449400000.0,USD,2018.0,Q1,10-Q,CY2017Q1I
PGR,goodwill,Goodwill,INSTANT,,2017-06-30,452700000.0,USD,2018.0,Q2,10-Q,CY2017Q2I
PGR,goodwill,Goodwill,INSTANT,,2017-09-30,452700000.0,USD,2018.0,Q3,10-Q,CY2017Q3I
PGR,goodwill,Goodwill,INSTANT,,2017-12-31,452700000.0,USD,2018.0,FY,10-K,CY2017Q4I
PGR,goodwill,Goodwill,INSTANT,,2018-03-31,452700000.0,USD,2019.0,Q1,10-Q,CY2018Q1I
PGR,goodwill,Goodwill,INSTANT,,2018-06-30,452700000.0,USD,2019.0,Q2,10-Q,CY2018Q2I
PGR,goodwill,Goodwill,INSTANT,,2018-09-30,452700000.0,USD,2019.0,Q3,10-Q,CY2018Q3I
PGR,goodwill,Goodwill,INSTANT,,2018-12-31,452700000.0,USD,2019.0,FY,10-K,CY2018Q4I
PGR,goodwill,Goodwill,INSTANT,,2019-03-31,452700000.0,USD,2020.0,Q1,10-Q,CY2019Q1I
PGR,goodwill,Goodwill,INSTANT,,2019-06-30,452700000.0,USD,2020.0,Q2,10-Q,CY2019Q2I
PGR,goodwill,Goodwill,INSTANT,,2019-09-30,452700000.0,USD,2020.0,Q3,10-Q,CY2019Q3I
PGR,goodwill,Goodwill,INSTANT,,2019-12-31,452700000.0,USD,2020.0,FY,10-K,CY2019Q4I
PGR,goodwill,Goodwill,INSTANT,,2020-03-31,452700000.0,USD,2021.0,Q1,10-Q,CY2020Q1I
PGR,goodwill,Goodwill,INSTANT,,2020-06-30,452700000.0,USD,2021.0,Q2,10-Q,CY2020Q2I
PGR,goodwill,Goodwill,INSTANT,,2020-09-30,452700000.0,USD,2021.0,Q3,10-Q,CY2020Q3I
PGR,goodwill,Goodwill,INSTANT,,2020-12-31,452700000.0,USD,2021.0,FY,10-K,CY2020Q4I
PGR,goodwill,Goodwill,INSTANT,,2021-03-31,452700000.0,USD,2022.0,Q1,10-Q,CY2021Q1I
PGR,goodwill,Goodwill,INSTANT,,2021-06-30,452700000.0,USD,2022.0,Q2,10-Q,CY2021Q2I
PGR,goodwill,Goodwill,INSTANT,,2021-09-30,452700000.0,USD,2022.0,Q3,10-Q,CY2021Q3I
PGR,goodwill,Goodwill,INSTANT,,2021-12-31,452700000.0,USD,2022.0,FY,10-K,CY2021Q4I
PGR,goodwill,Goodwill,INSTANT,,2022-03-31,452700000.0,USD,2023.0,Q1,10-Q,CY2022Q1I
PGR,goodwill,Goodwill,INSTANT,,2022-06-30,227900000.0,USD,2023.0,Q2,10-Q,CY2022Q2I
PGR,goodwill,Goodwill,INSTANT,,2022-09-30,227900000.0,USD,2023.0,Q3,10-Q,CY2022Q3I
PGR,goodwill,Goodwill,INSTANT,,2022-12-31,227900000.0,USD,2023.0,FY,10-K,CY2022Q4I
PGR,goodwill,Goodwill,INSTANT,,2023-03-31,227900000.0,USD,2023.0,Q1,10-Q,CY2023Q1I
PGR,goodwill,Goodwill,INSTANT,,2023-06-30,227900000.0,USD,2023.0,Q2,10-Q,CY2023Q2I
PGR,goodwill,Goodwill,INSTANT,,2023-09-30,227900000.0,USD,2023.0,Q3,10-Q,CY2023Q3I
PGR,goodwill,Goodwill,INSTANT,,2023-12-31,228000000.0,USD,2024.0,FY,10-K,CY2023Q4I
PGR,goodwill,Goodwill,INSTANT,,2024-12-31,228000000.0,USD,2024.0,FY,10-K,CY2024Q4I
PGR,ppe_net,PropertyPlantAndEquipmentNet,INSTANT,,2008-06-30,1002700000.0,USD,2009.0,Q2,10-Q,CY2008Q2I
PGR,ppe_net,PropertyPlantAndEquipmentNet,INSTANT,,2008-09-30,1001500000.0,USD,2009.0,Q3,10-Q,CY2008Q3I
PGR,ppe_net,PropertyPlantAndEquipmentNet,INSTANT,,2008-12-31,997100000.0,USD,2009.0,FY,10-K,CY2008Q4I
PGR,ppe_net,PropertyPlantAndEquipmentNet,INSTANT,,2009-03-31,997500000.0,USD,2010.0,Q1,10-Q,CY2009Q1I
PGR,ppe_net,PropertyPlantAndEquipmentNet,INSTANT,,2009-06-30,989900000.0,USD,2010.0,Q2,10-Q,CY2009Q2I
PGR,ppe_net,PropertyPlantAndEquipmentNet,INSTANT,,2009-09-30,974100000.0,USD,2010.0,Q3,10-Q,CY2009Q3I
PGR,ppe_net,PropertyPlantAndEquipmentNet,INSTANT,,2009-12-31,961300000.0,USD,2010.0,FY,10-K,CY2009Q4I
PGR,ppe_net,PropertyPlantAndEquipmentNet,INSTANT,,2010-03-31,956300000.0,USD,2011.0,Q1,10-Q,CY2010Q1I
PGR,ppe_net,PropertyPlantAndEquipmentNet,INSTANT,,2010-06-30,947700000.0,USD,2011.0,Q2,10-Q,CY2010Q2I
PGR,ppe_net,PropertyPlantAndEquipmentNet,INSTANT,,2010-09-30,932000000.0,USD,2011.0,Q3,10-Q,CY2010Q3I
PGR,ppe_net,PropertyPlantAndEquipmentNet,INSTANT,,2010-12-31,932600000.0,USD,2011.0,FY,10-K,CY2010Q4I
PGR,ppe_net,PropertyPlantAndEquipmentNet,INSTANT,,2011-03-31,927400000.0,USD,2012.0,Q1,10-Q,CY2011Q1I
PGR,ppe_net,PropertyPlantAndEquipmentNet,INSTANT,,2011-06-30,917100000.0,USD,2012.0,Q2,10-Q,CY2011Q2I
PGR,ppe_net,PropertyPlantAndEquipmentNet,INSTANT,,2011-09-30,910900000.0,USD,2012.0,Q3,10-Q,CY2011Q3I
PGR,ppe_net,PropertyPlantAndEquipmentNet,INSTANT,,2011-12-31,911300000.0,USD,2012.0,FY,10-K,CY2011Q4I
PGR,ppe_net,PropertyPlantAndEquipmentNet,INSTANT,,2012-03-31,916400000.0,USD,2013.0,Q1,10-Q,CY2012Q1I
PGR,ppe_net,PropertyPlantAndEquipmentNet,INSTANT,,2012-06-30,914300000.0,USD,2013.0,Q2,10-Q,CY2012Q2I
PGR,ppe_net,PropertyPlantAndEquipmentNet,INSTANT,,2012-09-30,918200000.0,USD,2013.0,Q3,10-Q,CY2012Q3I
PGR,ppe_net,PropertyPlantAndEquipmentNet,INSTANT,,2012-12-31,933700000.0,USD,2013.0,FY,10-K,CY2012Q4I
PGR,ppe_net,PropertyPlantAndEquipmentNet,INSTANT,,2013-03-31,935900000.0,USD,2014.0,Q1,10-Q,CY2013Q1I
PGR,ppe_net,PropertyPlantAndEquipmentNet,INSTANT,,2013-06-30,950600000.0,USD,2014.0,Q2,10-Q,CY2013Q2I
PGR,ppe_net,PropertyPlantAndEquipmentNet,INSTANT,,2013-09-30,955300000.0,USD,2014.0,Q3,10-Q,CY2013Q3I
PGR,ppe_net,PropertyPlantAndEquipmentNet,INSTANT,,2013-12-31,960900000.0,USD,2014.0,FY,10-K,CY2013Q4I
PGR,ppe_net,PropertyPlantAndEquipmentNet,INSTANT,,2014-03-31,950000000.0,USD,2015.0,Q1,10-Q,CY2014Q1I
PGR,ppe_net,PropertyPlantAndEquipmentNet,INSTANT,,2014-06-30,952500000.0,USD,2015.0,Q2,10-Q,CY2014Q2I
PGR,ppe_net,PropertyPlantAndEquipmentNet,INSTANT,,2014-09-30,954000000.0,USD,2015.0,Q3,10-Q,CY2014Q3I
PGR,ppe_net,PropertyPlantAndEquipmentNet,INSTANT,,2014-12-31,960600000.0,USD,2015.0,FY,10-K,CY2014Q4I
PGR,ppe_net,PropertyPlantAndEquipmentNet,INSTANT,,2015-03-31,957500000.0,USD,2016.0,Q1,10-Q,CY2015Q1I
PGR,ppe_net,PropertyPlantAndEquipmentNet,INSTANT,,2015-06-30,1018900000.0,USD,2016.0,Q2,10-Q,CY2015Q2I
PGR,ppe_net,PropertyPlantAndEquipmentNet,INSTANT,,2015-09-30,1024100000.0,USD,2016.0,Q3,10-Q,CY2015Q3I
PGR,ppe_net,PropertyPlantAndEquipmentNet,INSTANT,,2015-12-31,1037200000.0,USD,2016.0,FY,10-K,CY2015Q4I
PGR,ppe_net,PropertyPlantAndEquipmentNet,INSTANT,,2016-03-31,1061900000.0,USD,2017.0,Q1,10-Q,CY2016Q1I
PGR,ppe_net,PropertyPlantAndEquipmentNet,INSTANT,,2016-06-30,1083700000.0,USD,2017.0,Q2,10-Q,CY2016Q2I
PGR,ppe_net,PropertyPlantAndEquipmentNet,INSTANT,,2016-09-30,1115000000.0,USD,2017.0,Q3,10-Q,CY2016Q3I
PGR,ppe_net,PropertyPlantAndEquipmentNet,INSTANT,,2016-12-31,1177100000.0,USD,2017.0,FY,10-K,CY2016Q4I
PGR,ppe_net,PropertyPlantAndEquipmentNet,INSTANT,,2017-03-31,1166000000.0,USD,2018.0,Q1,10-Q,CY2017Q1I
PGR,ppe_net,PropertyPlantAndEquipmentNet,INSTANT,,2017-06-30,1152100000.0,USD,2018.0,Q2,10-Q,CY2017Q2I
PGR,ppe_net,PropertyPlantAndEquipmentNet,INSTANT,,2017-09-30,1129400000.0,USD,2018.0,Q3,10-Q,CY2017Q3I
PGR,ppe_net,PropertyPlantAndEquipmentNet,INSTANT,,2017-12-31,1119600000.0,USD,2018.0,FY,10-K,CY2017Q4I
PGR,ppe_net,PropertyPlantAndEquipmentNet,INSTANT,,2018-03-31,1112000000.0,USD,2019.0,Q1,10-Q,CY2018Q1I
PGR,ppe_net,PropertyPlantAndEquipmentNet,INSTANT,,2018-06-30,1116400000.0,USD,2019.0,Q2,10-Q,CY2018Q2I
PGR,ppe_net,PropertyPlantAndEquipmentNet,INSTANT,,2018-09-30,1139300000.0,USD,2019.0,Q3,10-Q,CY2018Q3I
PGR,ppe_net,PropertyPlantAndEquipmentNet,INSTANT,,2018-12-31,1131700000.0,USD,2019.0,FY,10-K,CY2018Q4I
PGR,ppe_net,PropertyPlantAndEquipmentNet,INSTANT,,2019-03-31,1127300000.0,USD,2020.0,Q1,10-Q,CY2019Q1I
PGR,ppe_net,PropertyPlantAndEquipmentNet,INSTANT,,2019-06-30,1174900000.0,USD,2020.0,Q2,10-Q,CY2019Q2I
PGR,ppe_net,PropertyPlantAndEquipmentNet,INSTANT,,2019-09-30,1214200000.0,USD,2020.0,Q3,10-Q,CY2019Q3I
PGR,ppe_net,PropertyPlantAndEquipmentNet,INSTANT,,2019-12-31,1213700000.0,USD,2020.0,FY,10-K,CY2019Q4I
PGR,ppe_net,PropertyPlantAndEquipmentNet,INSTANT,,2020-03-31,1215100000.0,USD,2021.0,Q1,10-Q,CY2020Q1I
PGR,ppe_net,PropertyPlantAndEquipmentNet,INSTANT,,2020-06-30,1189800000.0,USD,2021.0,Q2,10-Q,CY2020Q2I
PGR,ppe_net,PropertyPlantAndEquipmentNet,INSTANT,,2020-09-30,1181600000.0,USD,2021.0,Q3,10-Q,CY2020Q3I
PGR,ppe_net,PropertyPlantAndEquipmentNet,INSTANT,,2020-12-31,1106000000.0,USD,2021.0,FY,10-K,CY2020Q4I
PGR,ppe_net,PropertyPlantAndEquipmentNet,INSTANT,,2021-03-31,1077400000.0,USD,2022.0,Q1,10-Q,CY2021Q1I
PGR,ppe_net,PropertyPlantAndEquipmentNet,INSTANT,,2021-06-30,1086400000.0,USD,2022.0,Q2,10-Q,CY2021Q2I
PGR,ppe_net,PropertyPlantAndEquipmentNet,INSTANT,,2021-09-30,1161000000.0,USD,2022.0,Q3,10-Q,CY2021Q3I
PGR,ppe_net,PropertyPlantAndEquipmentNet,INSTANT,,2021-12-31,1137300000.0,USD,2022.0,FY,10-K,CY2021Q4I
PGR,ppe_net,PropertyPlantAndEquipmentNet,INSTANT,,2022-03-31,1104400000.0,USD,2023.0,Q1,10-Q,CY2022Q1I
PGR,ppe_net,PropertyPlantAndEquipmentNet,INSTANT,,2022-06-30,1124700000.0,USD,2023.0,Q2,10-Q,CY2022Q2I
PGR,ppe_net,PropertyPlantAndEquipmentNet,INSTANT,,2022-09-30,1067100000.0,USD,2023.0,Q3,10-Q,CY2022Q3I
PGR,ppe_net,PropertyPlantAndEquipmentNet,INSTANT,,2022-12-31,1034000000.0,USD,2023.0,FY,10-K,CY2022Q4I
PGR,ppe_net,PropertyPlantAndEquipmentNet,INSTANT,,2023-03-31,949000000.0,USD,2024.0,Q1,10-Q,CY2023Q1I
PGR,ppe_net,PropertyPlantAndEquipmentNet,INSTANT,,2023-06-30,989000000.0,USD,2024.0,Q2,10-Q,CY2023Q2I
PGR,ppe_net,PropertyPlantAndEquipmentNet,INSTANT,,2023-09-30,919800000.0,USD,2024.0,Q3,10-Q,CY2023Q3I
PGR,ppe_net,PropertyPlantAndEquipmentNet,INSTANT,,2023-12-31,881000000.0,USD,2024.0,FY,10-K,CY2023Q4I
PGR,ppe_net,PropertyPlantAndEquipmentNet,INSTANT,,2024-03-31,756000000.0,USD,2025.0,Q1,10-Q,CY2024Q1I
PGR,ppe_net,PropertyPlantAndEquipmentNet,INSTANT,,2024-06-30,713000000.0,USD,2025.0,Q2,10-Q,CY2024Q2I
PGR,ppe_net,PropertyPlantAndEquipmentNet,INSTANT,,2024-09-30,689000000.0,USD,2025.0,Q3,10-Q,CY2024Q3I
PGR,ppe_net,PropertyPlantAndEquipmentNet,INSTANT,,2024-12-31,790000000.0,USD,2025.0,FY,10-K,CY2024Q4I
PGR,ppe_net,PropertyPlantAndEquipmentNet,INSTANT,,2025-03-31,854000000.0,USD,2026.0,Q1,10-Q,CY2025Q1I
PGR,ppe_net,PropertyPlantAndEquipmentNet,INSTANT,,2025-06-30,820000000.0,USD,2026.0,Q2,10-Q,CY2025Q2I
PGR,ppe_net,PropertyPlantAndEquipmentNet,INSTANT,,2025-09-30,790000000.0,USD,2025.0,Q3,10-Q,CY2025Q3I
PGR,ppe_net,PropertyPlantAndEquipmentNet,INSTANT,,2025-12-31,783000000.0,USD,2026.0,Q2,10-Q,CY2025Q4I
PGR,ppe_net,PropertyPlantAndEquipmentNet,INSTANT,,2026-03-31,792000000.0,USD,2026.0,Q1,10-Q,CY2026Q1I
PGR,ppe_net,PropertyPlantAndEquipmentNet,INSTANT,,2026-06-30,922000000.0,USD,2026.0,Q2,10-Q,CY2026Q2I
PGR,total_assets,Assets,INSTANT,,2008-06-30,18914400000.0,USD,2009.0,Q2,10-Q,CY2008Q2I
PGR,total_assets,Assets,INSTANT,,2008-09-30,18639600000.0,USD,2009.0,Q3,10-Q,CY2008Q3I
PGR,total_assets,Assets,INSTANT,,2008-12-31,18250500000.0,USD,2009.0,FY,10-K,CY2008Q4I
PGR,total_assets,Assets,INSTANT,,2009-03-31,18215100000.0,USD,2010.0,Q1,10-Q,CY2009Q1I
PGR,total_assets,Assets,INSTANT,,2009-06-30,19087600000.0,USD,2010.0,Q2,10-Q,CY2009Q2I
PGR,total_assets,Assets,INSTANT,,2009-09-30,20047400000.0,USD,2010.0,Q3,10-Q,CY2009Q3I
PGR,total_assets,Assets,INSTANT,,2009-12-31,20049300000.0,USD,2010.0,FY,10-K,CY2009Q4I
PGR,total_assets,Assets,INSTANT,,2010-03-31,21048900000.0,USD,2011.0,Q1,10-Q,CY2010Q1I
PGR,total_assets,Assets,INSTANT,,2010-06-30,21496600000.0,USD,2011.0,Q2,10-Q,CY2010Q2I
PGR,total_assets,Assets,INSTANT,,2010-09-30,22024600000.0,USD,2011.0,Q3,10-Q,CY2010Q3I
PGR,total_assets,Assets,INSTANT,,2010-12-31,21150300000.0,USD,2011.0,FY,10-K,CY2010Q4I
PGR,total_assets,Assets,INSTANT,,2011-03-31,21526100000.0,USD,2012.0,Q1,10-Q,CY2011Q1I
PGR,total_assets,Assets,INSTANT,,2011-06-30,21807600000.0,USD,2012.0,Q2,10-Q,CY2011Q2I
PGR,total_assets,Assets,INSTANT,,2011-09-30,22144300000.0,USD,2012.0,Q3,10-Q,CY2011Q3I
PGR,total_assets,Assets,INSTANT,,2011-12-31,21844800000.0,USD,2012.0,FY,10-K,CY2011Q4I
PGR,total_assets,Assets,INSTANT,,2012-03-31,22349900000.0,USD,2013.0,Q1,10-Q,CY2012Q1I
PGR,total_assets,Assets,INSTANT,,2012-06-30,22719000000.0,USD,2013.0,Q2,10-Q,CY2012Q2I
PGR,total_assets,Assets,INSTANT,,2012-09-30,23487200000.0,USD,2013.0,Q3,10-Q,CY2012Q3I
PGR,total_assets,Assets,INSTANT,,2012-12-31,22694700000.0,USD,2013.0,FY,10-K,CY2012Q4I
PGR,total_assets,Assets,INSTANT,,2013-03-31,23543500000.0,USD,2014.0,Q1,10-Q,CY2013Q1I
PGR,total_assets,Assets,INSTANT,,2013-06-30,23841800000.0,USD,2014.0,Q2,10-Q,CY2013Q2I
PGR,total_assets,Assets,INSTANT,,2013-09-30,24508900000.0,USD,2014.0,Q3,10-Q,CY2013Q3I
PGR,total_assets,Assets,INSTANT,,2013-12-31,24408200000.0,USD,2014.0,FY,10-K,CY2013Q4I
PGR,total_assets,Assets,INSTANT,,2014-03-31,24315400000.0,USD,2015.0,Q1,10-Q,CY2014Q1I
PGR,total_assets,Assets,INSTANT,,2014-06-30,25452700000.0,USD,2015.0,Q2,10-Q,CY2014Q2I
PGR,total_assets,Assets,INSTANT,,2014-09-30,25926000000.0,USD,2015.0,Q3,10-Q,CY2014Q3I
PGR,total_assets,Assets,INSTANT,,2014-12-31,25787600000.0,USD,2015.0,FY,10-K,CY2014Q4I
PGR,total_assets,Assets,INSTANT,,2015-03-31,26880700000.0,USD,2016.0,Q1,10-Q,CY2015Q1I
PGR,total_assets,Assets,INSTANT,,2015-06-30,29304200000.0,USD,2016.0,Q2,10-Q,CY2015Q2I
PGR,total_assets,Assets,INSTANT,,2015-09-30,29935000000.0,USD,2016.0,Q3,10-Q,CY2015Q3I
PGR,total_assets,Assets,INSTANT,,2015-12-31,29819300000.0,USD,2016.0,FY,10-K,CY2015Q4I
PGR,total_assets,Assets,INSTANT,,2016-03-31,30721600000.0,USD,2017.0,Q1,10-Q,CY2016Q1I
PGR,total_assets,Assets,INSTANT,,2016-06-30,31958200000.0,USD,2017.0,Q2,10-Q,CY2016Q2I
PGR,total_assets,Assets,INSTANT,,2016-09-30,33620800000.0,USD,2017.0,Q3,10-Q,CY2016Q3I
PGR,total_assets,Assets,INSTANT,,2016-12-31,33427500000.0,USD,2017.0,FY,10-K,CY2016Q4I
PGR,total_assets,Assets,INSTANT,,2017-03-31,34810500000.0,USD,2018.0,Q1,10-Q,CY2017Q1I
PGR,total_assets,Assets,INSTANT,,2017-06-30,36689800000.0,USD,2018.0,Q2,10-Q,CY2017Q2I
PGR,total_assets,Assets,INSTANT,,2017-09-30,38932600000.0,USD,2018.0,Q3,10-Q,CY2017Q3I
PGR,total_assets,Assets,INSTANT,,2017-12-31,38701200000.0,USD,2018.0,FY,10-K,CY2017Q4I
PGR,total_assets,Assets,INSTANT,,2018-03-31,41330900000.0,USD,2019.0,Q1,10-Q,CY2018Q1I
PGR,total_assets,Assets,INSTANT,,2018-06-30,43363500000.0,USD,2019.0,Q2,10-Q,CY2018Q2I
PGR,total_assets,Assets,INSTANT,,2018-09-30,45543700000.0,USD,2019.0,Q3,10-Q,CY2018Q3I
PGR,total_assets,Assets,INSTANT,,2018-12-31,46575000000.0,USD,2019.0,FY,10-K,CY2018Q4I
PGR,total_assets,Assets,INSTANT,,2019-03-31,48850300000.0,USD,2020.0,Q1,10-Q,CY2019Q1I
PGR,total_assets,Assets,INSTANT,,2019-06-30,51324200000.0,USD,2020.0,Q2,10-Q,CY2019Q2I
PGR,total_assets,Assets,INSTANT,,2019-09-30,54008100000.0,USD,2020.0,Q3,10-Q,CY2019Q3I
PGR,total_assets,Assets,INSTANT,,2019-12-31,54910500000.0,USD,2020.0,FY,10-K,CY2019Q4I
PGR,total_assets,Assets,INSTANT,,2020-03-31,56266400000.0,USD,2021.0,Q1,10-Q,CY2020Q1I
PGR,total_assets,Assets,INSTANT,,2020-06-30,59421400000.0,USD,2021.0,Q2,10-Q,CY2020Q2I
PGR,total_assets,Assets,INSTANT,,2020-09-30,62906000000.0,USD,2021.0,Q3,10-Q,CY2020Q3I
PGR,total_assets,Assets,INSTANT,,2020-12-31,64098300000.0,USD,2021.0,FY,10-K,CY2020Q4I
PGR,total_assets,Assets,INSTANT,,2021-03-31,65413300000.0,USD,2022.0,Q1,10-Q,CY2021Q1I
PGR,total_assets,Assets,INSTANT,,2021-06-30,69824300000.0,USD,2022.0,Q2,10-Q,CY2021Q2I
PGR,total_assets,Assets,INSTANT,,2021-09-30,72618100000.0,USD,2022.0,Q3,10-Q,CY2021Q3I
PGR,total_assets,Assets,INSTANT,,2021-12-31,71132300000.0,USD,2022.0,FY,10-K,CY2021Q4I
PGR,total_assets,Assets,INSTANT,,2022-03-31,73929600000.0,USD,2023.0,Q1,10-Q,CY2022Q1I
PGR,total_assets,Assets,INSTANT,,2022-06-30,73057200000.0,USD,2023.0,Q2,10-Q,CY2022Q2I
PGR,total_assets,Assets,INSTANT,,2022-09-30,75524200000.0,USD,2023.0,Q3,10-Q,CY2022Q3I
PGR,total_assets,Assets,INSTANT,,2022-12-31,75465000000.0,USD,2023.0,FY,10-K,CY2022Q4I
PGR,total_assets,Assets,INSTANT,,2023-03-31,80407100000.0,USD,2024.0,Q1,10-Q,CY2023Q1I
PGR,total_assets,Assets,INSTANT,,2023-06-30,82945200000.0,USD,2024.0,Q2,10-Q,CY2023Q2I
PGR,total_assets,Assets,INSTANT,,2023-09-30,85652600000.0,USD,2024.0,Q3,10-Q,CY2023Q3I
PGR,total_assets,Assets,INSTANT,,2023-12-31,88691000000.0,USD,2024.0,FY,10-K,CY2023Q4I
PGR,total_assets,Assets,INSTANT,,2024-03-31,94128000000.0,USD,2025.0,Q1,10-Q,CY2024Q1I
PGR,total_assets,Assets,INSTANT,,2024-06-30,97893000000.0,USD,2025.0,Q2,10-Q,CY2024Q2I
PGR,total_assets,Assets,INSTANT,,2024-09-30,105203000000.0,USD,2025.0,Q3,10-Q,CY2024Q3I
PGR,total_assets,Assets,INSTANT,,2024-12-31,105745000000.0,USD,2025.0,FY,10-K,CY2024Q4I
PGR,total_assets,Assets,INSTANT,,2025-03-31,111409000000.0,USD,2026.0,Q1,10-Q,CY2025Q1I
PGR,total_assets,Assets,INSTANT,,2025-06-30,115480000000.0,USD,2026.0,Q2,10-Q,CY2025Q2I
PGR,total_assets,Assets,INSTANT,,2025-09-30,121535000000.0,USD,2025.0,Q3,10-Q,CY2025Q3I
PGR,total_assets,Assets,INSTANT,,2025-12-31,123039000000.0,USD,2026.0,Q2,10-Q,CY2025Q4I
PGR,total_assets,Assets,INSTANT,,2026-03-31,122209000000.0,USD,2026.0,Q1,10-Q,CY2026Q1I
PGR,total_assets,Assets,INSTANT,,2026-06-30,124925000000.0,USD,2026.0,Q2,10-Q,CY2026Q2I
PGR,total_liabilities,Liabilities,INSTANT,,2008-06-30,14108900000.0,USD,2009.0,Q2,10-Q,CY2008Q2I
PGR,total_liabilities,Liabilities,INSTANT,,2008-09-30,14379000000.0,USD,2009.0,Q3,10-Q,CY2008Q3I
PGR,total_liabilities,Liabilities,INSTANT,,2008-12-31,14035200000.0,USD,2009.0,FY,10-K,CY2008Q4I
PGR,total_liabilities,Liabilities,INSTANT,,2009-03-31,13911800000.0,USD,2010.0,Q1,10-Q,CY2009Q1I
PGR,total_liabilities,Liabilities,INSTANT,,2009-06-30,14162600000.0,USD,2010.0,Q2,10-Q,CY2009Q2I
PGR,total_liabilities,Liabilities,INSTANT,,2009-09-30,14551000000.0,USD,2010.0,Q3,10-Q,CY2009Q3I
PGR,total_liabilities,Liabilities,INSTANT,,2009-12-31,14300700000.0,USD,2010.0,FY,10-K,CY2009Q4I
PGR,total_liabilities,Liabilities,INSTANT,,2010-03-31,14837400000.0,USD,2011.0,Q1,10-Q,CY2010Q1I
PGR,total_liabilities,Liabilities,INSTANT,,2010-06-30,15192000000.0,USD,2011.0,Q2,10-Q,CY2010Q2I
PGR,total_liabilities,Liabilities,INSTANT,,2010-09-30,15311400000.0,USD,2011.0,Q3,10-Q,CY2010Q3I
PGR,total_liabilities,Liabilities,INSTANT,,2010-12-31,15101400000.0,USD,2011.0,FY,10-K,CY2010Q4I
PGR,total_liabilities,Liabilities,INSTANT,,2011-03-31,15205500000.0,USD,2012.0,Q1,10-Q,CY2011Q1I
PGR,total_liabilities,Liabilities,INSTANT,,2011-06-30,15458100000.0,USD,2012.0,Q2,10-Q,CY2011Q2I
PGR,total_liabilities,Liabilities,INSTANT,,2011-09-30,16328000000.0,USD,2012.0,Q3,10-Q,CY2011Q3I
PGR,total_liabilities,Liabilities,INSTANT,,2011-12-31,16038100000.0,USD,2012.0,FY,10-K,CY2011Q4I
PGR,total_liabilities,Liabilities,INSTANT,,2012-03-31,16099500000.0,USD,2013.0,Q1,10-Q,CY2012Q1I
PGR,total_liabilities,Liabilities,INSTANT,,2012-06-30,16432400000.0,USD,2013.0,Q2,10-Q,CY2012Q2I
PGR,total_liabilities,Liabilities,INSTANT,,2012-09-30,16932600000.0,USD,2013.0,Q3,10-Q,CY2012Q3I
PGR,total_liabilities,Liabilities,INSTANT,,2012-12-31,16687700000.0,USD,2013.0,FY,10-K,CY2012Q4I
PGR,total_liabilities,Liabilities,INSTANT,,2013-03-31,17153700000.0,USD,2014.0,Q1,10-Q,CY2013Q1I
PGR,total_liabilities,Liabilities,INSTANT,,2013-06-30,17317900000.0,USD,2014.0,Q2,10-Q,CY2013Q2I
PGR,total_liabilities,Liabilities,INSTANT,,2013-09-30,17716300000.0,USD,2014.0,Q3,10-Q,CY2013Q3I
PGR,total_liabilities,Liabilities,INSTANT,,2013-12-31,18218700000.0,USD,2014.0,FY,10-K,CY2013Q4I
PGR,total_liabilities,Liabilities,INSTANT,,2014-03-31,17876800000.0,USD,2015.0,Q1,10-Q,CY2014Q1I
PGR,total_liabilities,Liabilities,INSTANT,,2014-06-30,18663500000.0,USD,2015.0,Q2,10-Q,CY2014Q2I
PGR,total_liabilities,Liabilities,INSTANT,,2014-09-30,18990700000.0,USD,2015.0,Q3,10-Q,CY2014Q3I
PGR,total_liabilities,Liabilities,INSTANT,,2014-12-31,18859000000.0,USD,2015.0,FY,10-K,CY2014Q4I
PGR,total_liabilities,Liabilities,INSTANT,,2015-03-31,19678800000.0,USD,2016.0,Q1,10-Q,CY2015Q1I
PGR,total_liabilities,Liabilities,INSTANT,,2015-06-30,21511000000.0,USD,2016.0,Q2,10-Q,CY2015Q2I
PGR,total_liabilities,Liabilities,INSTANT,,2015-09-30,22030100000.0,USD,2016.0,Q3,10-Q,CY2015Q3I
PGR,total_liabilities,Liabilities,INSTANT,,2015-12-31,22065000000.0,USD,2016.0,FY,10-K,CY2015Q4I
PGR,total_liabilities,Liabilities,INSTANT,,2016-03-31,22694300000.0,USD,2017.0,Q1,10-Q,CY2016Q1I
PGR,total_liabilities,Liabilities,INSTANT,,2016-06-30,23655900000.0,USD,2017.0,Q2,10-Q,CY2016Q2I
PGR,total_liabilities,Liabilities,INSTANT,,2016-09-30,25053600000.0,USD,2017.0,Q3,10-Q,CY2016Q3I
PGR,total_liabilities,Liabilities,INSTANT,,2016-12-31,24986700000.0,USD,2017.0,FY,10-K,CY2016Q4I
PGR,total_liabilities,Liabilities,INSTANT,,2017-03-31,25793400000.0,USD,2018.0,Q1,10-Q,CY2017Q1I
PGR,total_liabilities,Liabilities,INSTANT,,2017-06-30,27196500000.0,USD,2018.0,Q2,10-Q,CY2017Q2I
PGR,total_liabilities,Liabilities,INSTANT,,2017-09-30,29145000000.0,USD,2018.0,Q3,10-Q,CY2017Q3I
PGR,total_liabilities,Liabilities,INSTANT,,2017-12-31,28912700000.0,USD,2018.0,FY,10-K,CY2017Q4I
PGR,total_liabilities,Liabilities,INSTANT,,2018-03-31,30493500000.0,USD,2019.0,Q1,10-Q,CY2018Q1I
PGR,total_liabilities,Liabilities,INSTANT,,2018-06-30,32144500000.0,USD,2019.0,Q2,10-Q,CY2018Q2I
PGR,total_liabilities,Liabilities,INSTANT,,2018-09-30,33467500000.0,USD,2019.0,Q3,10-Q,CY2018Q3I
PGR,total_liabilities,Liabilities,INSTANT,,2018-12-31,35538700000.0,USD,2019.0,FY,10-K,CY2018Q4I
PGR,total_liabilities,Liabilities,INSTANT,,2019-03-31,36518400000.0,USD,2020.0,Q1,10-Q,CY2019Q1I
PGR,total_liabilities,Liabilities,INSTANT,,2019-06-30,37773300000.0,USD,2020.0,Q2,10-Q,CY2019Q2I
PGR,total_liabilities,Liabilities,INSTANT,,2019-09-30,39661900000.0,USD,2020.0,Q3,10-Q,CY2019Q3I
PGR,total_liabilities,Liabilities,INSTANT,,2019-12-31,41011700000.0,USD,2020.0,FY,10-K,CY2019Q4I
PGR,total_liabilities,Liabilities,INSTANT,,2020-03-31,41689300000.0,USD,2021.0,Q1,10-Q,CY2020Q1I
PGR,total_liabilities,Liabilities,INSTANT,,2020-06-30,42750800000.0,USD,2021.0,Q2,10-Q,CY2020Q2I
PGR,total_liabilities,Liabilities,INSTANT,,2020-09-30,44818800000.0,USD,2021.0,Q3,10-Q,CY2020Q3I
PGR,total_liabilities,Liabilities,INSTANT,,2020-12-31,47059700000.0,USD,2021.0,FY,10-K,CY2020Q4I
PGR,total_liabilities,Liabilities,INSTANT,,2021-03-31,47576800000.0,USD,2022.0,Q1,10-Q,CY2021Q1I
PGR,total_liabilities,Liabilities,INSTANT,,2021-06-30,51148700000.0,USD,2022.0,Q2,10-Q,CY2021Q2I
PGR,total_liabilities,Liabilities,INSTANT,,2021-09-30,54060000000.0,USD,2022.0,Q3,10-Q,CY2021Q3I
PGR,total_liabilities,Liabilities,INSTANT,,2021-12-31,52900700000.0,USD,2022.0,FY,10-K,CY2021Q4I
PGR,total_liabilities,Liabilities,INSTANT,,2022-03-31,56878400000.0,USD,2023.0,Q1,10-Q,CY2022Q1I
PGR,total_liabilities,Liabilities,INSTANT,,2022-06-30,57404500000.0,USD,2023.0,Q2,10-Q,CY2022Q2I
PGR,total_liabilities,Liabilities,INSTANT,,2022-09-30,60748000000.0,USD,2023.0,Q3,10-Q,CY2022Q3I
PGR,total_liabilities,Liabilities,INSTANT,,2022-12-31,59574000000.0,USD,2023.0,FY,10-K,CY2022Q4I
PGR,total_liabilities,Liabilities,INSTANT,,2023-03-31,63538700000.0,USD,2024.0,Q1,10-Q,CY2023Q1I
PGR,total_liabilities,Liabilities,INSTANT,,2023-06-30,66233900000.0,USD,2024.0,Q2,10-Q,CY2023Q2I
PGR,total_liabilities,Liabilities,INSTANT,,2023-09-30,68257300000.0,USD,2024.0,Q3,10-Q,CY2023Q3I
PGR,total_liabilities,Liabilities,INSTANT,,2023-12-31,68414000000.0,USD,2024.0,FY,10-K,CY2023Q4I
PGR,total_liabilities,Liabilities,INSTANT,,2024-03-31,72317000000.0,USD,2025.0,Q1,10-Q,CY2024Q1I
PGR,total_liabilities,Liabilities,INSTANT,,2024-06-30,74553000000.0,USD,2025.0,Q2,10-Q,CY2024Q2I
PGR,total_liabilities,Liabilities,INSTANT,,2024-09-30,78044000000.0,USD,2025.0,Q3,10-Q,CY2024Q3I
PGR,total_liabilities,Liabilities,INSTANT,,2024-12-31,80154000000.0,USD,2025.0,FY,10-K,CY2024Q4I
PGR,total_liabilities,Liabilities,INSTANT,,2025-03-31,82455000000.0,USD,2026.0,Q1,10-Q,CY2025Q1I
PGR,total_liabilities,Liabilities,INSTANT,,2025-06-30,82876000000.0,USD,2026.0,Q2,10-Q,CY2025Q2I
PGR,total_liabilities,Liabilities,INSTANT,,2025-09-30,86090000000.0,USD,2025.0,Q3,10-Q,CY2025Q3I
PGR,total_liabilities,Liabilities,INSTANT,,2025-12-31,92716000000.0,USD,2026.0,Q2,10-Q,CY2025Q4I
PGR,total_liabilities,Liabilities,INSTANT,,2026-03-31,90170000000.0,USD,2026.0,Q1,10-Q,CY2026Q1I
PGR,total_liabilities,Liabilities,INSTANT,,2026-06-30,90592000000.0,USD,2026.0,Q2,10-Q,CY2026Q2I
RBA,accounts_receivable,AccountsReceivableNetCurrent,INSTANT,,2014-12-31,76062000.0,USD,2015.0,FY,10-K,CY2014Q4I
RBA,accounts_receivable,AccountsReceivableNetCurrent,INSTANT,,2015-12-31,59412000.0,USD,2016.0,FY,10-K,CY2015Q4I
RBA,accounts_receivable,AccountsReceivableNetCurrent,INSTANT,,2016-03-31,131098000.0,USD,2016.0,Q1,10-Q,CY2016Q1I
RBA,accounts_receivable,AccountsReceivableNetCurrent,INSTANT,,2016-06-30,131183000.0,USD,2016.0,Q2,10-Q,CY2016Q2I
RBA,accounts_receivable,AccountsReceivableNetCurrent,INSTANT,,2016-09-30,192420000.0,USD,2016.0,Q3,10-Q,CY2016Q3I
RBA,accounts_receivable,AccountsReceivableNetCurrent,INSTANT,,2016-12-31,52979000.0,USD,2017.0,FY,10-K,CY2016Q4I
RBA,accounts_receivable,AccountsReceivableNetCurrent,INSTANT,,2017-03-31,112353000.0,USD,2017.0,Q1,10-Q,CY2017Q1I
RBA,accounts_receivable,AccountsReceivableNetCurrent,INSTANT,,2017-06-30,135395000.0,USD,2017.0,Q2,10-Q,CY2017Q2I
RBA,accounts_receivable,AccountsReceivableNetCurrent,INSTANT,,2017-09-30,212330000.0,USD,2017.0,Q3,10-Q,CY2017Q3I
RBA,accounts_receivable,AccountsReceivableNetCurrent,INSTANT,,2017-12-31,92105000.0,USD,2018.0,FY,10-K,CY2017Q4I
RBA,accounts_receivable,AccountsReceivableNetCurrent,INSTANT,,2018-03-31,182157000.0,USD,2018.0,Q1,10-Q,CY2018Q1I
RBA,accounts_receivable,AccountsReceivableNetCurrent,INSTANT,,2018-06-30,188993000.0,USD,2018.0,Q2,10-Q,CY2018Q2I
RBA,accounts_receivable,AccountsReceivableNetCurrent,INSTANT,,2018-09-30,247972000.0,USD,2018.0,Q3,10-Q,CY2018Q3I
RBA,accounts_receivable,AccountsReceivableNetCurrent,INSTANT,,2018-12-31,129257000.0,USD,2019.0,FY,10-K,CY2018Q4I
RBA,accounts_receivable,AccountsReceivableNetCurrent,INSTANT,,2019-03-31,220452000.0,USD,2019.0,Q1,10-Q,CY2019Q1I
RBA,accounts_receivable,AccountsReceivableNetCurrent,INSTANT,,2019-06-30,338618000.0,USD,2019.0,Q2,10-Q,CY2019Q2I
RBA,accounts_receivable,AccountsReceivableNetCurrent,INSTANT,,2019-09-30,249925000.0,USD,2019.0,Q3,10-Q,CY2019Q3I
RBA,accounts_receivable,AccountsReceivableNetCurrent,INSTANT,,2019-12-31,142627000.0,USD,2020.0,FY,10-K,CY2019Q4I
RBA,accounts_receivable,AccountsReceivableNetCurrent,INSTANT,,2020-12-31,135001000.0,USD,2021.0,FY,10-K,CY2020Q4I
RBA,accounts_receivable,AccountsReceivableNetCurrent,INSTANT,,2021-12-31,150895000.0,USD,2022.0,FY,10-K,CY2021Q4I
RBA,accounts_receivable,AccountsReceivableNetCurrent,INSTANT,,2022-12-31,183200000.0,USD,2023.0,FY,10-K,CY2022Q4I
RBA,accounts_receivable,AccountsReceivableNetCurrent,INSTANT,,2023-03-31,789000000.0,USD,2023.0,Q1,10-Q,CY2023Q1I
RBA,accounts_receivable,AccountsReceivableNetCurrent,INSTANT,,2023-06-30,894700000.0,USD,2023.0,Q2,10-Q,CY2023Q2I
RBA,accounts_receivable,AccountsReceivableNetCurrent,INSTANT,,2023-09-30,908700000.0,USD,2023.0,Q3,10-Q,CY2023Q3I
RBA,accounts_receivable,AccountsReceivableNetCurrent,INSTANT,,2023-12-31,731500000.0,USD,2024.0,FY,10-K,CY2023Q4I
RBA,accounts_receivable,AccountsReceivableNetCurrent,INSTANT,,2024-03-31,944600000.0,USD,2024.0,Q1,10-Q,CY2024Q1I
RBA,accounts_receivable,AccountsReceivableNetCurrent,INSTANT,,2024-06-30,911800000.0,USD,2024.0,Q2,10-Q,CY2024Q2I
RBA,accounts_receivable,AccountsReceivableNetCurrent,INSTANT,,2024-09-30,736300000.0,USD,2024.0,Q3,10-Q,CY2024Q3I
RBA,accounts_receivable,AccountsReceivableNetCurrent,INSTANT,,2024-12-31,709400000.0,USD,2025.0,FY,10-K,CY2024Q4I
RBA,accounts_receivable,AccountsReceivableNetCurrent,INSTANT,,2025-03-31,770400000.0,USD,2025.0,Q1,10-Q,CY2025Q1I
RBA,accounts_receivable,AccountsReceivableNetCurrent,INSTANT,,2025-06-30,766100000.0,USD,2025.0,Q2,10-Q,CY2025Q2I
RBA,accounts_receivable,AccountsReceivableNetCurrent,INSTANT,,2025-09-30,697600000.0,USD,2025.0,Q3,10-Q,CY2025Q3I
RBA,accounts_receivable,AccountsReceivableNetCurrent,INSTANT,,2025-12-31,706300000.0,USD,2026.0,Q2,10-Q,CY2025Q4I
RBA,accounts_receivable,AccountsReceivableNetCurrent,INSTANT,,2026-03-31,894800000.0,USD,2026.0,Q1,10-Q,CY2026Q1I
RBA,accounts_receivable,AccountsReceivableNetCurrent,INSTANT,,2026-06-30,854400000.0,USD,2026.0,Q2,10-Q,CY2026Q2I
RBA,cash,CashAndCashEquivalentsAtCarryingValue,INSTANT,,2012-12-31,92401000.0,USD,2015.0,FY,10-K,CY2012Q4I
RBA,cash,CashAndCashEquivalentsAtCarryingValue,INSTANT,,2013-12-31,114596000.0,USD,2015.0,FY,10-K,CY2013Q4I
RBA,cash,CashAndCashEquivalentsAtCarryingValue,INSTANT,,2014-12-31,139815000.0,USD,2016.0,FY,10-K,CY2014Q4I
RBA,cash,CashAndCashEquivalentsAtCarryingValue,INSTANT,,2015-03-31,176260000.0,USD,2016.0,Q1,10-Q,CY2015Q1I
RBA,cash,CashAndCashEquivalentsAtCarryingValue,INSTANT,,2015-06-30,214209000.0,USD,2016.0,Q2,10-Q,CY2015Q2I
RBA,cash,CashAndCashEquivalentsAtCarryingValue,INSTANT,,2015-09-30,206555000.0,USD,2016.0,Q3,10-Q,CY2015Q3I
RBA,cash,CashAndCashEquivalentsAtCarryingValue,INSTANT,,2015-12-31,210148000.0,USD,2017.0,FY,10-K,CY2015Q4I
RBA,cash,CashAndCashEquivalentsAtCarryingValue,INSTANT,,2016-03-31,294074000.0,USD,2017.0,Q1,10-Q,CY2016Q1I
RBA,cash,CashAndCashEquivalentsAtCarryingValue,INSTANT,,2016-06-30,166501000.0,USD,2017.0,Q2,10-Q,CY2016Q2I
RBA,cash,CashAndCashEquivalentsAtCarryingValue,INSTANT,,2016-09-30,230984000.0,USD,2017.0,Q3,10-Q,CY2016Q3I
RBA,cash,CashAndCashEquivalentsAtCarryingValue,INSTANT,,2016-12-31,207867000.0,USD,2018.0,FY,10-K,CY2016Q4I
RBA,cash,CashAndCashEquivalentsAtCarryingValue,INSTANT,,2017-03-31,236894000.0,USD,2017.0,Q1,10-Q,CY2017Q1I
RBA,cash,CashAndCashEquivalentsAtCarryingValue,INSTANT,,2017-06-30,254103000.0,USD,2017.0,Q2,10-Q,CY2017Q2I
RBA,cash,CashAndCashEquivalentsAtCarryingValue,INSTANT,,2017-09-30,224474000.0,USD,2017.0,Q3,10-Q,CY2017Q3I
RBA,cash,CashAndCashEquivalentsAtCarryingValue,INSTANT,,2017-12-31,267910000.0,USD,2019.0,FY,10-K,CY2017Q4I
RBA,cash,CashAndCashEquivalentsAtCarryingValue,INSTANT,,2018-03-31,278944000.0,USD,2018.0,Q1,10-Q,CY2018Q1I
RBA,cash,CashAndCashEquivalentsAtCarryingValue,INSTANT,,2018-06-30,210566000.0,USD,2018.0,Q2,10-Q,CY2018Q2I
RBA,cash,CashAndCashEquivalentsAtCarryingValue,INSTANT,,2018-09-30,228764000.0,USD,2018.0,Q3,10-Q,CY2018Q3I
RBA,cash,CashAndCashEquivalentsAtCarryingValue,INSTANT,,2018-12-31,237744000.0,USD,2020.0,FY,10-K,CY2018Q4I
RBA,cash,CashAndCashEquivalentsAtCarryingValue,INSTANT,,2019-03-31,266491000.0,USD,2019.0,Q1,10-Q,CY2019Q1I
RBA,cash,CashAndCashEquivalentsAtCarryingValue,INSTANT,,2019-06-30,210429000.0,USD,2019.0,Q2,10-Q,CY2019Q2I
RBA,cash,CashAndCashEquivalentsAtCarryingValue,INSTANT,,2019-09-30,309555000.0,USD,2019.0,Q3,10-Q,CY2019Q3I
RBA,cash,CashAndCashEquivalentsAtCarryingValue,INSTANT,,2019-12-31,359671000.0,USD,2021.0,FY,10-K,CY2019Q4I
RBA,cash,CashAndCashEquivalentsAtCarryingValue,INSTANT,,2020-03-31,290094000.0,USD,2020.0,Q1,10-Q,CY2020Q1I
RBA,cash,CashAndCashEquivalentsAtCarryingValue,INSTANT,,2020-06-30,389720000.0,USD,2020.0,Q2,10-Q,CY2020Q2I
RBA,cash,CashAndCashEquivalentsAtCarryingValue,INSTANT,,2020-09-30,470285000.0,USD,2020.0,Q3,10-Q,CY2020Q3I
RBA,cash,CashAndCashEquivalentsAtCarryingValue,INSTANT,,2020-12-31,278766000.0,USD,2022.0,FY,10-K,CY2020Q4I
RBA,cash,CashAndCashEquivalentsAtCarryingValue,INSTANT,,2021-03-31,294380000.0,USD,2021.0,Q1,10-Q,CY2021Q1I
RBA,cash,CashAndCashEquivalentsAtCarryingValue,INSTANT,,2021-06-30,301757000.0,USD,2021.0,Q2,10-Q,CY2021Q2I
RBA,cash,CashAndCashEquivalentsAtCarryingValue,INSTANT,,2021-09-30,362612000.0,USD,2021.0,Q3,10-Q,CY2021Q3I
RBA,cash,CashAndCashEquivalentsAtCarryingValue,INSTANT,,2021-12-31,326113000.0,USD,2022.0,FY,10-K,CY2021Q4I
RBA,cash,CashAndCashEquivalentsAtCarryingValue,INSTANT,,2022-03-31,440120000.0,USD,2022.0,Q1,10-Q,CY2022Q1I
RBA,cash,CashAndCashEquivalentsAtCarryingValue,INSTANT,,2022-06-30,367289000.0,USD,2022.0,Q1,10-Q,CY2022Q2I
RBA,cash,CashAndCashEquivalentsAtCarryingValue,INSTANT,,2022-09-30,438771000.0,USD,2022.0,Q3,10-Q,CY2022Q3I
RBA,cash,CashAndCashEquivalentsAtCarryingValue,INSTANT,,2022-12-31,494300000.0,USD,2023.0,FY,10-K,CY2022Q4I
RBA,cash,CashAndCashEquivalentsAtCarryingValue,INSTANT,,2023-03-31,568300000.0,USD,2023.0,Q1,10-Q,CY2023Q1I
RBA,cash,CashAndCashEquivalentsAtCarryingValue,INSTANT,,2023-06-30,432900000.0,USD,2023.0,Q2,10-Q,CY2023Q2I
RBA,cash,CashAndCashEquivalentsAtCarryingValue,INSTANT,,2023-09-30,428300000.0,USD,2023.0,Q3,10-Q,CY2023Q3I
RBA,cash,CashAndCashEquivalentsAtCarryingValue,INSTANT,,2023-12-31,576200000.0,USD,2024.0,FY,10-K,CY2023Q4I
RBA,cash,CashAndCashEquivalentsAtCarryingValue,INSTANT,,2024-03-31,462800000.0,USD,2024.0,Q1,10-Q,CY2024Q1I
RBA,cash,CashAndCashEquivalentsAtCarryingValue,INSTANT,,2024-06-30,599500000.0,USD,2024.0,Q2,10-Q,CY2024Q2I
RBA,cash,CashAndCashEquivalentsAtCarryingValue,INSTANT,,2024-09-30,650700000.0,USD,2024.0,Q3,10-Q,CY2024Q3I
RBA,cash,CashAndCashEquivalentsAtCarryingValue,INSTANT,,2024-12-31,533900000.0,USD,2025.0,FY,10-K,CY2024Q4I
RBA,cash,CashAndCashEquivalentsAtCarryingValue,INSTANT,,2025-03-31,578100000.0,USD,2025.0,Q1,10-Q,CY2025Q1I
RBA,cash,CashAndCashEquivalentsAtCarryingValue,INSTANT,,2025-06-30,710200000.0,USD,2025.0,Q2,10-Q,CY2025Q2I
RBA,cash,CashAndCashEquivalentsAtCarryingValue,INSTANT,,2025-09-30,674700000.0,USD,2025.0,Q3,10-Q,CY2025Q3I
RBA,cash,CashAndCashEquivalentsAtCarryingValue,INSTANT,,2025-12-31,531500000.0,USD,2026.0,Q2,10-Q,CY2025Q4I
RBA,cash,CashAndCashEquivalentsAtCarryingValue,INSTANT,,2026-03-31,667200000.0,USD,2026.0,Q1,10-Q,CY2026Q1I
RBA,cash,CashAndCashEquivalentsAtCarryingValue,INSTANT,,2026-06-30,524900000.0,USD,2026.0,Q2,10-Q,CY2026Q2I
RBA,equity,StockholdersEquity,INSTANT,,2014-12-31,691932000.0,USD,2015.0,FY,10-K,CY2014Q4I
RBA,equity,StockholdersEquity,INSTANT,,2015-12-31,703176000.0,USD,2016.0,FY,10-K,CY2015Q4I
RBA,equity,StockholdersEquity,INSTANT,,2016-03-31,676463000.0,USD,2016.0,Q1,10-Q,CY2016Q1I
RBA,equity,StockholdersEquity,INSTANT,,2016-06-30,709016000.0,USD,2016.0,Q2,10-Q,CY2016Q2I
RBA,equity,StockholdersEquity,INSTANT,,2016-09-30,689629000.0,USD,2016.0,Q3,10-Q,CY2016Q3I
RBA,equity,StockholdersEquity,INSTANT,,2016-12-31,687057000.0,USD,2017.0,FY,10-K,CY2016Q4I
RBA,equity,StockholdersEquity,INSTANT,,2017-03-31,691374000.0,USD,2017.0,Q1,10-Q,CY2017Q1I
RBA,equity,StockholdersEquity,INSTANT,,2017-06-30,711647000.0,USD,2017.0,Q2,10-Q,CY2017Q2I
RBA,equity,StockholdersEquity,INSTANT,,2017-09-30,714735000.0,USD,2017.0,Q3,10-Q,CY2017Q3I
RBA,equity,StockholdersEquity,INSTANT,,2017-12-31,739682000.0,USD,2018.0,FY,10-K,CY2017Q4I
RBA,equity,StockholdersEquity,INSTANT,,2018-03-31,752300000.0,USD,2018.0,Q1,10-Q,CY2018Q1I
RBA,equity,StockholdersEquity,INSTANT,,2018-06-30,786369000.0,USD,2018.0,Q2,10-Q,CY2018Q2I
RBA,equity,StockholdersEquity,INSTANT,,2018-09-30,815512000.0,USD,2018.0,Q3,10-Q,CY2018Q3I
RBA,equity,StockholdersEquity,INSTANT,,2018-12-31,830643000.0,USD,2019.0,FY,10-K,CY2018Q4I
RBA,equity,StockholdersEquity,INSTANT,,2019-03-31,828066000.0,USD,2019.0,Q1,10-Q,CY2019Q1I
RBA,equity,StockholdersEquity,INSTANT,,2019-06-30,830684000.0,USD,2019.0,Q2,10-Q,CY2019Q2I
RBA,equity,StockholdersEquity,INSTANT,,2019-09-30,838164000.0,USD,2019.0,Q3,10-Q,CY2019Q3I
RBA,equity,StockholdersEquity,INSTANT,,2019-12-31,901833000.0,USD,2020.0,FY,10-K,CY2019Q4I
RBA,equity,StockholdersEquity,INSTANT,,2020-03-31,839805000.0,USD,2020.0,Q1,10-Q,CY2020Q1I
RBA,equity,StockholdersEquity,INSTANT,,2020-06-30,899054000.0,USD,2020.0,Q2,10-Q,CY2020Q2I
RBA,equity,StockholdersEquity,INSTANT,,2020-09-30,959484000.0,USD,2020.0,Q3,10-Q,CY2020Q3I
RBA,equity,StockholdersEquity,INSTANT,,2020-12-31,1007245000.0,USD,2021.0,FY,10-K,CY2020Q4I
RBA,equity,StockholdersEquity,INSTANT,,2021-03-31,1005519000.0,USD,2021.0,Q1,10-Q,CY2021Q1I
RBA,equity,StockholdersEquity,INSTANT,,2021-06-30,1056330000.0,USD,2021.0,Q2,10-Q,CY2021Q2I
RBA,equity,StockholdersEquity,INSTANT,,2021-09-30,1061941000.0,USD,2021.0,Q3,10-Q,CY2021Q3I
RBA,equity,StockholdersEquity,INSTANT,,2021-12-31,1070675000.0,USD,2022.0,FY,10-K,CY2021Q4I
RBA,equity,StockholdersEquity,INSTANT,,2022-03-31,1224980000.0,USD,2022.0,Q1,10-Q,CY2022Q1I
RBA,equity,StockholdersEquity,INSTANT,,2022-06-30,1243676000.0,USD,2022.0,Q1,10-Q,CY2022Q2I
RBA,equity,StockholdersEquity,INSTANT,,2022-09-30,1238802000.0,USD,2022.0,Q3,10-Q,CY2022Q3I
RBA,equity,StockholdersEquity,INSTANT,,2022-12-31,1289600000.0,USD,2023.0,FY,10-K,CY2022Q4I
RBA,equity,StockholdersEquity,INSTANT,,2023-03-31,4861500000.0,USD,2023.0,Q1,10-Q,CY2023Q1I
RBA,equity,StockholdersEquity,INSTANT,,2023-06-30,4919800000.0,USD,2023.0,Q2,10-Q,CY2023Q2I
RBA,equity,StockholdersEquity,INSTANT,,2023-09-30,4911800000.0,USD,2023.0,Q3,10-Q,CY2023Q3I
RBA,equity,StockholdersEquity,INSTANT,,2023-12-31,5016700000.0,USD,2024.0,FY,10-K,CY2023Q4I
RBA,equity,StockholdersEquity,INSTANT,,2024-03-31,5066300000.0,USD,2024.0,Q1,10-Q,CY2024Q1I
RBA,equity,StockholdersEquity,INSTANT,,2024-06-30,5155300000.0,USD,2024.0,Q2,10-Q,CY2024Q2I
RBA,equity,StockholdersEquity,INSTANT,,2024-09-30,5209100000.0,USD,2024.0,Q3,10-Q,CY2024Q3I
RBA,equity,StockholdersEquity,INSTANT,,2024-12-31,5224000000.0,USD,2025.0,FY,10-K,CY2024Q4I
RBA,equity,StockholdersEquity,INSTANT,,2025-03-31,5283500000.0,USD,2025.0,Q1,10-Q,CY2025Q1I
RBA,equity,StockholdersEquity,INSTANT,,2025-06-30,5452600000.0,USD,2025.0,Q2,10-Q,CY2025Q2I
RBA,equity,StockholdersEquity,INSTANT,,2025-09-30,5483500000.0,USD,2025.0,Q3,10-Q,CY2025Q3I
RBA,equity,StockholdersEquity,INSTANT,,2025-12-31,5571400000.0,USD,2026.0,Q2,10-Q,CY2025Q4I
RBA,equity,StockholdersEquity,INSTANT,,2026-03-31,5618900000.0,USD,2026.0,Q1,10-Q,CY2026Q1I
RBA,equity,StockholdersEquity,INSTANT,,2026-06-30,5567900000.0,USD,2026.0,Q2,10-Q,CY2026Q2I
RBA,goodwill,Goodwill,INSTANT,,2013-12-31,83397000.0,USD,2015.0,FY,10-K,CY2013Q4I
RBA,goodwill,Goodwill,INSTANT,,2014-12-31,82354000.0,USD,2016.0,FY,10-K,CY2014Q4I
RBA,goodwill,Goodwill,INSTANT,,2015-12-31,91234000.0,USD,2017.0,FY,10-K,CY2015Q4I
RBA,goodwill,Goodwill,INSTANT,,2016-03-31,111569000.0,USD,2016.0,Q1,10-Q,CY2016Q1I
RBA,goodwill,Goodwill,INSTANT,,2016-06-30,111576000.0,USD,2016.0,Q2,10-Q,CY2016Q2I
RBA,goodwill,Goodwill,INSTANT,,2016-09-30,92307000.0,USD,2016.0,Q3,10-Q,CY2016Q3I
RBA,goodwill,Goodwill,INSTANT,,2016-12-31,97537000.0,USD,2018.0,FY,10-K,CY2016Q4I
RBA,goodwill,Goodwill,INSTANT,,2017-03-31,98065000.0,USD,2017.0,Q1,10-Q,CY2017Q1I
RBA,goodwill,Goodwill,INSTANT,,2017-06-30,667573000.0,USD,2017.0,Q2,10-Q,CY2017Q2I
RBA,goodwill,Goodwill,INSTANT,,2017-09-30,669646000.0,USD,2017.0,Q3,10-Q,CY2017Q3I
RBA,goodwill,Goodwill,INSTANT,,2017-12-31,670922000.0,USD,2019.0,FY,10-K,CY2017Q4I
RBA,goodwill,Goodwill,INSTANT,,2018-03-31,674097000.0,USD,2018.0,Q1,10-Q,CY2018Q1I
RBA,goodwill,Goodwill,INSTANT,,2018-06-30,672909000.0,USD,2018.0,Q2,10-Q,CY2018Q2I
RBA,goodwill,Goodwill,INSTANT,,2018-09-30,673191000.0,USD,2018.0,Q3,10-Q,CY2018Q3I
RBA,goodwill,Goodwill,INSTANT,,2018-12-31,671594000.0,USD,2020.0,FY,10-K,CY2018Q4I
RBA,goodwill,Goodwill,INSTANT,,2019-03-31,671797000.0,USD,2019.0,Q1,10-Q,CY2019Q1I
RBA,goodwill,Goodwill,INSTANT,,2019-06-30,672505000.0,USD,2019.0,Q2,10-Q,CY2019Q2I
RBA,goodwill,Goodwill,INSTANT,,2019-09-30,671378000.0,USD,2019.0,Q3,10-Q,CY2019Q3I
RBA,goodwill,Goodwill,INSTANT,,2019-12-31,672310000.0,USD,2021.0,FY,10-K,CY2019Q4I
RBA,goodwill,Goodwill,INSTANT,,2020-03-31,670136000.0,USD,2020.0,Q1,10-Q,CY2020Q1I
RBA,goodwill,Goodwill,INSTANT,,2020-06-30,671368000.0,USD,2020.0,Q2,10-Q,CY2020Q2I
RBA,goodwill,Goodwill,INSTANT,,2020-09-30,672746000.0,USD,2020.0,Q3,10-Q,CY2020Q3I
RBA,goodwill,Goodwill,INSTANT,,2020-12-31,840610000.0,USD,2022.0,FY,10-K,CY2020Q4I
RBA,goodwill,Goodwill,INSTANT,,2021-03-31,840632000.0,USD,2021.0,Q1,10-Q,CY2021Q1I
RBA,goodwill,Goodwill,INSTANT,,2021-06-30,838798000.0,USD,2021.0,Q2,10-Q,CY2021Q2I
RBA,goodwill,Goodwill,INSTANT,,2021-09-30,837708000.0,USD,2021.0,Q3,10-Q,CY2021Q3I
RBA,goodwill,Goodwill,INSTANT,,2021-12-31,947700000.0,USD,2023.0,FY,10-K,CY2021Q4I
RBA,goodwill,Goodwill,INSTANT,,2022-03-31,947798000.0,USD,2022.0,Q1,10-Q,CY2022Q1I
RBA,goodwill,Goodwill,INSTANT,,2022-06-30,945950000.0,USD,2022.0,Q1,10-Q,CY2022Q2I
RBA,goodwill,Goodwill,INSTANT,,2022-09-30,946770000.0,USD,2022.0,Q3,10-Q,CY2022Q3I
RBA,goodwill,Goodwill,INSTANT,,2022-12-31,948800000.0,USD,2024.0,FY,10-K,CY2022Q4I
RBA,goodwill,Goodwill,INSTANT,,2023-03-31,4769100000.0,USD,2023.0,Q1,10-Q,CY2023Q1I
RBA,goodwill,Goodwill,INSTANT,,2023-06-30,4705200000.0,USD,2023.0,Q2,10-Q,CY2023Q2I
RBA,goodwill,Goodwill,INSTANT,,2023-09-30,4508200000.0,USD,2023.0,Q3,10-Q,CY2023Q3I
RBA,goodwill,Goodwill,INSTANT,,2023-12-31,4537000000.0,USD,2025.0,FY,10-K,CY2023Q4I
RBA,goodwill,Goodwill,INSTANT,,2024-03-31,4528800000.0,USD,2024.0,Q1,10-Q,CY2024Q1I
RBA,goodwill,Goodwill,INSTANT,,2024-06-30,4526400000.0,USD,2024.0,Q2,10-Q,CY2024Q2I
RBA,goodwill,Goodwill,INSTANT,,2024-09-30,4537100000.0,USD,2024.0,Q3,10-Q,CY2024Q3I
RBA,goodwill,Goodwill,INSTANT,,2024-12-31,4511800000.0,USD,2025.0,FY,10-K,CY2024Q4I
RBA,goodwill,Goodwill,INSTANT,,2025-03-31,4515200000.0,USD,2025.0,Q1,10-Q,CY2025Q1I
RBA,goodwill,Goodwill,INSTANT,,2025-06-30,4533000000.0,USD,2025.0,Q2,10-Q,CY2025Q2I
RBA,goodwill,Goodwill,INSTANT,,2025-09-30,4680000000.0,USD,2025.0,Q3,10-Q,CY2025Q3I
RBA,goodwill,Goodwill,INSTANT,,2025-12-31,4668000000.0,USD,2026.0,Q2,10-Q,CY2025Q4I
RBA,goodwill,Goodwill,INSTANT,,2026-03-31,4662300000.0,USD,2026.0,Q1,10-Q,CY2026Q1I
RBA,goodwill,Goodwill,INSTANT,,2026-06-30,4930000000.0,USD,2026.0,Q2,10-Q,CY2026Q2I
RBA,ppe_net,PropertyPlantAndEquipmentNet,INSTANT,,2014-12-31,580701000.0,USD,2015.0,FY,10-K,CY2014Q4I
RBA,ppe_net,PropertyPlantAndEquipmentNet,INSTANT,,2015-12-31,528591000.0,USD,2016.0,FY,10-K,CY2015Q4I
RBA,ppe_net,PropertyPlantAndEquipmentNet,INSTANT,,2016-03-31,535864000.0,USD,2016.0,Q1,10-Q,CY2016Q1I
RBA,ppe_net,PropertyPlantAndEquipmentNet,INSTANT,,2016-06-30,529329000.0,USD,2016.0,Q2,10-Q,CY2016Q2I
RBA,ppe_net,PropertyPlantAndEquipmentNet,INSTANT,,2016-09-30,528634000.0,USD,2016.0,Q3,10-Q,CY2016Q3I
RBA,ppe_net,PropertyPlantAndEquipmentNet,INSTANT,,2016-12-31,515030000.0,USD,2017.0,FY,10-K,CY2016Q4I
RBA,ppe_net,PropertyPlantAndEquipmentNet,INSTANT,,2017-03-31,515019000.0,USD,2017.0,Q1,10-Q,CY2017Q1I
RBA,ppe_net,PropertyPlantAndEquipmentNet,INSTANT,,2017-06-30,524212000.0,USD,2017.0,Q2,10-Q,CY2017Q2I
RBA,ppe_net,PropertyPlantAndEquipmentNet,INSTANT,,2017-09-30,530495000.0,USD,2017.0,Q3,10-Q,CY2017Q3I
RBA,ppe_net,PropertyPlantAndEquipmentNet,INSTANT,,2017-12-31,526581000.0,USD,2018.0,FY,10-K,CY2017Q4I
RBA,ppe_net,PropertyPlantAndEquipmentNet,INSTANT,,2018-03-31,522871000.0,USD,2018.0,Q1,10-Q,CY2018Q1I
RBA,ppe_net,PropertyPlantAndEquipmentNet,INSTANT,,2018-06-30,512527000.0,USD,2018.0,Q2,10-Q,CY2018Q2I
RBA,ppe_net,PropertyPlantAndEquipmentNet,INSTANT,,2018-09-30,504738000.0,USD,2018.0,Q3,10-Q,CY2018Q3I
RBA,ppe_net,PropertyPlantAndEquipmentNet,INSTANT,,2018-12-31,486599000.0,USD,2019.0,FY,10-K,CY2018Q4I
RBA,ppe_net,PropertyPlantAndEquipmentNet,INSTANT,,2019-03-31,469068000.0,USD,2019.0,Q1,10-Q,CY2019Q1I
RBA,ppe_net,PropertyPlantAndEquipmentNet,INSTANT,,2019-06-30,473036000.0,USD,2019.0,Q2,10-Q,CY2019Q2I
RBA,ppe_net,PropertyPlantAndEquipmentNet,INSTANT,,2019-09-30,476776000.0,USD,2019.0,Q3,10-Q,CY2019Q3I
RBA,ppe_net,PropertyPlantAndEquipmentNet,INSTANT,,2019-12-31,484482000.0,USD,2020.0,FY,10-K,CY2019Q4I
RBA,ppe_net,PropertyPlantAndEquipmentNet,INSTANT,,2020-03-31,477327000.0,USD,2020.0,Q1,10-Q,CY2020Q1I
RBA,ppe_net,PropertyPlantAndEquipmentNet,INSTANT,,2020-06-30,475936000.0,USD,2020.0,Q2,10-Q,CY2020Q2I
RBA,ppe_net,PropertyPlantAndEquipmentNet,INSTANT,,2020-09-30,481047000.0,USD,2020.0,Q3,10-Q,CY2020Q3I
RBA,ppe_net,PropertyPlantAndEquipmentNet,INSTANT,,2020-12-31,492127000.0,USD,2021.0,FY,10-K,CY2020Q4I
RBA,ppe_net,PropertyPlantAndEquipmentNet,INSTANT,,2021-03-31,483981000.0,USD,2021.0,Q1,10-Q,CY2021Q1I
RBA,ppe_net,PropertyPlantAndEquipmentNet,INSTANT,,2021-06-30,482732000.0,USD,2021.0,Q2,10-Q,CY2021Q2I
RBA,ppe_net,PropertyPlantAndEquipmentNet,INSTANT,,2021-09-30,466162000.0,USD,2021.0,Q3,10-Q,CY2021Q3I
RBA,ppe_net,PropertyPlantAndEquipmentNet,INSTANT,,2021-12-31,449087000.0,USD,2022.0,FY,10-K,CY2021Q4I
RBA,ppe_net,PropertyPlantAndEquipmentNet,INSTANT,,2022-03-31,445517000.0,USD,2022.0,Q1,10-Q,CY2022Q1I
RBA,ppe_net,PropertyPlantAndEquipmentNet,INSTANT,,2022-06-30,442743000.0,USD,2022.0,Q1,10-Q,CY2022Q2I
RBA,ppe_net,PropertyPlantAndEquipmentNet,INSTANT,,2022-09-30,444538000.0,USD,2022.0,Q3,10-Q,CY2022Q3I
RBA,ppe_net,PropertyPlantAndEquipmentNet,INSTANT,,2022-12-31,459100000.0,USD,2024.0,FY,10-K,CY2022Q4I
RBA,ppe_net,PropertyPlantAndEquipmentNet,INSTANT,,2023-03-31,1144900000.0,USD,2023.0,Q1,10-Q,CY2023Q1I
RBA,ppe_net,PropertyPlantAndEquipmentNet,INSTANT,,2023-06-30,1137900000.0,USD,2023.0,Q2,10-Q,CY2023Q2I
RBA,ppe_net,PropertyPlantAndEquipmentNet,INSTANT,,2023-09-30,1150400000.0,USD,2023.0,Q3,10-Q,CY2023Q3I
RBA,ppe_net,PropertyPlantAndEquipmentNet,INSTANT,,2023-12-31,1200900000.0,USD,2024.0,FY,10-K,CY2023Q4I
RBA,ppe_net,PropertyPlantAndEquipmentNet,INSTANT,,2024-03-31,1214600000.0,USD,2024.0,Q1,10-Q,CY2024Q1I
RBA,ppe_net,PropertyPlantAndEquipmentNet,INSTANT,,2024-06-30,1230900000.0,USD,2024.0,Q2,10-Q,CY2024Q2I
RBA,ppe_net,PropertyPlantAndEquipmentNet,INSTANT,,2024-09-30,1259500000.0,USD,2024.0,Q3,10-Q,CY2024Q3I
RBA,ppe_net,PropertyPlantAndEquipmentNet,INSTANT,,2024-12-31,1275400000.0,USD,2025.0,FY,10-K,CY2024Q4I
RBA,ppe_net,PropertyPlantAndEquipmentNet,INSTANT,,2025-03-31,1318900000.0,USD,2025.0,Q1,10-Q,CY2025Q1I
RBA,ppe_net,PropertyPlantAndEquipmentNet,INSTANT,,2025-06-30,1437300000.0,USD,2025.0,Q2,10-Q,CY2025Q2I
RBA,ppe_net,PropertyPlantAndEquipmentNet,INSTANT,,2025-09-30,1461100000.0,USD,2025.0,Q3,10-Q,CY2025Q3I
RBA,ppe_net,PropertyPlantAndEquipmentNet,INSTANT,,2025-12-31,1522300000.0,USD,2026.0,Q2,10-Q,CY2025Q4I
RBA,ppe_net,PropertyPlantAndEquipmentNet,INSTANT,,2026-03-31,1541400000.0,USD,2026.0,Q1,10-Q,CY2026Q1I
RBA,ppe_net,PropertyPlantAndEquipmentNet,INSTANT,,2026-06-30,1610000000.0,USD,2026.0,Q2,10-Q,CY2026Q2I
RBA,total_assets,Assets,INSTANT,,2014-12-31,1121510000.0,USD,2015.0,FY,10-K,CY2014Q4I
RBA,total_assets,Assets,INSTANT,,2015-12-31,1120115000.0,USD,2016.0,FY,10-K,CY2015Q4I
RBA,total_assets,Assets,INSTANT,,2016-03-31,1335518000.0,USD,2016.0,Q1,10-Q,CY2016Q1I
RBA,total_assets,Assets,INSTANT,,2016-06-30,1325420000.0,USD,2016.0,Q2,10-Q,CY2016Q2I
RBA,total_assets,Assets,INSTANT,,2016-09-30,1287487000.0,USD,2016.0,Q3,10-Q,CY2016Q3I
RBA,total_assets,Assets,INSTANT,,2016-12-31,1599533000.0,USD,2017.0,FY,10-K,CY2016Q4I
RBA,total_assets,Assets,INSTANT,,2017-03-31,1774315000.0,USD,2017.0,Q1,10-Q,CY2017Q1I
RBA,total_assets,Assets,INSTANT,,2017-06-30,2068132000.0,USD,2017.0,Q2,10-Q,CY2017Q2I
RBA,total_assets,Assets,INSTANT,,2017-09-30,2129864000.0,USD,2017.0,Q3,10-Q,CY2017Q3I
RBA,total_assets,Assets,INSTANT,,2017-12-31,2017312000.0,USD,2018.0,FY,10-K,CY2017Q4I
RBA,total_assets,Assets,INSTANT,,2018-03-31,2115964000.0,USD,2018.0,Q1,10-Q,CY2018Q1I
RBA,total_assets,Assets,INSTANT,,2018-06-30,2117526000.0,USD,2018.0,Q2,10-Q,CY2018Q2I
RBA,total_assets,Assets,INSTANT,,2018-09-30,2169466000.0,USD,2018.0,Q3,10-Q,CY2018Q3I
RBA,total_assets,Assets,INSTANT,,2018-12-31,2052396000.0,USD,2019.0,FY,10-K,CY2018Q4I
RBA,total_assets,Assets,INSTANT,,2019-03-31,2219662000.0,USD,2019.0,Q1,10-Q,CY2019Q1I
RBA,total_assets,Assets,INSTANT,,2019-06-30,2375108000.0,USD,2019.0,Q2,10-Q,CY2019Q2I
RBA,total_assets,Assets,INSTANT,,2019-09-30,2357831000.0,USD,2019.0,Q3,10-Q,CY2019Q3I
RBA,total_assets,Assets,INSTANT,,2019-12-31,2229430000.0,USD,2020.0,FY,10-K,CY2019Q4I
RBA,total_assets,Assets,INSTANT,,2020-03-31,2227718000.0,USD,2020.0,Q1,10-Q,CY2020Q1I
RBA,total_assets,Assets,INSTANT,,2020-06-30,2478513000.0,USD,2020.0,Q2,10-Q,CY2020Q2I
RBA,total_assets,Assets,INSTANT,,2020-09-30,2537989000.0,USD,2020.0,Q3,10-Q,CY2020Q3I
RBA,total_assets,Assets,INSTANT,,2020-12-31,2351529000.0,USD,2021.0,FY,10-K,CY2020Q4I
RBA,total_assets,Assets,INSTANT,,2021-03-31,2626694000.0,USD,2021.0,Q1,10-Q,CY2021Q1I
RBA,total_assets,Assets,INSTANT,,2021-06-30,2606983000.0,USD,2021.0,Q2,10-Q,CY2021Q2I
RBA,total_assets,Assets,INSTANT,,2021-09-30,2576349000.0,USD,2021.0,Q3,10-Q,CY2021Q3I
RBA,total_assets,Assets,INSTANT,,2021-12-31,3592914000.0,USD,2022.0,FY,10-K,CY2021Q4I
RBA,total_assets,Assets,INSTANT,,2022-03-31,3867410000.0,USD,2022.0,Q1,10-Q,CY2022Q1I
RBA,total_assets,Assets,INSTANT,,2022-06-30,2893965000.0,USD,2022.0,Q1,10-Q,CY2022Q2I
RBA,total_assets,Assets,INSTANT,,2022-09-30,2822574000.0,USD,2022.0,Q3,10-Q,CY2022Q3I
RBA,total_assets,Assets,INSTANT,,2022-12-31,2863700000.0,USD,2023.0,FY,10-K,CY2022Q4I
RBA,total_assets,Assets,INSTANT,,2023-03-31,11868000000.0,USD,2023.0,Q1,10-Q,CY2023Q1I
RBA,total_assets,Assets,INSTANT,,2023-06-30,11911400000.0,USD,2023.0,Q2,10-Q,CY2023Q2I
RBA,total_assets,Assets,INSTANT,,2023-09-30,12012800000.0,USD,2023.0,Q3,10-Q,CY2023Q3I
RBA,total_assets,Assets,INSTANT,,2023-12-31,12037400000.0,USD,2024.0,FY,10-K,CY2023Q4I
RBA,total_assets,Assets,INSTANT,,2024-03-31,12045200000.0,USD,2024.0,Q1,10-Q,CY2024Q1I
RBA,total_assets,Assets,INSTANT,,2024-06-30,12078900000.0,USD,2024.0,Q2,10-Q,CY2024Q2I
RBA,total_assets,Assets,INSTANT,,2024-09-30,11932000000.0,USD,2024.0,Q3,10-Q,CY2024Q3I
RBA,total_assets,Assets,INSTANT,,2024-12-31,11807000000.0,USD,2025.0,FY,10-K,CY2024Q4I
RBA,total_assets,Assets,INSTANT,,2025-03-31,11887300000.0,USD,2025.0,Q1,10-Q,CY2025Q1I
RBA,total_assets,Assets,INSTANT,,2025-06-30,12157100000.0,USD,2025.0,Q2,10-Q,CY2025Q2I
RBA,total_assets,Assets,INSTANT,,2025-09-30,12240100000.0,USD,2025.0,Q3,10-Q,CY2025Q3I
RBA,total_assets,Assets,INSTANT,,2025-12-31,12143000000.0,USD,2026.0,Q2,10-Q,CY2025Q4I
RBA,total_assets,Assets,INSTANT,,2026-03-31,12397200000.0,USD,2026.0,Q1,10-Q,CY2026Q1I
RBA,total_assets,Assets,INSTANT,,2026-06-30,12487600000.0,USD,2026.0,Q2,10-Q,CY2026Q2I
RBA,total_liabilities,Liabilities,INSTANT,,2014-12-31,412291000.0,USD,2015.0,FY,10-K,CY2014Q4I
RBA,total_liabilities,Liabilities,INSTANT,,2015-12-31,387971000.0,USD,2016.0,FY,10-K,CY2015Q4I
RBA,total_liabilities,Liabilities,INSTANT,,2016-03-31,612823000.0,USD,2016.0,Q1,10-Q,CY2016Q1I
RBA,total_liabilities,Liabilities,INSTANT,,2016-06-30,564887000.0,USD,2016.0,Q2,10-Q,CY2016Q2I
RBA,total_liabilities,Liabilities,INSTANT,,2016-09-30,589696000.0,USD,2016.0,Q3,10-Q,CY2016Q3I
RBA,total_liabilities,Liabilities,INSTANT,,2016-12-31,903753000.0,USD,2017.0,FY,10-K,CY2016Q4I
RBA,total_liabilities,Liabilities,INSTANT,,2017-03-31,1073128000.0,USD,2017.0,Q1,10-Q,CY2017Q1I
RBA,total_liabilities,Liabilities,INSTANT,,2017-06-30,1343877000.0,USD,2017.0,Q2,10-Q,CY2017Q2I
RBA,total_liabilities,Liabilities,INSTANT,,2017-09-30,1402921000.0,USD,2017.0,Q3,10-Q,CY2017Q3I
RBA,total_liabilities,Liabilities,INSTANT,,2017-12-31,1263547000.0,USD,2018.0,FY,10-K,CY2017Q4I
RBA,total_liabilities,Liabilities,INSTANT,,2018-03-31,1341938000.0,USD,2018.0,Q1,10-Q,CY2018Q1I
RBA,total_liabilities,Liabilities,INSTANT,,2018-06-30,1313062000.0,USD,2018.0,Q2,10-Q,CY2018Q2I
RBA,total_liabilities,Liabilities,INSTANT,,2018-09-30,1347990000.0,USD,2018.0,Q3,10-Q,CY2018Q3I
RBA,total_liabilities,Liabilities,INSTANT,,2018-12-31,1215763000.0,USD,2019.0,FY,10-K,CY2018Q4I
RBA,total_liabilities,Liabilities,INSTANT,,2019-03-31,1385549000.0,USD,2019.0,Q1,10-Q,CY2019Q1I
RBA,total_liabilities,Liabilities,INSTANT,,2019-06-30,1538210000.0,USD,2019.0,Q2,10-Q,CY2019Q2I
RBA,total_liabilities,Liabilities,INSTANT,,2019-09-30,1514519000.0,USD,2019.0,Q3,10-Q,CY2019Q3I
RBA,total_liabilities,Liabilities,INSTANT,,2019-12-31,1322443000.0,USD,2020.0,FY,10-K,CY2019Q4I
RBA,total_liabilities,Liabilities,INSTANT,,2020-03-31,1382747000.0,USD,2020.0,Q1,10-Q,CY2020Q1I
RBA,total_liabilities,Liabilities,INSTANT,,2020-06-30,1574205000.0,USD,2020.0,Q2,10-Q,CY2020Q2I
RBA,total_liabilities,Liabilities,INSTANT,,2020-09-30,1573122000.0,USD,2020.0,Q3,10-Q,CY2020Q3I
RBA,total_liabilities,Liabilities,INSTANT,,2020-12-31,1339130000.0,USD,2021.0,FY,10-K,CY2020Q4I
RBA,total_liabilities,Liabilities,INSTANT,,2021-03-31,1616086000.0,USD,2021.0,Q1,10-Q,CY2021Q1I
RBA,total_liabilities,Liabilities,INSTANT,,2021-06-30,1545556000.0,USD,2021.0,Q2,10-Q,CY2021Q2I
RBA,total_liabilities,Liabilities,INSTANT,,2021-09-30,1513992000.0,USD,2021.0,Q3,10-Q,CY2021Q3I
RBA,total_liabilities,Liabilities,INSTANT,,2021-12-31,2521851000.0,USD,2022.0,FY,10-K,CY2021Q4I
RBA,total_liabilities,Liabilities,INSTANT,,2022-03-31,2642045000.0,USD,2022.0,Q1,10-Q,CY2022Q1I
RBA,total_liabilities,Liabilities,INSTANT,,2022-06-30,1649880000.0,USD,2022.0,Q1,10-Q,CY2022Q2I
RBA,total_liabilities,Liabilities,INSTANT,,2022-09-30,1583374000.0,USD,2022.0,Q3,10-Q,CY2022Q3I
RBA,total_liabilities,Liabilities,INSTANT,,2022-12-31,1573600000.0,USD,2023.0,FY,10-K,CY2022Q4I
RBA,total_liabilities,Liabilities,INSTANT,,2023-03-31,6513400000.0,USD,2023.0,Q1,10-Q,CY2023Q1I
RBA,total_liabilities,Liabilities,INSTANT,,2023-06-30,6498600000.0,USD,2023.0,Q2,10-Q,CY2023Q2I
RBA,total_liabilities,Liabilities,INSTANT,,2023-09-30,6608200000.0,USD,2023.0,Q3,10-Q,CY2023Q3I
RBA,total_liabilities,Liabilities,INSTANT,,2023-12-31,6528000000.0,USD,2024.0,FY,10-K,CY2023Q4I
RBA,total_liabilities,Liabilities,INSTANT,,2024-03-31,6486200000.0,USD,2024.0,Q1,10-Q,CY2024Q1I
RBA,total_liabilities,Liabilities,INSTANT,,2024-06-30,6431000000.0,USD,2024.0,Q2,10-Q,CY2024Q2I
RBA,total_liabilities,Liabilities,INSTANT,,2024-09-30,6230300000.0,USD,2024.0,Q3,10-Q,CY2024Q3I
RBA,total_liabilities,Liabilities,INSTANT,,2024-12-31,6090600000.0,USD,2025.0,FY,10-K,CY2024Q4I
RBA,total_liabilities,Liabilities,INSTANT,,2025-03-31,6111400000.0,USD,2025.0,Q1,10-Q,CY2025Q1I
RBA,total_liabilities,Liabilities,INSTANT,,2025-06-30,6212100000.0,USD,2025.0,Q2,10-Q,CY2025Q2I
RBA,total_liabilities,Liabilities,INSTANT,,2025-09-30,6260200000.0,USD,2025.0,Q3,10-Q,CY2025Q3I
RBA,total_liabilities,Liabilities,INSTANT,,2025-12-31,6075300000.0,USD,2026.0,Q2,10-Q,CY2025Q4I
RBA,total_liabilities,Liabilities,INSTANT,,2026-03-31,6295900000.0,USD,2026.0,Q1,10-Q,CY2026Q1I
RBA,total_liabilities,Liabilities,INSTANT,,2026-06-30,6437200000.0,USD,2026.0,Q2,10-Q,CY2026Q2I
