ticker,metric,concept,period_type,start,end,value,unit,fy,fp,form,frame
ACVA,buybacks,PaymentsForRepurchaseOfCommonStock,Q,2026-04-01,2026-06-30,50000000.0,USD,2026.0,Q2,10-Q,CY2026Q2
ACVA,capex,PaymentsToAcquirePropertyPlantAndEquipment,Q,2020-01-01,2020-03-31,1486000.0,USD,2021.0,Q1,10-Q,CY2020Q1
ACVA,capex,PaymentsToAcquirePropertyPlantAndEquipment,Q,2021-01-01,2021-03-31,692000.0,USD,2022.0,Q1,10-Q,CY2021Q1
ACVA,capex,PaymentsToAcquirePropertyPlantAndEquipment,Q,2022-01-01,2022-03-31,748000.0,USD,2023.0,Q1,10-Q,CY2022Q1
ACVA,capex,PaymentsToAcquirePropertyPlantAndEquipment,Q,2023-01-01,2023-03-31,266000.0,USD,2024.0,Q1,10-Q,CY2023Q1
ACVA,capex,PaymentsToAcquirePropertyPlantAndEquipment,Q,2024-01-01,2024-03-31,1075000.0,USD,2025.0,Q1,10-Q,CY2024Q1
ACVA,capex,PaymentsToAcquirePropertyPlantAndEquipment,Q,2025-01-01,2025-03-31,1346000.0,USD,2026.0,Q1,10-Q,CY2025Q1
ACVA,capex,PaymentsToAcquirePropertyPlantAndEquipment,Q,2026-01-01,2026-03-31,1772000.0,USD,2026.0,Q1,10-Q,CY2026Q1
ACVA,cash_from_ops,NetCashProvidedByUsedInOperatingActivities,Q,2020-01-01,2020-03-31,-31902000.0,USD,2021.0,Q1,10-Q,CY2020Q1
ACVA,cash_from_ops,NetCashProvidedByUsedInOperatingActivities,Q,2021-01-01,2021-03-31,45864000.0,USD,2022.0,Q1,10-Q,CY2021Q1
ACVA,cash_from_ops,NetCashProvidedByUsedInOperatingActivities,Q,2022-01-01,2022-03-31,-31456000.0,USD,2023.0,Q1,10-Q,CY2022Q1
ACVA,cash_from_ops,NetCashProvidedByUsedInOperatingActivities,Q,2023-01-01,2023-03-31,42980000.0,USD,2024.0,Q1,10-Q,CY2023Q1
ACVA,cash_from_ops,NetCashProvidedByUsedInOperatingActivities,Q,2024-01-01,2024-03-31,42975000.0,USD,2025.0,Q1,10-Q,CY2024Q1
ACVA,cash_from_ops,NetCashProvidedByUsedInOperatingActivities,Q,2025-01-01,2025-03-31,66624000.0,USD,2026.0,Q1,10-Q,CY2025Q1
ACVA,cash_from_ops,NetCashProvidedByUsedInOperatingActivities,Q,2026-01-01,2026-03-31,76510000.0,USD,2026.0,Q1,10-Q,CY2026Q1
ACVA,d_and_a,DepreciationDepletionAndAmortization,Q,2020-01-01,2020-03-31,1445000.0,USD,2021.0,Q1,10-Q,CY2020Q1
ACVA,d_and_a,DepreciationDepletionAndAmortization,Q,2021-01-01,2021-03-31,1891000.0,USD,2022.0,Q1,10-Q,CY2021Q1
ACVA,d_and_a,DepreciationDepletionAndAmortization,Q,2022-01-01,2022-03-31,2515000.0,USD,2023.0,Q1,10-Q,CY2022Q1
ACVA,d_and_a,DepreciationDepletionAndAmortization,Q,2023-01-01,2023-03-31,3392000.0,USD,2024.0,Q1,10-Q,CY2023Q1
ACVA,d_and_a,DepreciationDepletionAndAmortization,Q,2024-01-01,2024-03-31,7802000.0,USD,2025.0,Q1,10-Q,CY2024Q1
ACVA,d_and_a,DepreciationDepletionAndAmortization,Q,2025-01-01,2025-03-31,10547000.0,USD,2026.0,Q1,10-Q,CY2025Q1
ACVA,d_and_a,DepreciationDepletionAndAmortization,Q,2026-01-01,2026-03-31,11920000.0,USD,2026.0,Q1,10-Q,CY2026Q1
ACVA,eps_diluted,EarningsPerShareDiluted,Q,2020-07-01,2020-09-30,0.02,USD/shares,2021.0,Q3,10-Q,CY2020Q3
ACVA,eps_diluted,EarningsPerShareDiluted,Q,2021-04-01,2021-06-30,-0.06,USD/shares,2022.0,Q2,10-Q,CY2021Q2
ACVA,eps_diluted,EarningsPerShareDiluted,Q,2021-07-01,2021-09-30,-0.16,USD/shares,2022.0,Q3,10-Q,CY2021Q3
ACVA,eps_diluted,EarningsPerShareDiluted,Q,2022-01-01,2022-03-31,-0.19,USD/shares,2023.0,Q1,10-Q,CY2022Q1
ACVA,eps_diluted,EarningsPerShareDiluted,Q,2022-04-01,2022-06-30,-0.16,USD/shares,2023.0,Q2,10-Q,CY2022Q2
ACVA,eps_diluted,EarningsPerShareDiluted,Q,2022-07-01,2022-09-30,-0.15,USD/shares,2023.0,Q3,10-Q,CY2022Q3
ACVA,eps_diluted,EarningsPerShareDiluted,Q,2023-01-01,2023-03-31,-0.11,USD/shares,2024.0,Q1,10-Q,CY2023Q1
ACVA,eps_diluted,EarningsPerShareDiluted,Q,2023-04-01,2023-06-30,-0.1,USD/shares,2024.0,Q2,10-Q,CY2023Q2
ACVA,eps_diluted,EarningsPerShareDiluted,Q,2023-07-01,2023-09-30,-0.11,USD/shares,2024.0,Q3,10-Q,CY2023Q3
ACVA,eps_diluted,EarningsPerShareDiluted,Q,2024-01-01,2024-03-31,-0.13,USD/shares,2025.0,Q1,10-Q,CY2024Q1
ACVA,eps_diluted,EarningsPerShareDiluted,Q,2024-04-01,2024-06-30,-0.1,USD/shares,2025.0,Q2,10-Q,CY2024Q2
ACVA,eps_diluted,EarningsPerShareDiluted,Q,2024-07-01,2024-09-30,-0.1,USD/shares,2025.0,Q3,10-Q,CY2024Q3
ACVA,eps_diluted,EarningsPerShareDiluted,Q,2025-01-01,2025-03-31,-0.09,USD/shares,2026.0,Q1,10-Q,CY2025Q1
ACVA,eps_diluted,EarningsPerShareDiluted,Q,2025-04-01,2025-06-30,-0.04,USD/shares,2026.0,Q2,10-Q,CY2025Q2
ACVA,eps_diluted,EarningsPerShareDiluted,Q,2025-07-01,2025-09-30,-0.14,USD/shares,2025.0,Q3,10-Q,CY2025Q3
ACVA,eps_diluted,EarningsPerShareDiluted,Q,2026-01-01,2026-03-31,-0.06,USD/shares,2026.0,Q1,10-Q,CY2026Q1
ACVA,eps_diluted,EarningsPerShareDiluted,Q,2026-04-01,2026-06-30,-0.05,USD/shares,2026.0,Q2,10-Q,CY2026Q2
ACVA,net_income,NetIncomeLoss,Q,2020-01-01,2020-03-31,-27525000.0,USD,2021.0,Q1,10-Q,CY2020Q1
ACVA,net_income,NetIncomeLoss,Q,2020-04-01,2020-06-30,-4396000.0,USD,2021.0,Q2,10-Q,CY2020Q2
ACVA,net_income,NetIncomeLoss,Q,2020-07-01,2020-09-30,3159000.0,USD,2021.0,Q3,10-Q,CY2020Q3
ACVA,net_income,NetIncomeLoss,Q,2020-10-01,2020-12-31,-12259000.0,USD,2022.0,Q4,10-K,derived_fy_minus_q1q2q3
ACVA,net_income,NetIncomeLoss,Q,2021-01-01,2021-03-31,-17375000.0,USD,2022.0,Q1,10-Q,CY2021Q1
ACVA,net_income,NetIncomeLoss,Q,2021-04-01,2021-06-30,-9692000.0,USD,2022.0,Q2,10-Q,CY2021Q2
ACVA,net_income,NetIncomeLoss,Q,2021-07-01,2021-09-30,-24803000.0,USD,2022.0,Q3,10-Q,CY2021Q3
ACVA,net_income,NetIncomeLoss,Q,2021-10-01,2021-12-31,-26312000.0,USD,2023.0,Q4,10-K,derived_fy_minus_q1q2q3
ACVA,net_income,NetIncomeLoss,Q,2022-01-01,2022-03-31,-29495000.0,USD,2023.0,Q1,10-Q,CY2022Q1
ACVA,net_income,NetIncomeLoss,Q,2022-04-01,2022-06-30,-24515000.0,USD,2023.0,Q2,10-Q,CY2022Q2
ACVA,net_income,NetIncomeLoss,Q,2022-07-01,2022-09-30,-23668000.0,USD,2023.0,Q3,10-Q,CY2022Q3
ACVA,net_income,NetIncomeLoss,Q,2022-10-01,2022-12-31,-24522000.0,USD,,Q4,DEF 14A,derived_fy_minus_q1q2q3
ACVA,net_income,NetIncomeLoss,Q,2023-01-01,2023-03-31,-18200000.0,USD,2024.0,Q1,10-Q,CY2023Q1
ACVA,net_income,NetIncomeLoss,Q,2023-04-01,2023-06-30,-15582000.0,USD,2024.0,Q2,10-Q,CY2023Q2
ACVA,net_income,NetIncomeLoss,Q,2023-07-01,2023-09-30,-18238000.0,USD,2024.0,Q3,10-Q,CY2023Q3
ACVA,net_income,NetIncomeLoss,Q,2023-10-01,2023-12-31,-23280000.0,USD,,Q4,DEF 14A,derived_fy_minus_q1q2q3
ACVA,net_income,NetIncomeLoss,Q,2024-01-01,2024-03-31,-20471000.0,USD,2025.0,Q1,10-Q,CY2024Q1
ACVA,net_income,NetIncomeLoss,Q,2024-04-01,2024-06-30,-17063000.0,USD,2025.0,Q2,10-Q,CY2024Q2
ACVA,net_income,NetIncomeLoss,Q,2024-07-01,2024-09-30,-16029000.0,USD,2025.0,Q3,10-Q,CY2024Q3
ACVA,net_income,NetIncomeLoss,Q,2024-10-01,2024-12-31,-26137000.0,USD,,Q4,DEF 14A,derived_fy_minus_q1q2q3
ACVA,net_income,NetIncomeLoss,Q,2025-01-01,2025-03-31,-14817000.0,USD,2026.0,Q2,10-Q,CY2025Q1
ACVA,net_income,NetIncomeLoss,Q,2025-04-01,2025-06-30,-7298000.0,USD,2026.0,Q2,10-Q,CY2025Q2
ACVA,net_income,NetIncomeLoss,Q,2025-07-01,2025-09-30,-24465000.0,USD,2025.0,Q3,10-Q,CY2025Q3
ACVA,net_income,NetIncomeLoss,Q,2025-10-01,2025-12-31,-19520000.0,USD,,Q4,DEF 14A,derived_fy_minus_q1q2q3
ACVA,net_income,NetIncomeLoss,Q,2026-01-01,2026-03-31,-10892000.0,USD,2026.0,Q2,10-Q,CY2026Q1
ACVA,net_income,NetIncomeLoss,Q,2026-04-01,2026-06-30,-8227000.0,USD,2026.0,Q2,10-Q,CY2026Q2
ACVA,operating_income,OperatingIncomeLoss,Q,2020-01-01,2020-03-31,-27876000.0,USD,2021.0,Q1,10-Q,CY2020Q1
ACVA,operating_income,OperatingIncomeLoss,Q,2020-04-01,2020-06-30,-4309000.0,USD,2021.0,Q2,10-Q,CY2020Q2
ACVA,operating_income,OperatingIncomeLoss,Q,2020-07-01,2020-09-30,3535000.0,USD,2021.0,Q3,10-Q,CY2020Q3
ACVA,operating_income,OperatingIncomeLoss,Q,2020-10-01,2020-12-31,-11997000.0,USD,2022.0,Q4,10-K,derived_fy_minus_q1q2q3
ACVA,operating_income,OperatingIncomeLoss,Q,2021-01-01,2021-03-31,-17133000.0,USD,2022.0,Q1,10-Q,CY2021Q1
ACVA,operating_income,OperatingIncomeLoss,Q,2021-04-01,2021-06-30,-9330000.0,USD,2022.0,Q2,10-Q,CY2021Q2
ACVA,operating_income,OperatingIncomeLoss,Q,2021-07-01,2021-09-30,-24650000.0,USD,2022.0,Q3,10-Q,CY2021Q3
ACVA,operating_income,OperatingIncomeLoss,Q,2021-10-01,2021-12-31,-25692000.0,USD,2023.0,Q4,10-K,derived_fy_minus_q1q2q3
ACVA,operating_income,OperatingIncomeLoss,Q,2022-01-01,2022-03-31,-29089000.0,USD,2023.0,Q1,10-Q,CY2022Q1
ACVA,operating_income,OperatingIncomeLoss,Q,2022-04-01,2022-06-30,-24739000.0,USD,2023.0,Q2,10-Q,CY2022Q2
ACVA,operating_income,OperatingIncomeLoss,Q,2022-07-01,2022-09-30,-25090000.0,USD,2023.0,Q3,10-Q,CY2022Q3
ACVA,operating_income,OperatingIncomeLoss,Q,2022-10-01,2022-12-31,-27291000.0,USD,2024.0,Q4,10-K,derived_fy_minus_q1q2q3
ACVA,operating_income,OperatingIncomeLoss,Q,2023-01-01,2023-03-31,-20834000.0,USD,2024.0,Q1,10-Q,CY2023Q1
ACVA,operating_income,OperatingIncomeLoss,Q,2023-04-01,2023-06-30,-19790000.0,USD,2024.0,Q2,10-Q,CY2023Q2
ACVA,operating_income,OperatingIncomeLoss,Q,2023-07-01,2023-09-30,-22287000.0,USD,2024.0,Q3,10-Q,CY2023Q3
ACVA,operating_income,OperatingIncomeLoss,Q,2023-10-01,2023-12-31,-26766000.0,USD,2025.0,Q4,10-K,derived_fy_minus_q1q2q3
ACVA,operating_income,OperatingIncomeLoss,Q,2024-01-01,2024-03-31,-22527000.0,USD,2025.0,Q1,10-Q,CY2024Q1
ACVA,operating_income,OperatingIncomeLoss,Q,2024-04-01,2024-06-30,-18641000.0,USD,2025.0,Q2,10-Q,CY2024Q2
ACVA,operating_income,OperatingIncomeLoss,Q,2024-07-01,2024-09-30,-17139000.0,USD,2025.0,Q3,10-Q,CY2024Q3
ACVA,operating_income,OperatingIncomeLoss,Q,2024-10-01,2024-12-31,-25798000.0,USD,2025.0,Q4,10-K,derived_fy_minus_q1q2q3
ACVA,operating_income,OperatingIncomeLoss,Q,2025-01-01,2025-03-31,-14431000.0,USD,2026.0,Q1,10-Q,CY2025Q1
ACVA,operating_income,OperatingIncomeLoss,Q,2025-04-01,2025-06-30,-7195000.0,USD,2026.0,Q2,10-Q,CY2025Q2
ACVA,operating_income,OperatingIncomeLoss,Q,2025-07-01,2025-09-30,-23717000.0,USD,2025.0,Q3,10-Q,CY2025Q3
ACVA,operating_income,OperatingIncomeLoss,Q,2025-10-01,2025-12-31,-17848000.0,USD,2025.0,Q4,10-K,derived_fy_minus_q1q2q3
ACVA,operating_income,OperatingIncomeLoss,Q,2026-01-01,2026-03-31,-9236000.0,USD,2026.0,Q1,10-Q,CY2026Q1
ACVA,operating_income,OperatingIncomeLoss,Q,2026-04-01,2026-06-30,-6046000.0,USD,2026.0,Q2,10-Q,CY2026Q2
ACVA,pretax_income,IncomeLossFromContinuingOperationsBeforeIncomeTaxesExtraordinaryItemsNoncontrollingInterest,Q,2020-01-01,2020-03-31,-27478000.0,USD,2021.0,Q1,10-Q,CY2020Q1
ACVA,pretax_income,IncomeLossFromContinuingOperationsBeforeIncomeTaxesExtraordinaryItemsNoncontrollingInterest,Q,2020-04-01,2020-06-30,-4348000.0,USD,2021.0,Q2,10-Q,CY2020Q2
ACVA,pretax_income,IncomeLossFromContinuingOperationsBeforeIncomeTaxesExtraordinaryItemsNoncontrollingInterest,Q,2020-07-01,2020-09-30,3445000.0,USD,2021.0,Q3,10-Q,CY2020Q3
ACVA,pretax_income,IncomeLossFromContinuingOperationsBeforeIncomeTaxesExtraordinaryItemsNoncontrollingInterest,Q,2020-10-01,2020-12-31,-12151000.0,USD,2022.0,Q4,10-K,derived_fy_minus_q1q2q3
ACVA,pretax_income,IncomeLossFromContinuingOperationsBeforeIncomeTaxesExtraordinaryItemsNoncontrollingInterest,Q,2021-01-01,2021-03-31,-17317000.0,USD,2022.0,Q1,10-Q,CY2021Q1
ACVA,pretax_income,IncomeLossFromContinuingOperationsBeforeIncomeTaxesExtraordinaryItemsNoncontrollingInterest,Q,2021-04-01,2021-06-30,-9536000.0,USD,2022.0,Q2,10-Q,CY2021Q2
ACVA,pretax_income,IncomeLossFromContinuingOperationsBeforeIncomeTaxesExtraordinaryItemsNoncontrollingInterest,Q,2021-07-01,2021-09-30,-24742000.0,USD,2022.0,Q3,10-Q,CY2021Q3
ACVA,pretax_income,IncomeLossFromContinuingOperationsBeforeIncomeTaxesExtraordinaryItemsNoncontrollingInterest,Q,2021-10-01,2021-12-31,-25863000.0,USD,2023.0,Q4,10-K,derived_fy_minus_q1q2q3
ACVA,pretax_income,IncomeLossFromContinuingOperationsBeforeIncomeTaxesExtraordinaryItemsNoncontrollingInterest,Q,2022-01-01,2022-03-31,-29255000.0,USD,2023.0,Q1,10-Q,CY2022Q1
ACVA,pretax_income,IncomeLossFromContinuingOperationsBeforeIncomeTaxesExtraordinaryItemsNoncontrollingInterest,Q,2022-04-01,2022-06-30,-24339000.0,USD,2023.0,Q2,10-Q,CY2022Q2
ACVA,pretax_income,IncomeLossFromContinuingOperationsBeforeIncomeTaxesExtraordinaryItemsNoncontrollingInterest,Q,2022-07-01,2022-09-30,-23389000.0,USD,2023.0,Q3,10-Q,CY2022Q3
ACVA,pretax_income,IncomeLossFromContinuingOperationsBeforeIncomeTaxesExtraordinaryItemsNoncontrollingInterest,Q,2022-10-01,2022-12-31,-25123000.0,USD,2024.0,Q4,10-K,derived_fy_minus_q1q2q3
ACVA,pretax_income,IncomeLossFromContinuingOperationsBeforeIncomeTaxesExtraordinaryItemsNoncontrollingInterest,Q,2023-01-01,2023-03-31,-17853000.0,USD,2024.0,Q1,10-Q,CY2023Q1
ACVA,pretax_income,IncomeLossFromContinuingOperationsBeforeIncomeTaxesExtraordinaryItemsNoncontrollingInterest,Q,2023-04-01,2023-06-30,-15521000.0,USD,2024.0,Q2,10-Q,CY2023Q2
ACVA,pretax_income,IncomeLossFromContinuingOperationsBeforeIncomeTaxesExtraordinaryItemsNoncontrollingInterest,Q,2023-07-01,2023-09-30,-18237000.0,USD,2024.0,Q3,10-Q,CY2023Q3
ACVA,pretax_income,IncomeLossFromContinuingOperationsBeforeIncomeTaxesExtraordinaryItemsNoncontrollingInterest,Q,2023-10-01,2023-12-31,-23124000.0,USD,2025.0,Q4,10-K,derived_fy_minus_q1q2q3
ACVA,pretax_income,IncomeLossFromContinuingOperationsBeforeIncomeTaxesExtraordinaryItemsNoncontrollingInterest,Q,2024-01-01,2024-03-31,-20031000.0,USD,2025.0,Q1,10-Q,CY2024Q1
ACVA,pretax_income,IncomeLossFromContinuingOperationsBeforeIncomeTaxesExtraordinaryItemsNoncontrollingInterest,Q,2024-04-01,2024-06-30,-16918000.0,USD,2025.0,Q2,10-Q,CY2024Q2
ACVA,pretax_income,IncomeLossFromContinuingOperationsBeforeIncomeTaxesExtraordinaryItemsNoncontrollingInterest,Q,2024-07-01,2024-09-30,-16166000.0,USD,2025.0,Q3,10-Q,CY2024Q3
ACVA,pretax_income,IncomeLossFromContinuingOperationsBeforeIncomeTaxesExtraordinaryItemsNoncontrollingInterest,Q,2024-10-01,2024-12-31,-25897000.0,USD,2025.0,Q4,10-K,derived_fy_minus_q1q2q3
ACVA,pretax_income,IncomeLossFromContinuingOperationsBeforeIncomeTaxesExtraordinaryItemsNoncontrollingInterest,Q,2025-01-01,2025-03-31,-14452000.0,USD,2026.0,Q1,10-Q,CY2025Q1
ACVA,pretax_income,IncomeLossFromContinuingOperationsBeforeIncomeTaxesExtraordinaryItemsNoncontrollingInterest,Q,2025-04-01,2025-06-30,-7329000.0,USD,2026.0,Q2,10-Q,CY2025Q2
ACVA,pretax_income,IncomeLossFromContinuingOperationsBeforeIncomeTaxesExtraordinaryItemsNoncontrollingInterest,Q,2025-07-01,2025-09-30,-23982000.0,USD,2025.0,Q3,10-Q,CY2025Q3
ACVA,pretax_income,IncomeLossFromContinuingOperationsBeforeIncomeTaxesExtraordinaryItemsNoncontrollingInterest,Q,2025-10-01,2025-12-31,-19040000.0,USD,2025.0,Q4,10-K,derived_fy_minus_q1q2q3
ACVA,pretax_income,IncomeLossFromContinuingOperationsBeforeIncomeTaxesExtraordinaryItemsNoncontrollingInterest,Q,2026-01-01,2026-03-31,-10362000.0,USD,2026.0,Q1,10-Q,CY2026Q1
ACVA,pretax_income,IncomeLossFromContinuingOperationsBeforeIncomeTaxesExtraordinaryItemsNoncontrollingInterest,Q,2026-04-01,2026-06-30,-7676000.0,USD,2026.0,Q2,10-Q,CY2026Q2
ACVA,revenue,Revenues,Q,2020-01-01,2020-03-31,42237000.0,USD,2021.0,Q1,10-Q,CY2020Q1
ACVA,revenue,Revenues,Q,2020-04-01,2020-06-30,44897000.0,USD,2021.0,Q2,10-Q,CY2020Q2
ACVA,revenue,Revenues,Q,2020-07-01,2020-09-30,67460000.0,USD,2021.0,Q3,10-Q,CY2020Q3
ACVA,revenue,Revenues,Q,2020-10-01,2020-12-31,53763000.0,USD,2022.0,Q4,10-K,derived_fy_minus_q1q2q3
ACVA,revenue,Revenues,Q,2021-01-01,2021-03-31,69086000.0,USD,2022.0,Q1,10-Q,CY2021Q1
ACVA,revenue,Revenues,Q,2021-04-01,2021-06-30,97374000.0,USD,2022.0,Q2,10-Q,CY2021Q2
ACVA,revenue,Revenues,Q,2021-07-01,2021-09-30,91798000.0,USD,2022.0,Q3,10-Q,CY2021Q3
ACVA,revenue,Revenues,Q,2021-10-01,2021-12-31,100177000.0,USD,2023.0,Q4,10-K,derived_fy_minus_q1q2q3
ACVA,revenue,Revenues,Q,2022-01-01,2022-03-31,103065000.0,USD,2023.0,Q1,10-Q,CY2022Q1
ACVA,revenue,Revenues,Q,2022-04-01,2022-06-30,115072000.0,USD,2023.0,Q2,10-Q,CY2022Q2
ACVA,revenue,Revenues,Q,2022-07-01,2022-09-30,105419000.0,USD,2023.0,Q3,10-Q,CY2022Q3
ACVA,revenue,RevenueFromContractWithCustomerExcludingAssessedTax,Q,2022-10-01,2022-12-31,-319756000.0,USD,2023.0,Q4,10-K,derived_fy_minus_q1q2q3
ACVA,revenue,RevenueFromContractWithCustomerExcludingAssessedTax,Q,2023-01-01,2023-03-31,3800000.0,USD,2023.0,Q1,10-Q,CY2023Q1
ACVA,revenue,RevenueFromContractWithCustomerExcludingAssessedTax,Q,2023-04-01,2023-06-30,4400000.0,USD,2023.0,Q2,10-Q,CY2023Q2
ACVA,revenue,RevenueFromContractWithCustomerExcludingAssessedTax,Q,2023-07-01,2023-09-30,4000000.0,USD,2023.0,Q3,10-Q,CY2023Q3
ACVA,revenue,Revenues,Q,2023-10-01,2023-12-31,469034000.0,USD,2025.0,Q4,10-K,derived_fy_minus_q1q2q3
ACVA,revenue,Revenues,Q,2024-01-01,2024-03-31,145689000.0,USD,2025.0,Q1,10-Q,CY2024Q1
ACVA,revenue,Revenues,Q,2024-04-01,2024-06-30,160624000.0,USD,2025.0,Q2,10-Q,CY2024Q2
ACVA,revenue,Revenues,Q,2024-07-01,2024-09-30,171329000.0,USD,2025.0,Q3,10-Q,CY2024Q3
ACVA,revenue,Revenues,Q,2024-10-01,2024-12-31,159514000.0,USD,2025.0,Q4,10-K,derived_fy_minus_q1q2q3
ACVA,revenue,Revenues,Q,2025-01-01,2025-03-31,182697000.0,USD,2026.0,Q1,10-Q,CY2025Q1
ACVA,revenue,Revenues,Q,2025-04-01,2025-06-30,193703000.0,USD,2026.0,Q2,10-Q,CY2025Q2
ACVA,revenue,Revenues,Q,2025-07-01,2025-09-30,199561000.0,USD,2025.0,Q3,10-Q,CY2025Q3
ACVA,revenue,Revenues,Q,2025-10-01,2025-12-31,183645000.0,USD,2025.0,Q4,10-K,derived_fy_minus_q1q2q3
ACVA,revenue,Revenues,Q,2026-01-01,2026-03-31,204192000.0,USD,2026.0,Q1,10-Q,CY2026Q1
ACVA,revenue,Revenues,Q,2026-04-01,2026-06-30,213941000.0,USD,2026.0,Q2,10-Q,CY2026Q2
CPRT,buybacks,PaymentsForRepurchaseOfCommonStock,Q,2009-08-01,2009-10-31,3532000.0,USD,2011.0,Q1,10-Q,CY2009Q3
CPRT,buybacks,PaymentsForRepurchaseOfCommonStock,Q,2010-08-01,2010-10-31,75710000.0,USD,2012.0,Q1,10-Q,CY2010Q3
CPRT,buybacks,PaymentsForRepurchaseOfCommonStock,Q,2011-08-01,2011-10-31,43983000.0,USD,2013.0,Q1,10-Q,CY2011Q3
CPRT,buybacks,PaymentsForRepurchaseOfCommonStock,Q,2012-08-01,2012-10-31,13885000.0,USD,2014.0,Q1,10-Q,CY2012Q3
CPRT,buybacks,PaymentsForRepurchaseOfCommonStock,Q,2013-08-01,2013-10-31,80000.0,USD,2015.0,Q1,10-Q,CY2013Q3
CPRT,buybacks,PaymentsForRepurchaseOfCommonStock,Q,2014-08-01,2014-10-31,1121000.0,USD,2016.0,Q1,10-Q,CY2014Q3
CPRT,buybacks,PaymentsForRepurchaseOfCommonStock,Q,2015-08-01,2015-10-31,0.0,USD,2016.0,Q1,10-Q,CY2015Q3
CPRT,capex,PaymentsToAcquirePropertyPlantAndEquipment,Q,2009-08-01,2009-10-31,23512000.0,USD,2011.0,Q1,10-Q,CY2009Q3
CPRT,capex,PaymentsToAcquirePropertyPlantAndEquipment,Q,2010-08-01,2010-10-31,14777000.0,USD,2012.0,Q1,10-Q,CY2010Q3
CPRT,capex,PaymentsToAcquirePropertyPlantAndEquipment,Q,2011-08-01,2011-10-31,7274000.0,USD,2013.0,Q1,10-Q,CY2011Q3
CPRT,capex,PaymentsToAcquirePropertyPlantAndEquipment,Q,2012-08-01,2012-10-31,47620000.0,USD,2014.0,Q1,10-Q,CY2012Q3
CPRT,capex,PaymentsToAcquirePropertyPlantAndEquipment,Q,2013-08-01,2013-10-31,21302000.0,USD,2015.0,Q1,10-Q,CY2013Q3
CPRT,capex,PaymentsToAcquirePropertyPlantAndEquipment,Q,2014-08-01,2014-10-31,23388000.0,USD,2016.0,Q1,10-Q,CY2014Q3
CPRT,capex,PaymentsToAcquirePropertyPlantAndEquipment,Q,2015-08-01,2015-10-31,20167000.0,USD,2017.0,Q1,10-Q,CY2015Q3
CPRT,capex,PaymentsToAcquireProductiveAssets,Q,2015-11-01,2016-01-31,57596000.0,USD,2017.0,Q2,10-Q,CY2015Q4
CPRT,capex,PaymentsToAcquireProductiveAssets,Q,2016-02-01,2016-04-30,66070000.0,USD,2017.0,Q3,10-Q,CY2016Q1
CPRT,capex,PaymentsToAcquirePropertyPlantAndEquipment,Q,2016-05-01,2016-07-31,30084000.0,USD,2018.0,Q4,10-K,derived_fy_minus_q1q2q3
CPRT,capex,PaymentsToAcquirePropertyPlantAndEquipment,Q,2016-08-01,2016-10-31,38209000.0,USD,2018.0,Q1,10-Q,CY2016Q3
CPRT,capex,PaymentsToAcquireProductiveAssets,Q,2016-11-01,2017-01-31,54203000.0,USD,2018.0,Q2,10-Q,CY2016Q4
CPRT,capex,PaymentsToAcquireProductiveAssets,Q,2017-02-01,2017-04-30,42298000.0,USD,2018.0,Q3,10-Q,CY2017Q1
CPRT,capex,PaymentsToAcquirePropertyPlantAndEquipment,Q,2017-05-01,2017-07-31,37468000.0,USD,2019.0,Q4,10-K,derived_fy_minus_q1q2q3
CPRT,capex,PaymentsToAcquirePropertyPlantAndEquipment,Q,2017-08-01,2017-10-31,41484000.0,USD,2019.0,Q1,10-Q,CY2017Q3
CPRT,capex,PaymentsToAcquireProductiveAssets,Q,2017-11-01,2018-01-31,69421000.0,USD,2019.0,Q2,10-Q,CY2017Q4
CPRT,capex,PaymentsToAcquireProductiveAssets,Q,2018-02-01,2018-04-30,77700000.0,USD,2019.0,Q3,10-Q,CY2018Q1
CPRT,capex,PaymentsToAcquirePropertyPlantAndEquipment,Q,2018-05-01,2018-07-31,99305000.0,USD,2020.0,Q4,10-K,derived_fy_minus_q1q2q3
CPRT,capex,PaymentsToAcquirePropertyPlantAndEquipment,Q,2018-08-01,2018-10-31,62336000.0,USD,2020.0,Q1,10-Q,CY2018Q3
CPRT,capex,PaymentsToAcquireProductiveAssets,Q,2018-11-01,2019-01-31,74391000.0,USD,2020.0,Q2,10-Q,CY2018Q4
CPRT,capex,PaymentsToAcquireProductiveAssets,Q,2019-02-01,2019-04-30,123354000.0,USD,2020.0,Q3,10-Q,CY2019Q1
CPRT,capex,PaymentsToAcquirePropertyPlantAndEquipment,Q,2019-05-01,2019-07-31,113802000.0,USD,2021.0,Q4,10-K,derived_fy_minus_q1q2q3
CPRT,capex,PaymentsToAcquirePropertyPlantAndEquipment,Q,2019-08-01,2019-10-31,131793000.0,USD,2021.0,Q1,10-Q,CY2019Q3
CPRT,capex,PaymentsToAcquireProductiveAssets,Q,2019-11-01,2020-01-31,268559000.0,USD,2021.0,Q2,10-Q,CY2019Q4
CPRT,capex,PaymentsToAcquireProductiveAssets,Q,2020-02-01,2020-04-30,90646000.0,USD,2021.0,Q3,10-Q,CY2020Q1
CPRT,capex,PaymentsToAcquirePropertyPlantAndEquipment,Q,2020-05-01,2020-07-31,100974000.0,USD,2022.0,Q4,10-K,derived_fy_minus_q1q2q3
CPRT,capex,PaymentsToAcquirePropertyPlantAndEquipment,Q,2020-08-01,2020-10-31,147093000.0,USD,2022.0,Q1,10-Q,CY2020Q3
CPRT,capex,PaymentsToAcquireProductiveAssets,Q,2020-11-01,2021-01-31,136121000.0,USD,2022.0,Q2,10-Q,CY2020Q4
CPRT,capex,PaymentsToAcquireProductiveAssets,Q,2021-02-01,2021-04-30,81181000.0,USD,2022.0,Q3,10-Q,CY2021Q1
CPRT,capex,PaymentsToAcquirePropertyPlantAndEquipment,Q,2021-05-01,2021-07-31,98601000.0,USD,2023.0,Q4,10-K,derived_fy_minus_q1q2q3
CPRT,capex,PaymentsToAcquirePropertyPlantAndEquipment,Q,2021-08-01,2021-10-31,64696000.0,USD,2023.0,Q1,10-Q,CY2021Q3
CPRT,capex,PaymentsToAcquireProductiveAssets,Q,2021-11-01,2022-01-31,91973000.0,USD,2023.0,Q2,10-Q,CY2021Q4
CPRT,capex,PaymentsToAcquireProductiveAssets,Q,2022-02-01,2022-04-30,78634000.0,USD,2023.0,Q3,10-Q,CY2022Q1
CPRT,capex,PaymentsToAcquirePropertyPlantAndEquipment,Q,2022-05-01,2022-07-31,102145000.0,USD,2024.0,Q4,10-K,derived_fy_minus_q1q2q3
CPRT,capex,PaymentsToAcquirePropertyPlantAndEquipment,Q,2022-08-01,2022-10-31,152655000.0,USD,2024.0,Q1,10-Q,CY2022Q3
CPRT,capex,PaymentsToAcquireProductiveAssets,Q,2022-11-01,2023-01-31,104064000.0,USD,2024.0,Q2,10-Q,CY2022Q4
CPRT,capex,PaymentsToAcquireProductiveAssets,Q,2023-02-01,2023-04-30,89805000.0,USD,2024.0,Q3,10-Q,CY2023Q1
CPRT,capex,PaymentsToAcquirePropertyPlantAndEquipment,Q,2023-05-01,2023-07-31,170112000.0,USD,2025.0,Q4,10-K,derived_fy_minus_q1q2q3
CPRT,capex,PaymentsToAcquirePropertyPlantAndEquipment,Q,2023-08-01,2023-10-31,162260000.0,USD,2025.0,Q1,10-Q,CY2023Q3
CPRT,capex,PaymentsToAcquireProductiveAssets,Q,2023-11-01,2024-01-31,123029000.0,USD,2025.0,Q2,10-Q,CY2023Q4
CPRT,capex,PaymentsToAcquireProductiveAssets,Q,2024-02-01,2024-04-30,87815000.0,USD,2025.0,Q3,10-Q,CY2024Q1
CPRT,capex,PaymentsToAcquirePropertyPlantAndEquipment,Q,2024-05-01,2024-07-31,137886000.0,USD,2025.0,Q4,10-K,derived_fy_minus_q1q2q3
CPRT,capex,PaymentsToAcquirePropertyPlantAndEquipment,Q,2024-08-01,2024-10-31,236758000.0,USD,2026.0,Q1,10-Q,CY2024Q3
CPRT,capex,PaymentsToAcquireProductiveAssets,Q,2024-11-01,2025-01-31,174080000.0,USD,2026.0,Q2,10-Q,CY2024Q4
CPRT,capex,PaymentsToAcquireProductiveAssets,Q,2025-02-01,2025-04-30,70467000.0,USD,2025.0,Q3,10-Q,CY2025Q1
CPRT,capex,PaymentsToAcquirePropertyPlantAndEquipment,Q,2025-05-01,2025-07-31,87685000.0,USD,2025.0,Q4,10-K,derived_fy_minus_q1q2q3
CPRT,capex,PaymentsToAcquirePropertyPlantAndEquipment,Q,2025-08-01,2025-10-31,108042000.0,USD,2026.0,Q1,10-Q,CY2025Q3
CPRT,capex,PaymentsToAcquireProductiveAssets,Q,2025-11-01,2026-01-31,69613000.0,USD,2026.0,Q2,10-Q,CY2025Q4
CPRT,cash_from_ops,NetCashProvidedByUsedInOperatingActivities,Q,2009-08-01,2009-10-31,77691000.0,USD,2011.0,Q1,10-Q,CY2009Q3
CPRT,cash_from_ops,NetCashProvidedByUsedInOperatingActivities,Q,2010-08-01,2010-10-31,77538000.0,USD,2011.0,Q1,10-Q,CY2010Q3
CPRT,cash_from_ops,NetCashProvidedByUsedInOperatingActivities,Q,2018-08-01,2018-10-31,107683000.0,USD,2020.0,Q1,10-Q,CY2018Q3
CPRT,cash_from_ops,NetCashProvidedByUsedInOperatingActivities,Q,2019-08-01,2019-10-31,212458000.0,USD,2021.0,Q1,10-Q,CY2019Q3
CPRT,cash_from_ops,NetCashProvidedByUsedInOperatingActivities,Q,2020-08-01,2020-10-31,258533000.0,USD,2022.0,Q1,10-Q,CY2020Q3
CPRT,cash_from_ops,NetCashProvidedByUsedInOperatingActivities,Q,2021-08-01,2021-10-31,312540000.0,USD,2023.0,Q1,10-Q,CY2021Q3
CPRT,cash_from_ops,NetCashProvidedByUsedInOperatingActivities,Q,2022-08-01,2022-10-31,311559000.0,USD,2024.0,Q1,10-Q,CY2022Q3
CPRT,cash_from_ops,NetCashProvidedByUsedInOperatingActivities,Q,2023-08-01,2023-10-31,375246000.0,USD,2025.0,Q1,10-Q,CY2023Q3
CPRT,cash_from_ops,NetCashProvidedByUsedInOperatingActivities,Q,2024-08-01,2024-10-31,482274000.0,USD,2026.0,Q1,10-Q,CY2024Q3
CPRT,cash_from_ops,NetCashProvidedByUsedInOperatingActivities,Q,2025-08-01,2025-10-31,535253000.0,USD,2026.0,Q1,10-Q,CY2025Q3
CPRT,d_and_a,DepreciationDepletionAndAmortization,Q,2009-08-01,2009-10-31,10614000.0,USD,2011.0,Q1,10-Q,CY2009Q3
CPRT,d_and_a,DepreciationDepletionAndAmortization,Q,2010-08-01,2010-10-31,11722000.0,USD,2012.0,Q1,10-Q,CY2010Q3
CPRT,d_and_a,DepreciationDepletionAndAmortization,Q,2011-08-01,2011-10-31,12027000.0,USD,2013.0,Q1,10-Q,CY2011Q3
CPRT,d_and_a,DepreciationDepletionAndAmortization,Q,2012-08-01,2012-10-31,12839000.0,USD,2014.0,Q1,10-Q,CY2012Q3
CPRT,d_and_a,DepreciationDepletionAndAmortization,Q,2013-08-01,2013-10-31,14504000.0,USD,2015.0,Q1,10-Q,CY2013Q3
CPRT,d_and_a,DepreciationDepletionAndAmortization,Q,2014-08-01,2014-10-31,13967000.0,USD,2016.0,Q1,10-Q,CY2014Q3
CPRT,d_and_a,DepreciationDepletionAndAmortization,Q,2015-08-01,2015-10-31,11521000.0,USD,2017.0,Q1,10-Q,CY2015Q3
CPRT,d_and_a,DepreciationDepletionAndAmortization,Q,2015-11-01,2016-01-31,11691000.0,USD,2017.0,Q2,10-Q,CY2015Q4
CPRT,d_and_a,DepreciationDepletionAndAmortization,Q,2016-02-01,2016-04-30,12358000.0,USD,2017.0,Q3,10-Q,CY2016Q1
CPRT,d_and_a,DepreciationDepletionAndAmortization,Q,2016-05-01,2016-07-31,13005000.0,USD,2018.0,Q4,10-K,derived_fy_minus_q1q2q3
CPRT,d_and_a,DepreciationDepletionAndAmortization,Q,2016-08-01,2016-10-31,14709000.0,USD,2018.0,Q1,10-Q,CY2016Q3
CPRT,d_and_a,DepreciationDepletionAndAmortization,Q,2016-11-01,2017-01-31,15215000.0,USD,2018.0,Q2,10-Q,CY2016Q4
CPRT,d_and_a,DepreciationDepletionAndAmortization,Q,2017-02-01,2017-04-30,13208000.0,USD,2018.0,Q3,10-Q,CY2017Q1
CPRT,d_and_a,DepreciationDepletionAndAmortization,Q,2017-05-01,2017-07-31,13868000.0,USD,2019.0,Q4,10-K,derived_fy_minus_q1q2q3
CPRT,d_and_a,DepreciationDepletionAndAmortization,Q,2017-08-01,2017-10-31,15902000.0,USD,2019.0,Q1,10-Q,CY2017Q3
CPRT,d_and_a,DepreciationDepletionAndAmortization,Q,2017-11-01,2018-01-31,17871000.0,USD,2019.0,Q2,10-Q,CY2017Q4
CPRT,d_and_a,DepreciationDepletionAndAmortization,Q,2018-02-01,2018-04-30,16573000.0,USD,2019.0,Q3,10-Q,CY2018Q1
CPRT,d_and_a,DepreciationDepletionAndAmortization,Q,2018-05-01,2018-07-31,28252000.0,USD,2020.0,Q4,10-K,derived_fy_minus_q1q2q3
CPRT,d_and_a,DepreciationDepletionAndAmortization,Q,2018-08-01,2018-10-31,21869000.0,USD,2020.0,Q1,10-Q,CY2018Q3
CPRT,d_and_a,DepreciationDepletionAndAmortization,Q,2018-11-01,2019-01-31,20399000.0,USD,2020.0,Q2,10-Q,CY2018Q4
CPRT,d_and_a,DepreciationDepletionAndAmortization,Q,2019-02-01,2019-04-30,21112000.0,USD,2020.0,Q3,10-Q,CY2019Q1
CPRT,d_and_a,DepreciationDepletionAndAmortization,Q,2019-05-01,2019-07-31,21515000.0,USD,2021.0,Q4,10-K,derived_fy_minus_q1q2q3
CPRT,d_and_a,DepreciationDepletionAndAmortization,Q,2019-08-01,2019-10-31,23014000.0,USD,2021.0,Q1,10-Q,CY2019Q3
CPRT,d_and_a,DepreciationDepletionAndAmortization,Q,2019-11-01,2020-01-31,24282000.0,USD,2021.0,Q2,10-Q,CY2019Q4
CPRT,d_and_a,DepreciationDepletionAndAmortization,Q,2020-02-01,2020-04-30,26715000.0,USD,2021.0,Q3,10-Q,CY2020Q1
CPRT,d_and_a,DepreciationDepletionAndAmortization,Q,2020-05-01,2020-07-31,27379000.0,USD,2022.0,Q4,10-K,derived_fy_minus_q1q2q3
CPRT,d_and_a,DepreciationDepletionAndAmortization,Q,2020-08-01,2020-10-31,28949000.0,USD,2022.0,Q1,10-Q,CY2020Q3
CPRT,d_and_a,DepreciationDepletionAndAmortization,Q,2020-11-01,2021-01-31,31392000.0,USD,2022.0,Q2,10-Q,CY2020Q4
CPRT,d_and_a,DepreciationDepletionAndAmortization,Q,2021-02-01,2021-04-30,31966000.0,USD,2022.0,Q3,10-Q,CY2021Q1
CPRT,d_and_a,DepreciationDepletionAndAmortization,Q,2021-05-01,2021-07-31,29664000.0,USD,2023.0,Q4,10-K,derived_fy_minus_q1q2q3
CPRT,d_and_a,DepreciationDepletionAndAmortization,Q,2021-08-01,2021-10-31,31760000.0,USD,2023.0,Q1,10-Q,CY2021Q3
CPRT,d_and_a,DepreciationDepletionAndAmortization,Q,2021-11-01,2022-01-31,33303000.0,USD,2023.0,Q2,10-Q,CY2021Q4
CPRT,d_and_a,DepreciationDepletionAndAmortization,Q,2022-02-01,2022-04-30,36579000.0,USD,2023.0,Q3,10-Q,CY2022Q1
CPRT,d_and_a,DepreciationDepletionAndAmortization,Q,2022-05-01,2022-07-31,36343000.0,USD,2024.0,Q4,10-K,derived_fy_minus_q1q2q3
CPRT,d_and_a,DepreciationDepletionAndAmortization,Q,2022-08-01,2022-10-31,39058000.0,USD,2024.0,Q1,10-Q,CY2022Q3
CPRT,d_and_a,DepreciationDepletionAndAmortization,Q,2022-11-01,2023-01-31,38414000.0,USD,2024.0,Q2,10-Q,CY2022Q4
CPRT,d_and_a,DepreciationDepletionAndAmortization,Q,2023-02-01,2023-04-30,37371000.0,USD,2024.0,Q3,10-Q,CY2023Q1
CPRT,d_and_a,DepreciationDepletionAndAmortization,Q,2023-05-01,2023-07-31,44635000.0,USD,2025.0,Q4,10-K,derived_fy_minus_q1q2q3
CPRT,d_and_a,DepreciationDepletionAndAmortization,Q,2023-08-01,2023-10-31,43164000.0,USD,2025.0,Q1,10-Q,CY2023Q3
CPRT,d_and_a,DepreciationDepletionAndAmortization,Q,2023-11-01,2024-01-31,45262000.0,USD,2025.0,Q2,10-Q,CY2023Q4
CPRT,d_and_a,DepreciationDepletionAndAmortization,Q,2024-02-01,2024-04-30,50733000.0,USD,2025.0,Q3,10-Q,CY2024Q1
CPRT,d_and_a,DepreciationDepletionAndAmortization,Q,2024-05-01,2024-07-31,50602000.0,USD,2025.0,Q4,10-K,derived_fy_minus_q1q2q3
CPRT,d_and_a,DepreciationDepletionAndAmortization,Q,2024-08-01,2024-10-31,53627000.0,USD,2026.0,Q1,10-Q,CY2024Q3
CPRT,d_and_a,DepreciationDepletionAndAmortization,Q,2024-11-01,2025-01-31,54199000.0,USD,2026.0,Q2,10-Q,CY2024Q4
CPRT,d_and_a,DepreciationDepletionAndAmortization,Q,2025-02-01,2025-04-30,54416000.0,USD,2026.0,Q3,10-Q,CY2025Q1
CPRT,d_and_a,DepreciationDepletionAndAmortization,Q,2025-05-01,2025-07-31,53607000.0,USD,2025.0,Q4,10-K,derived_fy_minus_q1q2q3
CPRT,d_and_a,DepreciationDepletionAndAmortization,Q,2025-08-01,2025-10-31,54042000.0,USD,2026.0,Q1,10-Q,CY2025Q3
CPRT,d_and_a,DepreciationDepletionAndAmortization,Q,2025-11-01,2026-01-31,8558000.0,USD,2026.0,Q2,10-Q,CY2025Q4
CPRT,d_and_a,DepreciationDepletionAndAmortization,Q,2026-02-01,2026-04-30,58983000.0,USD,2026.0,Q3,10-Q,CY2026Q1
CPRT,eps_diluted,EarningsPerShareDiluted,Q,2009-08-01,2009-10-31,0.42,USD/shares,2011.0,FY,10-K/A,CY2009Q3
CPRT,eps_diluted,EarningsPerShareDiluted,Q,2009-11-01,2010-01-31,0.42,USD/shares,2011.0,FY,10-K/A,CY2009Q4
CPRT,eps_diluted,EarningsPerShareDiluted,Q,2010-02-01,2010-04-30,0.52,USD/shares,2011.0,FY,10-K/A,CY2010Q1
CPRT,eps_diluted,EarningsPerShareDiluted,Q,2010-05-01,2010-07-31,0.43,USD/shares,2011.0,FY,10-K/A,CY2010Q2
CPRT,eps_diluted,EarningsPerShareDiluted,Q,2010-08-01,2010-10-30,0.23,USD/shares,2012.0,FY,10-K,CY2010Q3
CPRT,eps_diluted,EarningsPerShareDiluted,Q,2010-08-01,2010-10-31,0.45,USD/shares,2012.0,Q1,10-Q,
CPRT,eps_diluted,EarningsPerShareDiluted,Q,2010-11-01,2011-01-31,0.23,USD/shares,2012.0,FY,10-K,CY2010Q4
CPRT,eps_diluted,EarningsPerShareDiluted,Q,2011-02-01,2011-04-30,0.35,USD/shares,2012.0,FY,10-K,CY2011Q1
CPRT,eps_diluted,EarningsPerShareDiluted,Q,2011-05-01,2011-07-31,0.29,USD/shares,2012.0,FY,10-K,CY2011Q2
CPRT,eps_diluted,EarningsPerShareDiluted,Q,2011-08-01,2011-10-31,0.31,USD/shares,2013.0,FY,10-K,CY2011Q3
CPRT,eps_diluted,EarningsPerShareDiluted,Q,2011-11-01,2012-01-31,0.31,USD/shares,2013.0,FY,10-K,CY2011Q4
CPRT,eps_diluted,EarningsPerShareDiluted,Q,2012-02-01,2012-04-30,0.43,USD/shares,2013.0,FY,10-K,CY2012Q1
CPRT,eps_diluted,EarningsPerShareDiluted,Q,2012-05-01,2012-07-31,0.35,USD/shares,2013.0,FY,10-K,CY2012Q2
CPRT,eps_diluted,EarningsPerShareDiluted,Q,2012-08-01,2012-10-31,0.36,USD/shares,2014.0,FY,10-K,CY2012Q3
CPRT,eps_diluted,EarningsPerShareDiluted,Q,2012-11-01,2013-01-31,0.31,USD/shares,2014.0,FY,10-K,CY2012Q4
CPRT,eps_diluted,EarningsPerShareDiluted,Q,2013-02-01,2013-04-30,0.41,USD/shares,2014.0,FY,10-K,CY2013Q1
CPRT,eps_diluted,EarningsPerShareDiluted,Q,2013-05-01,2013-07-31,0.32,USD/shares,2014.0,FY,10-K,CY2013Q2
CPRT,eps_diluted,EarningsPerShareDiluted,Q,2013-08-01,2013-10-31,0.32,USD/shares,2015.0,FY,10-K,CY2013Q3
CPRT,eps_diluted,EarningsPerShareDiluted,Q,2013-11-01,2014-01-31,0.35,USD/shares,2015.0,FY,10-K,CY2013Q4
CPRT,eps_diluted,EarningsPerShareDiluted,Q,2014-02-01,2014-04-30,0.31,USD/shares,2015.0,FY,10-K,CY2014Q1
CPRT,eps_diluted,EarningsPerShareDiluted,Q,2014-05-01,2014-07-31,0.39,USD/shares,2015.0,FY,10-K,CY2014Q2
CPRT,eps_diluted,EarningsPerShareDiluted,Q,2014-08-01,2014-10-31,0.4,USD/shares,2016.0,FY,10-K,CY2014Q3
CPRT,eps_diluted,EarningsPerShareDiluted,Q,2014-11-01,2015-01-31,0.4,USD/shares,2016.0,FY,10-K,CY2014Q4
CPRT,eps_diluted,EarningsPerShareDiluted,Q,2015-02-01,2015-04-30,0.44,USD/shares,2016.0,FY,10-K,CY2015Q1
CPRT,eps_diluted,EarningsPerShareDiluted,Q,2015-05-01,2015-07-31,0.44,USD/shares,2016.0,FY,10-K,CY2015Q2
CPRT,eps_diluted,EarningsPerShareDiluted,Q,2015-08-01,2015-10-31,0.21,USD/shares,2017.0,FY,10-K,CY2015Q3
CPRT,eps_diluted,EarningsPerShareDiluted,Q,2015-11-01,2016-01-31,0.24,USD/shares,2017.0,FY,10-K,CY2015Q4
CPRT,eps_diluted,EarningsPerShareDiluted,Q,2016-02-01,2016-04-30,0.32,USD/shares,2017.0,FY,10-K,CY2016Q1
CPRT,eps_diluted,EarningsPerShareDiluted,Q,2016-05-01,2016-07-31,0.35,USD/shares,2017.0,FY,10-K,CY2016Q2
CPRT,eps_diluted,EarningsPerShareDiluted,Q,2016-08-01,2016-10-31,0.7,USD/shares,2018.0,FY,10-K,CY2016Q3
CPRT,eps_diluted,EarningsPerShareDiluted,Q,2016-11-01,2017-01-31,0.28,USD/shares,2018.0,FY,10-K,CY2016Q4
CPRT,eps_diluted,EarningsPerShareDiluted,Q,2017-02-01,2017-04-30,0.38,USD/shares,2018.0,FY,10-K,CY2017Q1
CPRT,eps_diluted,EarningsPerShareDiluted,Q,2017-05-01,2017-07-31,0.3,USD/shares,2018.0,FY,10-K,CY2017Q2
CPRT,eps_diluted,EarningsPerShareDiluted,Q,2017-08-01,2017-10-31,0.32,USD/shares,2019.0,FY,10-K,CY2017Q3
CPRT,eps_diluted,EarningsPerShareDiluted,Q,2017-11-01,2018-01-31,0.43,USD/shares,2019.0,FY,10-K,CY2017Q4
CPRT,eps_diluted,EarningsPerShareDiluted,Q,2018-02-01,2018-04-30,0.52,USD/shares,2019.0,FY,10-K,CY2018Q1
CPRT,eps_diluted,EarningsPerShareDiluted,Q,2018-05-01,2018-07-31,0.45,USD/shares,2019.0,FY,10-K,CY2018Q2
CPRT,eps_diluted,EarningsPerShareDiluted,Q,2018-08-01,2018-10-31,0.47,USD/shares,2020.0,FY,10-K,CY2018Q3
CPRT,eps_diluted,EarningsPerShareDiluted,Q,2018-11-01,2019-01-31,0.55,USD/shares,2020.0,FY,10-K,CY2018Q4
CPRT,eps_diluted,EarningsPerShareDiluted,Q,2019-02-01,2019-04-30,0.81,USD/shares,2020.0,FY,10-K,CY2019Q1
CPRT,eps_diluted,EarningsPerShareDiluted,Q,2019-05-01,2019-07-31,0.64,USD/shares,2020.0,FY,10-K,CY2019Q2
CPRT,eps_diluted,EarningsPerShareDiluted,Q,2019-08-01,2019-10-31,0.91,USD/shares,2021.0,Q1,10-Q,CY2019Q3
CPRT,eps_diluted,EarningsPerShareDiluted,Q,2019-11-01,2020-01-31,0.71,USD/shares,2021.0,Q2,10-Q,CY2019Q4
CPRT,eps_diluted,EarningsPerShareDiluted,Q,2020-02-01,2020-04-30,0.62,USD/shares,2021.0,Q3,10-Q,CY2020Q1
CPRT,eps_diluted,EarningsPerShareDiluted,Q,2020-05-01,2020-07-31,0.69,USD/shares,2020.0,FY,10-K,CY2020Q2
CPRT,eps_diluted,EarningsPerShareDiluted,Q,2020-08-01,2020-10-31,0.83,USD/shares,2022.0,Q1,10-Q,CY2020Q3
CPRT,eps_diluted,EarningsPerShareDiluted,Q,2020-11-01,2021-01-31,0.81,USD/shares,2022.0,Q2,10-Q,CY2020Q4
CPRT,eps_diluted,EarningsPerShareDiluted,Q,2021-02-01,2021-04-30,1.19,USD/shares,2022.0,Q3,10-Q,CY2021Q1
CPRT,eps_diluted,EarningsPerShareDiluted,Q,2021-08-01,2021-10-31,0.54,USD/shares,2023.0,Q1,10-Q,CY2021Q3
CPRT,eps_diluted,EarningsPerShareDiluted,Q,2021-11-01,2022-01-31,0.6,USD/shares,2023.0,Q2,10-Q,CY2021Q4
CPRT,eps_diluted,EarningsPerShareDiluted,Q,2022-02-01,2022-04-30,0.58,USD/shares,2023.0,Q3,10-Q,CY2022Q1
CPRT,eps_diluted,EarningsPerShareDiluted,Q,2022-08-01,2022-10-31,0.25,USD/shares,2024.0,Q1,10-Q,CY2022Q3
CPRT,eps_diluted,EarningsPerShareDiluted,Q,2022-11-01,2023-01-31,0.3,USD/shares,2024.0,Q2,10-Q,CY2022Q4
CPRT,eps_diluted,EarningsPerShareDiluted,Q,2023-02-01,2023-04-30,0.36,USD/shares,2024.0,Q3,10-Q,CY2023Q1
CPRT,eps_diluted,EarningsPerShareDiluted,Q,2023-08-01,2023-10-31,0.34,USD/shares,2025.0,Q1,10-Q,CY2023Q3
CPRT,eps_diluted,EarningsPerShareDiluted,Q,2023-11-01,2024-01-31,0.33,USD/shares,2025.0,Q2,10-Q,CY2023Q4
CPRT,eps_diluted,EarningsPerShareDiluted,Q,2024-02-01,2024-04-30,0.39,USD/shares,2025.0,Q3,10-Q,CY2024Q1
CPRT,eps_diluted,EarningsPerShareDiluted,Q,2024-08-01,2024-10-31,0.37,USD/shares,2026.0,Q1,10-Q,CY2024Q3
CPRT,eps_diluted,EarningsPerShareDiluted,Q,2024-11-01,2025-01-31,0.4,USD/shares,2026.0,Q2,10-Q,CY2024Q4
CPRT,eps_diluted,EarningsPerShareDiluted,Q,2025-02-01,2025-04-30,0.42,USD/shares,2026.0,Q3,10-Q,CY2025Q1
CPRT,eps_diluted,EarningsPerShareDiluted,Q,2025-08-01,2025-10-31,0.41,USD/shares,2026.0,Q1,10-Q,CY2025Q3
CPRT,eps_diluted,EarningsPerShareDiluted,Q,2025-11-01,2026-01-31,0.36,USD/shares,2026.0,Q2,10-Q,CY2025Q4
CPRT,eps_diluted,EarningsPerShareDiluted,Q,2026-02-01,2026-04-30,0.43,USD/shares,2026.0,Q3,10-Q,CY2026Q1
CPRT,g_and_a,GeneralAndAdministrativeExpense,Q,2009-08-01,2009-10-31,26093000.0,USD,2011.0,Q1,10-Q,CY2009Q3
CPRT,g_and_a,GeneralAndAdministrativeExpense,Q,2009-11-01,2010-01-31,25455000.0,USD,2011.0,Q2,10-Q,CY2009Q4
CPRT,g_and_a,GeneralAndAdministrativeExpense,Q,2010-02-01,2010-04-30,28372000.0,USD,2011.0,Q3,10-Q,CY2010Q1
CPRT,g_and_a,GeneralAndAdministrativeExpense,Q,2010-05-01,2010-07-31,29004000.0,USD,2012.0,Q4,10-K,derived_fy_minus_q1q2q3
CPRT,g_and_a,GeneralAndAdministrativeExpense,Q,2010-08-01,2010-10-31,29260000.0,USD,2012.0,Q1,10-Q,CY2010Q3
CPRT,g_and_a,GeneralAndAdministrativeExpense,Q,2010-11-01,2011-01-31,25710000.0,USD,2012.0,Q2,10-Q,CY2010Q4
CPRT,g_and_a,GeneralAndAdministrativeExpense,Q,2011-02-01,2011-04-30,26863000.0,USD,2012.0,Q3,10-Q,CY2011Q1
CPRT,g_and_a,GeneralAndAdministrativeExpense,Q,2011-05-01,2011-07-31,25772000.0,USD,2013.0,Q4,10-K,derived_fy_minus_q1q2q3
CPRT,g_and_a,GeneralAndAdministrativeExpense,Q,2011-08-01,2011-10-31,29849000.0,USD,2013.0,Q1,10-Q,CY2011Q3
CPRT,g_and_a,GeneralAndAdministrativeExpense,Q,2011-11-01,2012-01-31,27386000.0,USD,2013.0,Q2,10-Q,CY2011Q4
CPRT,g_and_a,GeneralAndAdministrativeExpense,Q,2012-02-01,2012-04-30,27325000.0,USD,2013.0,Q3,10-Q,CY2012Q1
CPRT,g_and_a,GeneralAndAdministrativeExpense,Q,2012-05-01,2012-07-31,29932000.0,USD,2014.0,Q4,10-K,derived_fy_minus_q1q2q3
CPRT,g_and_a,GeneralAndAdministrativeExpense,Q,2012-08-01,2012-10-31,31079000.0,USD,2014.0,Q1,10-Q,CY2012Q3
CPRT,g_and_a,GeneralAndAdministrativeExpense,Q,2012-11-01,2013-01-31,34047000.0,USD,2014.0,Q2,10-Q,CY2012Q4
CPRT,g_and_a,GeneralAndAdministrativeExpense,Q,2013-02-01,2013-04-30,32784000.0,USD,2014.0,Q3,10-Q,CY2013Q1
CPRT,g_and_a,GeneralAndAdministrativeExpense,Q,2013-05-01,2013-07-31,40020000.0,USD,2015.0,Q4,10-K,derived_fy_minus_q1q2q3
CPRT,g_and_a,GeneralAndAdministrativeExpense,Q,2013-08-01,2013-10-31,42877000.0,USD,2015.0,Q1,10-Q,CY2013Q3
CPRT,g_and_a,GeneralAndAdministrativeExpense,Q,2013-11-01,2014-01-31,40062000.0,USD,2015.0,Q2,10-Q,CY2013Q4
CPRT,g_and_a,GeneralAndAdministrativeExpense,Q,2014-02-01,2014-04-30,40515000.0,USD,2015.0,Q3,10-Q,CY2014Q1
CPRT,g_and_a,GeneralAndAdministrativeExpense,Q,2014-05-01,2014-07-31,41081000.0,USD,2016.0,Q4,10-K,derived_fy_minus_q1q2q3
CPRT,g_and_a,GeneralAndAdministrativeExpense,Q,2014-08-01,2014-10-31,39907000.0,USD,2016.0,Q1,10-Q,CY2014Q3
CPRT,g_and_a,GeneralAndAdministrativeExpense,Q,2014-11-01,2015-01-31,34399000.0,USD,2016.0,Q2,10-Q,CY2014Q4
CPRT,g_and_a,GeneralAndAdministrativeExpense,Q,2015-02-01,2015-04-30,32650000.0,USD,2016.0,Q3,10-Q,CY2015Q1
CPRT,g_and_a,GeneralAndAdministrativeExpense,Q,2015-05-01,2015-07-31,32019000.0,USD,2017.0,Q4,10-K,derived_fy_minus_q1q2q3
CPRT,g_and_a,GeneralAndAdministrativeExpense,Q,2015-08-01,2015-10-31,34615000.0,USD,2017.0,Q1,10-Q,CY2015Q3
CPRT,g_and_a,GeneralAndAdministrativeExpense,Q,2015-11-01,2016-01-31,32529000.0,USD,2017.0,Q2,10-Q,CY2015Q4
CPRT,g_and_a,GeneralAndAdministrativeExpense,Q,2016-02-01,2016-04-30,35699000.0,USD,2017.0,Q3,10-Q,CY2016Q1
CPRT,g_and_a,GeneralAndAdministrativeExpense,Q,2016-05-01,2016-07-31,35273000.0,USD,2018.0,Q4,10-K,derived_fy_minus_q1q2q3
CPRT,g_and_a,GeneralAndAdministrativeExpense,Q,2016-08-01,2016-10-31,40469000.0,USD,2018.0,Q1,10-Q,CY2016Q3
CPRT,g_and_a,GeneralAndAdministrativeExpense,Q,2016-11-01,2017-01-31,37885000.0,USD,2018.0,Q2,10-Q,CY2016Q4
CPRT,g_and_a,GeneralAndAdministrativeExpense,Q,2017-02-01,2017-04-30,35717000.0,USD,2018.0,Q3,10-Q,CY2017Q1
CPRT,g_and_a,GeneralAndAdministrativeExpense,Q,2017-05-01,2017-07-31,37293000.0,USD,2019.0,Q4,10-K,derived_fy_minus_q1q2q3
CPRT,g_and_a,GeneralAndAdministrativeExpense,Q,2017-08-01,2017-10-31,39322000.0,USD,2019.0,Q1,10-Q,CY2017Q3
CPRT,g_and_a,GeneralAndAdministrativeExpense,Q,2017-11-01,2018-01-31,40662000.0,USD,2019.0,Q2,10-Q,CY2017Q4
CPRT,g_and_a,GeneralAndAdministrativeExpense,Q,2018-02-01,2018-04-30,44449000.0,USD,2019.0,Q3,10-Q,CY2018Q1
CPRT,g_and_a,GeneralAndAdministrativeExpense,Q,2018-05-01,2018-07-31,52457000.0,USD,2020.0,Q4,10-K,derived_fy_minus_q1q2q3
CPRT,g_and_a,GeneralAndAdministrativeExpense,Q,2018-08-01,2018-10-31,44478000.0,USD,2020.0,Q1,10-Q,CY2018Q3
CPRT,g_and_a,GeneralAndAdministrativeExpense,Q,2018-11-01,2019-01-31,43487000.0,USD,2020.0,Q2,10-Q,CY2018Q4
CPRT,g_and_a,GeneralAndAdministrativeExpense,Q,2019-02-01,2019-04-30,44085000.0,USD,2020.0,Q3,10-Q,CY2019Q1
CPRT,g_and_a,GeneralAndAdministrativeExpense,Q,2019-05-01,2019-07-31,49817000.0,USD,2021.0,Q4,10-K,derived_fy_minus_q1q2q3
CPRT,g_and_a,GeneralAndAdministrativeExpense,Q,2019-08-01,2019-10-31,49478000.0,USD,2021.0,Q1,10-Q,CY2019Q3
CPRT,g_and_a,GeneralAndAdministrativeExpense,Q,2019-11-01,2020-01-31,49997000.0,USD,2021.0,Q2,10-Q,CY2019Q4
CPRT,g_and_a,GeneralAndAdministrativeExpense,Q,2020-02-01,2020-04-30,47512000.0,USD,2021.0,Q3,10-Q,CY2020Q1
CPRT,g_and_a,GeneralAndAdministrativeExpense,Q,2020-05-01,2020-07-31,44716000.0,USD,2022.0,Q4,10-K,derived_fy_minus_q1q2q3
CPRT,g_and_a,GeneralAndAdministrativeExpense,Q,2020-08-01,2020-10-31,48175000.0,USD,2022.0,Q1,10-Q,CY2020Q3
CPRT,g_and_a,GeneralAndAdministrativeExpense,Q,2020-11-01,2021-01-31,49277000.0,USD,2022.0,Q2,10-Q,CY2020Q4
CPRT,g_and_a,GeneralAndAdministrativeExpense,Q,2021-02-01,2021-04-30,53230000.0,USD,2022.0,Q3,10-Q,CY2021Q1
CPRT,g_and_a,GeneralAndAdministrativeExpense,Q,2021-05-01,2021-07-31,55983000.0,USD,2023.0,Q4,10-K,derived_fy_minus_q1q2q3
CPRT,g_and_a,GeneralAndAdministrativeExpense,Q,2021-08-01,2021-10-31,54909000.0,USD,2023.0,Q1,10-Q,CY2021Q3
CPRT,g_and_a,GeneralAndAdministrativeExpense,Q,2021-11-01,2022-01-31,56014000.0,USD,2023.0,Q2,10-Q,CY2021Q4
CPRT,g_and_a,GeneralAndAdministrativeExpense,Q,2022-02-01,2022-04-30,63522000.0,USD,2023.0,Q3,10-Q,CY2022Q1
CPRT,g_and_a,GeneralAndAdministrativeExpense,Q,2022-05-01,2022-07-31,56779000.0,USD,2024.0,Q4,10-K,derived_fy_minus_q1q2q3
CPRT,g_and_a,GeneralAndAdministrativeExpense,Q,2022-08-01,2022-10-31,57980000.0,USD,2024.0,Q1,10-Q,CY2022Q3
CPRT,g_and_a,GeneralAndAdministrativeExpense,Q,2022-11-01,2023-01-31,60975000.0,USD,2024.0,Q2,10-Q,CY2022Q4
CPRT,g_and_a,GeneralAndAdministrativeExpense,Q,2023-02-01,2023-04-30,64506000.0,USD,2024.0,Q3,10-Q,CY2023Q1
CPRT,g_and_a,GeneralAndAdministrativeExpense,Q,2023-05-01,2023-07-31,66961000.0,USD,2025.0,Q4,10-K,derived_fy_minus_q1q2q3
CPRT,g_and_a,GeneralAndAdministrativeExpense,Q,2023-08-01,2023-10-31,68643000.0,USD,2025.0,Q1,10-Q,CY2023Q3
CPRT,g_and_a,GeneralAndAdministrativeExpense,Q,2023-11-01,2024-01-31,84252000.0,USD,2025.0,Q2,10-Q,CY2023Q4
CPRT,g_and_a,GeneralAndAdministrativeExpense,Q,2024-02-01,2024-04-30,88302000.0,USD,2025.0,Q3,10-Q,CY2024Q1
CPRT,g_and_a,GeneralAndAdministrativeExpense,Q,2024-05-01,2024-07-31,94032000.0,USD,2025.0,Q4,10-K,derived_fy_minus_q1q2q3
CPRT,g_and_a,GeneralAndAdministrativeExpense,Q,2024-08-01,2024-10-31,105738000.0,USD,2026.0,Q1,10-Q,CY2024Q3
CPRT,g_and_a,GeneralAndAdministrativeExpense,Q,2024-11-01,2025-01-31,99342000.0,USD,2026.0,Q2,10-Q,CY2024Q4
CPRT,g_and_a,GeneralAndAdministrativeExpense,Q,2025-02-01,2025-04-30,100722000.0,USD,2026.0,Q3,10-Q,CY2025Q1
CPRT,g_and_a,GeneralAndAdministrativeExpense,Q,2025-05-01,2025-07-31,97127000.0,USD,2025.0,Q4,10-K,derived_fy_minus_q1q2q3
CPRT,g_and_a,GeneralAndAdministrativeExpense,Q,2025-08-01,2025-10-31,106304000.0,USD,2026.0,Q1,10-Q,CY2025Q3
CPRT,g_and_a,GeneralAndAdministrativeExpense,Q,2025-11-01,2026-01-31,104102000.0,USD,2026.0,Q2,10-Q,CY2025Q4
CPRT,g_and_a,GeneralAndAdministrativeExpense,Q,2026-02-01,2026-04-30,108317000.0,USD,2026.0,Q3,10-Q,CY2026Q1
CPRT,gross_profit,GrossProfit,Q,2012-08-01,2012-10-31,105436000.0,USD,2014.0,FY,10-K,CY2012Q3
CPRT,gross_profit,GrossProfit,Q,2012-11-01,2013-01-31,96817000.0,USD,2014.0,FY,10-K,CY2012Q4
CPRT,gross_profit,GrossProfit,Q,2013-02-01,2013-04-30,115597000.0,USD,2014.0,FY,10-K,CY2013Q1
CPRT,gross_profit,GrossProfit,Q,2013-05-01,2013-07-31,103072000.0,USD,2014.0,FY,10-K,CY2013Q2
CPRT,gross_profit,GrossProfit,Q,2013-08-01,2013-10-31,107836000.0,USD,2015.0,FY,10-K,CY2013Q3
CPRT,gross_profit,GrossProfit,Q,2013-11-01,2014-01-31,111546000.0,USD,2015.0,FY,10-K,CY2013Q4
CPRT,gross_profit,GrossProfit,Q,2014-02-01,2014-04-30,132252000.0,USD,2015.0,FY,10-K,CY2014Q1
CPRT,gross_profit,GrossProfit,Q,2014-05-01,2014-07-31,116939000.0,USD,2015.0,FY,10-K,CY2014Q2
CPRT,gross_profit,GrossProfit,Q,2014-08-01,2014-10-31,122308000.0,USD,2016.0,FY,10-K,CY2014Q3
CPRT,gross_profit,GrossProfit,Q,2014-11-01,2015-01-31,114867000.0,USD,2016.0,FY,10-K,CY2014Q4
CPRT,gross_profit,GrossProfit,Q,2015-02-01,2015-04-30,127417000.0,USD,2016.0,FY,10-K,CY2015Q1
CPRT,gross_profit,GrossProfit,Q,2015-05-01,2015-07-31,118784000.0,USD,2016.0,FY,10-K,CY2015Q2
CPRT,gross_profit,GrossProfit,Q,2015-08-01,2015-10-31,120861000.0,USD,2017.0,FY,10-K,CY2015Q3
CPRT,gross_profit,GrossProfit,Q,2015-11-01,2016-01-31,124614000.0,USD,2017.0,FY,10-K,CY2015Q4
CPRT,gross_profit,GrossProfit,Q,2016-02-01,2016-04-30,157647000.0,USD,2017.0,FY,10-K,CY2016Q1
CPRT,gross_profit,GrossProfit,Q,2016-05-01,2016-07-31,141464000.0,USD,2017.0,FY,10-K,CY2016Q2
CPRT,gross_profit,GrossProfit,Q,2016-08-01,2016-10-31,145293000.0,USD,2018.0,FY,10-K,CY2016Q3
CPRT,gross_profit,GrossProfit,Q,2016-11-01,2017-01-31,146765000.0,USD,2018.0,FY,10-K,CY2016Q4
CPRT,gross_profit,GrossProfit,Q,2017-02-01,2017-04-30,172505000.0,USD,2018.0,FY,10-K,CY2017Q1
CPRT,gross_profit,GrossProfit,Q,2017-05-01,2017-07-31,167465000.0,USD,2018.0,FY,10-K,CY2017Q2
CPRT,gross_profit,GrossProfit,Q,2017-08-01,2017-10-31,163264000.0,USD,2019.0,FY,10-K,CY2017Q3
CPRT,gross_profit,GrossProfit,Q,2017-11-01,2018-01-31,191609000.0,USD,2019.0,FY,10-K,CY2017Q4
CPRT,gross_profit,GrossProfit,Q,2018-02-01,2018-04-30,219068000.0,USD,2019.0,FY,10-K,CY2018Q1
CPRT,gross_profit,GrossProfit,Q,2018-05-01,2018-07-31,188425000.0,USD,2019.0,FY,10-K,CY2018Q2
CPRT,gross_profit,GrossProfit,Q,2018-08-01,2018-10-31,195918000.0,USD,2020.0,FY,10-K,CY2018Q3
CPRT,gross_profit,GrossProfit,Q,2018-11-01,2019-01-31,208226000.0,USD,2020.0,FY,10-K,CY2018Q4
CPRT,gross_profit,GrossProfit,Q,2019-02-01,2019-04-30,251579000.0,USD,2020.0,FY,10-K,CY2019Q1
CPRT,gross_profit,GrossProfit,Q,2019-05-01,2019-07-31,242619000.0,USD,2020.0,FY,10-K,CY2019Q2
CPRT,gross_profit,GrossProfit,Q,2019-08-01,2019-10-31,254869000.0,USD,2020.0,FY,10-K,CY2019Q3
CPRT,gross_profit,GrossProfit,Q,2019-11-01,2020-01-31,259889000.0,USD,2020.0,FY,10-K,CY2019Q4
CPRT,gross_profit,GrossProfit,Q,2020-02-01,2020-04-30,242613000.0,USD,2020.0,FY,10-K,CY2020Q1
CPRT,gross_profit,GrossProfit,Q,2020-05-01,2020-07-31,250431000.0,USD,2020.0,FY,10-K,CY2020Q2
CPRT,net_income,ProfitLoss,Q,2009-08-01,2009-10-31,35270000.0,USD,2011.0,FY,10-K/A,CY2009Q3
CPRT,net_income,ProfitLoss,Q,2009-11-01,2010-01-31,35733000.0,USD,2011.0,FY,10-K/A,CY2009Q4
CPRT,net_income,ProfitLoss,Q,2010-02-01,2010-04-30,44390000.0,USD,2011.0,FY,10-K/A,CY2010Q1
CPRT,net_income,ProfitLoss,Q,2010-05-01,2010-07-31,36234000.0,USD,2011.0,FY,10-K/A,CY2010Q2
CPRT,net_income,NetIncomeLoss,Q,2010-08-01,2010-10-30,37823000.0,USD,2012.0,FY,10-K,CY2010Q3
CPRT,net_income,NetIncomeLoss,Q,2010-08-01,2010-10-31,37823000.0,USD,2012.0,Q1,10-Q,
CPRT,net_income,NetIncomeLoss,Q,2010-11-01,2011-01-31,37893000.0,USD,2012.0,FY,10-K,CY2010Q4
CPRT,net_income,NetIncomeLoss,Q,2011-02-01,2011-04-30,50136000.0,USD,2012.0,FY,10-K,CY2011Q1
CPRT,net_income,NetIncomeLoss,Q,2011-05-01,2011-07-31,40521000.0,USD,2012.0,FY,10-K,CY2011Q2
CPRT,net_income,NetIncomeLoss,Q,2011-08-01,2011-10-31,41149000.0,USD,2013.0,FY,10-K,CY2011Q3
CPRT,net_income,NetIncomeLoss,Q,2011-11-01,2012-01-31,40603000.0,USD,2013.0,FY,10-K,CY2011Q4
CPRT,net_income,NetIncomeLoss,Q,2012-02-01,2012-04-30,55471000.0,USD,2013.0,FY,10-K,CY2012Q1
CPRT,net_income,NetIncomeLoss,Q,2012-05-01,2012-07-31,44896000.0,USD,2013.0,FY,10-K,CY2012Q2
CPRT,net_income,NetIncomeLoss,Q,2012-08-01,2012-10-31,45845000.0,USD,2014.0,FY,10-K,CY2012Q3
CPRT,net_income,NetIncomeLoss,Q,2012-11-01,2013-01-31,39640000.0,USD,2014.0,FY,10-K,CY2012Q4
CPRT,net_income,NetIncomeLoss,Q,2013-02-01,2013-04-30,53236000.0,USD,2014.0,FY,10-K,CY2013Q1
CPRT,net_income,NetIncomeLoss,Q,2013-05-01,2013-07-31,41304000.0,USD,2014.0,FY,10-K,CY2013Q2
CPRT,net_income,NetIncomeLoss,Q,2013-08-01,2013-10-31,41422000.0,USD,2015.0,FY,10-K,CY2013Q3
CPRT,net_income,NetIncomeLoss,Q,2013-11-01,2014-01-31,45345000.0,USD,2015.0,FY,10-K,CY2013Q4
CPRT,net_income,NetIncomeLoss,Q,2014-02-01,2014-04-30,40877000.0,USD,2015.0,FY,10-K,CY2014Q1
CPRT,net_income,NetIncomeLoss,Q,2014-05-01,2014-07-31,51043000.0,USD,2015.0,FY,10-K,CY2014Q2
CPRT,net_income,NetIncomeLoss,Q,2014-08-01,2014-10-31,52615000.0,USD,2016.0,FY,10-K,CY2014Q3
CPRT,net_income,NetIncomeLoss,Q,2014-11-01,2015-01-31,52193000.0,USD,2016.0,FY,10-K,CY2014Q4
CPRT,net_income,NetIncomeLoss,Q,2015-02-01,2015-04-30,57563000.0,USD,2016.0,FY,10-K,CY2015Q1
CPRT,net_income,NetIncomeLoss,Q,2015-05-01,2015-07-31,57412000.0,USD,2016.0,FY,10-K,CY2015Q2
CPRT,net_income,NetIncomeLoss,Q,2015-08-01,2015-10-31,52610000.0,USD,2017.0,FY,10-K,CY2015Q3
CPRT,net_income,NetIncomeLoss,Q,2015-11-01,2016-01-31,59007000.0,USD,2017.0,FY,10-K,CY2015Q4
CPRT,net_income,NetIncomeLoss,Q,2016-02-01,2016-04-30,74623000.0,USD,2017.0,FY,10-K,CY2016Q1
CPRT,net_income,NetIncomeLoss,Q,2016-05-01,2016-07-31,84120000.0,USD,2017.0,FY,10-K,CY2016Q2
CPRT,net_income,NetIncomeLoss,Q,2016-08-01,2016-10-31,167280000.0,USD,2018.0,FY,10-K,CY2016Q3
CPRT,net_income,NetIncomeLoss,Q,2016-11-01,2017-01-31,66066000.0,USD,2018.0,FY,10-K,CY2016Q4
CPRT,net_income,NetIncomeLoss,Q,2017-02-01,2017-04-30,90546000.0,USD,2018.0,FY,10-K,CY2017Q1
CPRT,net_income,NetIncomeLoss,Q,2017-05-01,2017-07-31,70335000.0,USD,2018.0,FY,10-K,CY2017Q2
CPRT,net_income,NetIncomeLoss,Q,2017-08-01,2017-10-31,77515000.0,USD,2019.0,FY,10-K,CY2017Q3
CPRT,net_income,NetIncomeLoss,Q,2017-11-01,2018-01-31,103256000.0,USD,2019.0,FY,10-K,CY2017Q4
CPRT,net_income,NetIncomeLoss,Q,2018-02-01,2018-04-30,127348000.0,USD,2019.0,FY,10-K,CY2018Q1
CPRT,net_income,NetIncomeLoss,Q,2018-05-01,2018-07-31,109748000.0,USD,2019.0,FY,10-K,CY2018Q2
CPRT,net_income,NetIncomeLoss,Q,2018-08-01,2018-10-31,114083000.0,USD,2020.0,FY,10-K,CY2018Q3
CPRT,net_income,NetIncomeLoss,Q,2018-11-01,2019-01-31,131373000.0,USD,2020.0,FY,10-K,CY2018Q4
CPRT,net_income,NetIncomeLoss,Q,2019-02-01,2019-04-30,192741000.0,USD,2020.0,FY,10-K,CY2019Q1
CPRT,net_income,NetIncomeLoss,Q,2019-05-01,2019-07-31,153496000.0,USD,2020.0,FY,10-K,CY2019Q2
CPRT,net_income,NetIncomeLoss,Q,2019-08-01,2019-10-31,218180000.0,USD,2021.0,Q3,10-Q,CY2019Q3
CPRT,net_income,NetIncomeLoss,Q,2019-11-01,2020-01-31,168707000.0,USD,2021.0,Q3,10-Q,CY2019Q4
CPRT,net_income,NetIncomeLoss,Q,2020-02-01,2020-04-30,147487000.0,USD,2021.0,Q3,10-Q,CY2020Q1
CPRT,net_income,NetIncomeLoss,Q,2020-05-01,2020-07-31,165533000.0,USD,2020.0,FY,10-K,CY2020Q2
CPRT,net_income,NetIncomeLoss,Q,2020-08-01,2020-10-31,200285000.0,USD,2022.0,Q3,10-Q,CY2020Q3
CPRT,net_income,NetIncomeLoss,Q,2020-11-01,2021-01-31,193440000.0,USD,2022.0,Q3,10-Q,CY2020Q4
CPRT,net_income,NetIncomeLoss,Q,2021-02-01,2021-04-30,286796000.0,USD,2022.0,Q3,10-Q,CY2021Q1
CPRT,net_income,NetIncomeLoss,Q,2021-05-01,2021-07-31,255974000.0,USD,2023.0,Q4,10-K,derived_fy_minus_q1q2q3
CPRT,net_income,NetIncomeLoss,Q,2021-08-01,2021-10-31,260363000.0,USD,2023.0,Q3,10-Q,CY2021Q3
CPRT,net_income,NetIncomeLoss,Q,2021-11-01,2022-01-31,287412000.0,USD,2023.0,Q3,10-Q,CY2021Q4
CPRT,net_income,NetIncomeLoss,Q,2022-02-01,2022-04-30,278620000.0,USD,2023.0,Q3,10-Q,CY2022Q1
CPRT,net_income,NetIncomeLoss,Q,2022-05-01,2022-07-31,263735000.0,USD,2024.0,Q4,10-K,derived_fy_minus_q1q2q3
CPRT,net_income,NetIncomeLoss,Q,2022-08-01,2022-10-31,245848000.0,USD,2024.0,Q1,10-Q,CY2022Q3
CPRT,net_income,NetIncomeLoss,Q,2022-11-01,2023-01-31,293677000.0,USD,2024.0,Q2,10-Q,CY2022Q4
CPRT,net_income,NetIncomeLoss,Q,2023-02-01,2023-04-30,350431000.0,USD,2024.0,Q3,10-Q,CY2023Q1
CPRT,net_income,NetIncomeLoss,Q,2023-05-01,2023-07-31,347785000.0,USD,2025.0,Q4,10-K,derived_fy_minus_q1q2q3
CPRT,net_income,NetIncomeLoss,Q,2023-08-01,2023-10-31,332527000.0,USD,2025.0,Q1,10-Q,CY2023Q3
CPRT,net_income,NetIncomeLoss,Q,2023-11-01,2024-01-31,325635000.0,USD,2025.0,Q2,10-Q,CY2023Q4
CPRT,net_income,NetIncomeLoss,Q,2024-02-01,2024-04-30,382291000.0,USD,2025.0,Q3,10-Q,CY2024Q1
CPRT,net_income,NetIncomeLoss,Q,2024-05-01,2024-07-31,322567000.0,USD,2025.0,Q4,10-K,derived_fy_minus_q1q2q3
CPRT,net_income,NetIncomeLoss,Q,2024-08-01,2024-10-31,362086000.0,USD,2026.0,Q1,10-Q,CY2024Q3
CPRT,net_income,NetIncomeLoss,Q,2024-11-01,2025-01-31,387400000.0,USD,2026.0,Q2,10-Q,CY2024Q4
CPRT,net_income,NetIncomeLoss,Q,2025-02-01,2025-04-30,406609000.0,USD,2026.0,Q3,10-Q,CY2025Q1
CPRT,net_income,NetIncomeLoss,Q,2025-05-01,2025-07-31,396354000.0,USD,2025.0,Q4,10-K,derived_fy_minus_q1q2q3
CPRT,net_income,NetIncomeLoss,Q,2025-08-01,2025-10-31,403714000.0,USD,2026.0,Q1,10-Q,CY2025Q3
CPRT,net_income,NetIncomeLoss,Q,2025-11-01,2026-01-31,350732000.0,USD,2026.0,Q2,10-Q,CY2025Q4
CPRT,net_income,NetIncomeLoss,Q,2026-02-01,2026-04-30,402401000.0,USD,2026.0,Q3,10-Q,CY2026Q1
CPRT,operating_income,OperatingIncomeLoss,Q,2009-08-01,2009-10-31,56492000.0,USD,2011.0,FY,10-K/A,CY2009Q3
CPRT,operating_income,OperatingIncomeLoss,Q,2009-11-01,2010-01-31,53232000.0,USD,2011.0,FY,10-K/A,CY2009Q4
CPRT,operating_income,OperatingIncomeLoss,Q,2010-02-01,2010-04-30,72126000.0,USD,2011.0,FY,10-K/A,CY2010Q1
CPRT,operating_income,OperatingIncomeLoss,Q,2010-05-01,2010-07-31,57220000.0,USD,2011.0,FY,10-K/A,CY2010Q2
CPRT,operating_income,OperatingIncomeLoss,Q,2010-08-01,2010-10-30,59594000.0,USD,2012.0,FY,10-K,CY2010Q3
CPRT,operating_income,OperatingIncomeLoss,Q,2010-08-01,2010-10-31,59594000.0,USD,2012.0,Q1,10-Q,
CPRT,operating_income,OperatingIncomeLoss,Q,2010-11-01,2011-01-31,60195000.0,USD,2012.0,FY,10-K,CY2010Q4
CPRT,operating_income,OperatingIncomeLoss,Q,2011-02-01,2011-04-30,82044000.0,USD,2012.0,FY,10-K,CY2011Q1
CPRT,operating_income,OperatingIncomeLoss,Q,2011-05-01,2011-07-31,63456000.0,USD,2012.0,FY,10-K,CY2011Q2
CPRT,operating_income,OperatingIncomeLoss,Q,2011-08-01,2011-10-31,65376000.0,USD,2013.0,FY,10-K,CY2011Q3
CPRT,operating_income,OperatingIncomeLoss,Q,2011-11-01,2012-01-31,63539000.0,USD,2013.0,FY,10-K,CY2011Q4
CPRT,operating_income,OperatingIncomeLoss,Q,2012-02-01,2012-04-30,87944000.0,USD,2013.0,FY,10-K,CY2012Q1
CPRT,operating_income,OperatingIncomeLoss,Q,2012-05-01,2012-07-31,69494000.0,USD,2013.0,FY,10-K,CY2012Q2
CPRT,operating_income,OperatingIncomeLoss,Q,2012-08-01,2012-10-31,74357000.0,USD,2014.0,FY,10-K,CY2012Q3
CPRT,operating_income,OperatingIncomeLoss,Q,2012-11-01,2013-01-31,62770000.0,USD,2014.0,FY,10-K,CY2012Q4
CPRT,operating_income,OperatingIncomeLoss,Q,2013-02-01,2013-04-30,82813000.0,USD,2014.0,FY,10-K,CY2013Q1
CPRT,operating_income,OperatingIncomeLoss,Q,2013-05-01,2013-07-31,63052000.0,USD,2014.0,FY,10-K,CY2013Q2
CPRT,operating_income,OperatingIncomeLoss,Q,2013-08-01,2013-10-31,64959000.0,USD,2015.0,FY,10-K,CY2013Q3
CPRT,operating_income,OperatingIncomeLoss,Q,2013-11-01,2014-01-31,71484000.0,USD,2015.0,FY,10-K,CY2013Q4
CPRT,operating_income,OperatingIncomeLoss,Q,2014-02-01,2014-04-30,62633000.0,USD,2015.0,FY,10-K,CY2014Q1
CPRT,operating_income,OperatingIncomeLoss,Q,2014-05-01,2014-07-31,75858000.0,USD,2015.0,FY,10-K,CY2014Q2
CPRT,operating_income,OperatingIncomeLoss,Q,2014-08-01,2014-10-31,82401000.0,USD,2016.0,FY,10-K,CY2014Q3
CPRT,operating_income,OperatingIncomeLoss,Q,2014-11-01,2015-01-31,80468000.0,USD,2016.0,FY,10-K,CY2014Q4
CPRT,operating_income,OperatingIncomeLoss,Q,2015-02-01,2015-04-30,94767000.0,USD,2016.0,FY,10-K,CY2015Q1
CPRT,operating_income,OperatingIncomeLoss,Q,2015-05-01,2015-07-31,86765000.0,USD,2016.0,FY,10-K,CY2015Q2
CPRT,operating_income,OperatingIncomeLoss,Q,2015-08-01,2015-10-31,86246000.0,USD,2017.0,FY,10-K,CY2015Q3
CPRT,operating_income,OperatingIncomeLoss,Q,2015-11-01,2016-01-31,92085000.0,USD,2017.0,FY,10-K,CY2015Q4
CPRT,operating_income,OperatingIncomeLoss,Q,2016-02-01,2016-04-30,121948000.0,USD,2017.0,FY,10-K,CY2016Q1
CPRT,operating_income,OperatingIncomeLoss,Q,2016-05-01,2016-07-31,106191000.0,USD,2017.0,FY,10-K,CY2016Q2
CPRT,operating_income,OperatingIncomeLoss,Q,2016-08-01,2016-10-31,104824000.0,USD,2018.0,FY,10-K,CY2016Q3
CPRT,operating_income,OperatingIncomeLoss,Q,2016-11-01,2017-01-31,108880000.0,USD,2018.0,FY,10-K,CY2016Q4
CPRT,operating_income,OperatingIncomeLoss,Q,2017-02-01,2017-04-30,136788000.0,USD,2018.0,FY,10-K,CY2017Q1
CPRT,operating_income,OperatingIncomeLoss,Q,2017-05-01,2017-07-31,110807000.0,USD,2018.0,FY,10-K,CY2017Q2
CPRT,operating_income,OperatingIncomeLoss,Q,2017-08-01,2017-10-31,123942000.0,USD,2019.0,FY,10-K,CY2017Q3
CPRT,operating_income,OperatingIncomeLoss,Q,2017-11-01,2018-01-31,150947000.0,USD,2019.0,FY,10-K,CY2017Q4
CPRT,operating_income,OperatingIncomeLoss,Q,2018-02-01,2018-04-30,174619000.0,USD,2019.0,FY,10-K,CY2018Q1
CPRT,operating_income,OperatingIncomeLoss,Q,2018-05-01,2018-07-31,134837000.0,USD,2019.0,FY,10-K,CY2018Q2
CPRT,operating_income,OperatingIncomeLoss,Q,2018-08-01,2018-10-31,151440000.0,USD,2020.0,FY,10-K,CY2018Q3
CPRT,operating_income,OperatingIncomeLoss,Q,2018-11-01,2019-01-31,164739000.0,USD,2020.0,FY,10-K,CY2018Q4
CPRT,operating_income,OperatingIncomeLoss,Q,2019-02-01,2019-04-30,207494000.0,USD,2020.0,FY,10-K,CY2019Q1
CPRT,operating_income,OperatingIncomeLoss,Q,2019-05-01,2019-07-31,192802000.0,USD,2020.0,FY,10-K,CY2019Q2
CPRT,operating_income,OperatingIncomeLoss,Q,2019-08-01,2019-10-31,205391000.0,USD,2021.0,Q1,10-Q,CY2019Q3
CPRT,operating_income,OperatingIncomeLoss,Q,2019-11-01,2020-01-31,209892000.0,USD,2021.0,Q2,10-Q,CY2019Q4
CPRT,operating_income,OperatingIncomeLoss,Q,2020-02-01,2020-04-30,195101000.0,USD,2021.0,Q3,10-Q,CY2020Q1
CPRT,operating_income,OperatingIncomeLoss,Q,2020-05-01,2020-07-31,205715000.0,USD,2020.0,FY,10-K,CY2020Q2
CPRT,operating_income,OperatingIncomeLoss,Q,2020-08-01,2020-10-31,248594000.0,USD,2022.0,Q1,10-Q,CY2020Q3
CPRT,operating_income,OperatingIncomeLoss,Q,2020-11-01,2021-01-31,258221000.0,USD,2022.0,Q2,10-Q,CY2020Q4
CPRT,operating_income,OperatingIncomeLoss,Q,2021-02-01,2021-04-30,328111000.0,USD,2022.0,Q3,10-Q,CY2021Q1
CPRT,operating_income,OperatingIncomeLoss,Q,2021-05-01,2021-07-31,301500000.0,USD,2023.0,Q4,10-K,derived_fy_minus_q1q2q3
CPRT,operating_income,OperatingIncomeLoss,Q,2021-08-01,2021-10-31,330121000.0,USD,2023.0,Q1,10-Q,CY2021Q3
CPRT,operating_income,OperatingIncomeLoss,Q,2021-11-01,2022-01-31,347328000.0,USD,2023.0,Q2,10-Q,CY2021Q4
CPRT,operating_income,OperatingIncomeLoss,Q,2022-02-01,2022-04-30,372755000.0,USD,2023.0,Q3,10-Q,CY2022Q1
CPRT,operating_income,OperatingIncomeLoss,Q,2022-05-01,2022-07-31,324793000.0,USD,2024.0,Q4,10-K,derived_fy_minus_q1q2q3
CPRT,operating_income,OperatingIncomeLoss,Q,2022-08-01,2022-10-31,311503000.0,USD,2024.0,Q1,10-Q,CY2022Q3
CPRT,operating_income,OperatingIncomeLoss,Q,2022-11-01,2023-01-31,365525000.0,USD,2024.0,Q2,10-Q,CY2022Q4
CPRT,operating_income,OperatingIncomeLoss,Q,2023-02-01,2023-04-30,418924000.0,USD,2024.0,Q3,10-Q,CY2023Q1
CPRT,operating_income,OperatingIncomeLoss,Q,2023-05-01,2023-07-31,390617000.0,USD,2025.0,Q4,10-K,derived_fy_minus_q1q2q3
CPRT,operating_income,OperatingIncomeLoss,Q,2023-08-01,2023-10-31,395376000.0,USD,2025.0,Q1,10-Q,CY2023Q3
CPRT,operating_income,OperatingIncomeLoss,Q,2023-11-01,2024-01-31,379900000.0,USD,2025.0,Q2,10-Q,CY2023Q4
CPRT,operating_income,OperatingIncomeLoss,Q,2024-02-01,2024-04-30,437203000.0,USD,2025.0,Q3,10-Q,CY2024Q1
CPRT,operating_income,OperatingIncomeLoss,Q,2024-05-01,2024-07-31,359544000.0,USD,2025.0,Q4,10-K,derived_fy_minus_q1q2q3
CPRT,operating_income,OperatingIncomeLoss,Q,2024-08-01,2024-10-31,406367000.0,USD,2026.0,Q1,10-Q,CY2024Q3
CPRT,operating_income,OperatingIncomeLoss,Q,2024-11-01,2025-01-31,426211000.0,USD,2026.0,Q2,10-Q,CY2024Q4
CPRT,operating_income,OperatingIncomeLoss,Q,2025-02-01,2025-04-30,451545000.0,USD,2026.0,Q3,10-Q,CY2025Q1
CPRT,operating_income,OperatingIncomeLoss,Q,2025-05-01,2025-07-31,412591000.0,USD,2025.0,Q4,10-K,derived_fy_minus_q1q2q3
CPRT,operating_income,OperatingIncomeLoss,Q,2025-08-01,2025-10-31,430694000.0,USD,2026.0,Q1,10-Q,CY2025Q3
CPRT,operating_income,OperatingIncomeLoss,Q,2025-11-01,2026-01-31,388710000.0,USD,2026.0,Q2,10-Q,CY2025Q4
CPRT,operating_income,OperatingIncomeLoss,Q,2026-02-01,2026-04-30,464282000.0,USD,2026.0,Q3,10-Q,CY2026Q1
CPRT,pretax_income,IncomeLossFromContinuingOperationsBeforeIncomeTaxesMinorityInterestAndIncomeLossFromEquityMethodInvestments,Q,2009-08-01,2009-10-31,57052000.0,USD,2011.0,FY,10-K/A,CY2009Q3
CPRT,pretax_income,IncomeLossFromContinuingOperationsBeforeIncomeTaxesMinorityInterestAndIncomeLossFromEquityMethodInvestments,Q,2009-11-01,2010-01-31,53172000.0,USD,2011.0,FY,10-K/A,CY2009Q4
CPRT,pretax_income,IncomeLossFromContinuingOperationsBeforeIncomeTaxesMinorityInterestAndIncomeLossFromEquityMethodInvestments,Q,2010-02-01,2010-04-30,71584000.0,USD,2011.0,FY,10-K/A,CY2010Q1
CPRT,pretax_income,IncomeLossFromContinuingOperationsBeforeIncomeTaxesMinorityInterestAndIncomeLossFromEquityMethodInvestments,Q,2010-05-01,2010-07-31,57687000.0,USD,2011.0,FY,10-K/A,CY2010Q2
CPRT,pretax_income,IncomeLossFromContinuingOperationsBeforeIncomeTaxesMinorityInterestAndIncomeLossFromEquityMethodInvestments,Q,2010-08-01,2010-10-30,60163000.0,USD,2012.0,FY,10-K,CY2010Q3
CPRT,pretax_income,IncomeLossFromContinuingOperationsBeforeIncomeTaxesExtraordinaryItemsNoncontrollingInterest,Q,2010-08-01,2010-10-31,60163000.0,USD,2012.0,Q1,10-Q,CY2010Q3
CPRT,pretax_income,IncomeLossFromContinuingOperationsBeforeIncomeTaxesExtraordinaryItemsNoncontrollingInterest,Q,2010-11-01,2011-01-31,60717000.0,USD,2012.0,Q2,10-Q,CY2010Q4
CPRT,pretax_income,IncomeLossFromContinuingOperationsBeforeIncomeTaxesExtraordinaryItemsNoncontrollingInterest,Q,2011-02-01,2011-04-30,80350000.0,USD,2012.0,Q3,10-Q,CY2011Q1
CPRT,pretax_income,IncomeLossFromContinuingOperationsBeforeIncomeTaxesMinorityInterestAndIncomeLossFromEquityMethodInvestments,Q,2011-05-01,2011-07-31,62645000.0,USD,2012.0,FY,10-K,CY2011Q2
CPRT,pretax_income,IncomeLossFromContinuingOperationsBeforeIncomeTaxesExtraordinaryItemsNoncontrollingInterest,Q,2011-08-01,2011-10-31,63815000.0,USD,2013.0,FY,10-K,CY2011Q3
CPRT,pretax_income,IncomeLossFromContinuingOperationsBeforeIncomeTaxesExtraordinaryItemsNoncontrollingInterest,Q,2011-11-01,2012-01-31,62216000.0,USD,2013.0,FY,10-K,CY2011Q4
CPRT,pretax_income,IncomeLossFromContinuingOperationsBeforeIncomeTaxesExtraordinaryItemsNoncontrollingInterest,Q,2012-02-01,2012-04-30,84547000.0,USD,2013.0,FY,10-K,CY2012Q1
CPRT,pretax_income,IncomeLossFromContinuingOperationsBeforeIncomeTaxesExtraordinaryItemsNoncontrollingInterest,Q,2012-05-01,2012-07-31,67478000.0,USD,2013.0,FY,10-K,CY2012Q2
CPRT,pretax_income,IncomeLossFromContinuingOperationsBeforeIncomeTaxesExtraordinaryItemsNoncontrollingInterest,Q,2012-08-01,2012-10-31,71588000.0,USD,2014.0,FY,10-K,CY2012Q3
CPRT,pretax_income,IncomeLossFromContinuingOperationsBeforeIncomeTaxesExtraordinaryItemsNoncontrollingInterest,Q,2012-11-01,2013-01-31,61117000.0,USD,2014.0,FY,10-K,CY2012Q4
CPRT,pretax_income,IncomeLossFromContinuingOperationsBeforeIncomeTaxesExtraordinaryItemsNoncontrollingInterest,Q,2013-02-01,2013-04-30,82005000.0,USD,2014.0,FY,10-K,CY2013Q1
CPRT,pretax_income,IncomeLossFromContinuingOperationsBeforeIncomeTaxesExtraordinaryItemsNoncontrollingInterest,Q,2013-05-01,2013-07-31,62162000.0,USD,2014.0,FY,10-K,CY2013Q2
CPRT,pretax_income,IncomeLossFromContinuingOperationsBeforeIncomeTaxesExtraordinaryItemsNoncontrollingInterest,Q,2013-08-01,2013-10-31,64245000.0,USD,2015.0,FY,10-K,CY2013Q3
CPRT,pretax_income,IncomeLossFromContinuingOperationsBeforeIncomeTaxesExtraordinaryItemsNoncontrollingInterest,Q,2013-11-01,2014-01-31,70588000.0,USD,2015.0,FY,10-K,CY2013Q4
CPRT,pretax_income,IncomeLossFromContinuingOperationsBeforeIncomeTaxesExtraordinaryItemsNoncontrollingInterest,Q,2014-02-01,2014-04-30,61318000.0,USD,2015.0,FY,10-K,CY2014Q1
CPRT,pretax_income,IncomeLossFromContinuingOperationsBeforeIncomeTaxesExtraordinaryItemsNoncontrollingInterest,Q,2014-05-01,2014-07-31,73884000.0,USD,2015.0,FY,10-K,CY2014Q2
CPRT,pretax_income,IncomeLossFromContinuingOperationsBeforeIncomeTaxesExtraordinaryItemsNoncontrollingInterest,Q,2014-08-01,2014-10-31,82223000.0,USD,2016.0,FY,10-K,CY2014Q3
CPRT,pretax_income,IncomeLossFromContinuingOperationsBeforeIncomeTaxesExtraordinaryItemsNoncontrollingInterest,Q,2014-11-01,2015-01-31,80104000.0,USD,2016.0,FY,10-K,CY2014Q4
CPRT,pretax_income,IncomeLossFromContinuingOperationsBeforeIncomeTaxesExtraordinaryItemsNoncontrollingInterest,Q,2015-02-01,2015-04-30,88296000.0,USD,2016.0,FY,10-K,CY2015Q1
CPRT,pretax_income,IncomeLossFromContinuingOperationsBeforeIncomeTaxesExtraordinaryItemsNoncontrollingInterest,Q,2015-05-01,2015-07-31,81446000.0,USD,2016.0,FY,10-K,CY2015Q2
CPRT,pretax_income,IncomeLossFromContinuingOperationsBeforeIncomeTaxesExtraordinaryItemsNoncontrollingInterest,Q,2015-08-01,2015-10-31,81760000.0,USD,2017.0,FY,10-K,CY2015Q3
CPRT,pretax_income,IncomeLossFromContinuingOperationsBeforeIncomeTaxesExtraordinaryItemsNoncontrollingInterest,Q,2015-11-01,2016-01-31,91552000.0,USD,2017.0,FY,10-K,CY2015Q4
CPRT,pretax_income,IncomeLossFromContinuingOperationsBeforeIncomeTaxesExtraordinaryItemsNoncontrollingInterest,Q,2016-02-01,2016-04-30,116568000.0,USD,2017.0,FY,10-K,CY2016Q1
CPRT,pretax_income,IncomeLossFromContinuingOperationsBeforeIncomeTaxesExtraordinaryItemsNoncontrollingInterest,Q,2016-05-01,2016-07-31,105985000.0,USD,2017.0,FY,10-K,CY2016Q2
CPRT,pretax_income,IncomeLossFromContinuingOperationsBeforeIncomeTaxesExtraordinaryItemsNoncontrollingInterest,Q,2016-08-01,2016-10-31,102534000.0,USD,2018.0,FY,10-K,CY2016Q3
CPRT,pretax_income,IncomeLossFromContinuingOperationsBeforeIncomeTaxesExtraordinaryItemsNoncontrollingInterest,Q,2016-11-01,2017-01-31,100099000.0,USD,2018.0,FY,10-K,CY2016Q4
CPRT,pretax_income,IncomeLossFromContinuingOperationsBeforeIncomeTaxesExtraordinaryItemsNoncontrollingInterest,Q,2017-02-01,2017-04-30,131088000.0,USD,2018.0,FY,10-K,CY2017Q1
CPRT,pretax_income,IncomeLossFromContinuingOperationsBeforeIncomeTaxesExtraordinaryItemsNoncontrollingInterest,Q,2017-05-01,2017-07-31,106379000.0,USD,2018.0,FY,10-K,CY2017Q2
CPRT,pretax_income,IncomeLossFromContinuingOperationsBeforeIncomeTaxesExtraordinaryItemsNoncontrollingInterest,Q,2017-08-01,2017-10-31,114128000.0,USD,2019.0,FY,10-K,CY2017Q3
CPRT,pretax_income,IncomeLossFromContinuingOperationsBeforeIncomeTaxesExtraordinaryItemsNoncontrollingInterest,Q,2017-11-01,2018-01-31,144438000.0,USD,2019.0,FY,10-K,CY2017Q4
CPRT,pretax_income,IncomeLossFromContinuingOperationsBeforeIncomeTaxesExtraordinaryItemsNoncontrollingInterest,Q,2018-02-01,2018-04-30,171216000.0,USD,2019.0,FY,10-K,CY2018Q1
CPRT,pretax_income,IncomeLossFromContinuingOperationsBeforeIncomeTaxesExtraordinaryItemsNoncontrollingInterest,Q,2018-05-01,2018-07-31,132729000.0,USD,2019.0,FY,10-K,CY2018Q2
CPRT,pretax_income,IncomeLossFromContinuingOperationsBeforeIncomeTaxesExtraordinaryItemsNoncontrollingInterest,Q,2018-08-01,2018-10-31,148786000.0,USD,2020.0,FY,10-K,CY2018Q3
CPRT,pretax_income,IncomeLossFromContinuingOperationsBeforeIncomeTaxesExtraordinaryItemsNoncontrollingInterest,Q,2018-11-01,2019-01-31,164966000.0,USD,2020.0,FY,10-K,CY2018Q4
CPRT,pretax_income,IncomeLossFromContinuingOperationsBeforeIncomeTaxesExtraordinaryItemsNoncontrollingInterest,Q,2019-02-01,2019-04-30,204129000.0,USD,2020.0,FY,10-K,CY2019Q1
CPRT,pretax_income,IncomeLossFromContinuingOperationsBeforeIncomeTaxesExtraordinaryItemsNoncontrollingInterest,Q,2019-05-01,2019-07-31,187070000.0,USD,2020.0,FY,10-K,CY2019Q2
CPRT,pretax_income,IncomeLossFromContinuingOperationsBeforeIncomeTaxesExtraordinaryItemsNoncontrollingInterest,Q,2019-08-01,2019-10-31,202082000.0,USD,2021.0,Q1,10-Q,CY2019Q3
CPRT,pretax_income,IncomeLossFromContinuingOperationsBeforeIncomeTaxesExtraordinaryItemsNoncontrollingInterest,Q,2019-11-01,2020-01-31,205074000.0,USD,2021.0,Q2,10-Q,CY2019Q4
CPRT,pretax_income,IncomeLossFromContinuingOperationsBeforeIncomeTaxesExtraordinaryItemsNoncontrollingInterest,Q,2020-02-01,2020-04-30,191800000.0,USD,2021.0,Q3,10-Q,CY2020Q1
CPRT,pretax_income,IncomeLossFromContinuingOperationsBeforeIncomeTaxesExtraordinaryItemsNoncontrollingInterest,Q,2020-05-01,2020-07-31,201883000.0,USD,2020.0,FY,10-K,CY2020Q2
CPRT,pretax_income,IncomeLossFromContinuingOperationsBeforeIncomeTaxesExtraordinaryItemsNoncontrollingInterest,Q,2020-08-01,2020-10-31,246815000.0,USD,2022.0,Q1,10-Q,CY2020Q3
CPRT,pretax_income,IncomeLossFromContinuingOperationsBeforeIncomeTaxesExtraordinaryItemsNoncontrollingInterest,Q,2020-11-01,2021-01-31,252452000.0,USD,2022.0,Q2,10-Q,CY2020Q4
CPRT,pretax_income,IncomeLossFromContinuingOperationsBeforeIncomeTaxesExtraordinaryItemsNoncontrollingInterest,Q,2021-02-01,2021-04-30,323535000.0,USD,2022.0,Q3,10-Q,CY2021Q1
CPRT,pretax_income,IncomeLossFromContinuingOperationsBeforeIncomeTaxesExtraordinaryItemsNoncontrollingInterest,Q,2021-05-01,2021-07-31,299044000.0,USD,2023.0,Q4,10-K,derived_fy_minus_q1q2q3
CPRT,pretax_income,IncomeLossFromContinuingOperationsBeforeIncomeTaxesExtraordinaryItemsNoncontrollingInterest,Q,2021-08-01,2021-10-31,325826000.0,USD,2023.0,Q1,10-Q,CY2021Q3
CPRT,pretax_income,IncomeLossFromContinuingOperationsBeforeIncomeTaxesExtraordinaryItemsNoncontrollingInterest,Q,2021-11-01,2022-01-31,342055000.0,USD,2023.0,Q2,10-Q,CY2021Q4
CPRT,pretax_income,IncomeLossFromContinuingOperationsBeforeIncomeTaxesExtraordinaryItemsNoncontrollingInterest,Q,2022-02-01,2022-04-30,369605000.0,USD,2023.0,Q3,10-Q,CY2022Q1
CPRT,pretax_income,IncomeLossFromContinuingOperationsBeforeIncomeTaxesExtraordinaryItemsNoncontrollingInterest,Q,2022-05-01,2022-07-31,303468000.0,USD,2024.0,Q4,10-K,derived_fy_minus_q1q2q3
CPRT,pretax_income,IncomeLossFromContinuingOperationsBeforeIncomeTaxesExtraordinaryItemsNoncontrollingInterest,Q,2022-08-01,2022-10-31,313103000.0,USD,2024.0,Q1,10-Q,CY2022Q3
CPRT,pretax_income,IncomeLossFromContinuingOperationsBeforeIncomeTaxesExtraordinaryItemsNoncontrollingInterest,Q,2022-11-01,2023-01-31,377103000.0,USD,2024.0,Q2,10-Q,CY2022Q4
CPRT,pretax_income,IncomeLossFromContinuingOperationsBeforeIncomeTaxesExtraordinaryItemsNoncontrollingInterest,Q,2023-02-01,2023-04-30,440430000.0,USD,2024.0,Q3,10-Q,CY2023Q1
CPRT,pretax_income,IncomeLossFromContinuingOperationsBeforeIncomeTaxesExtraordinaryItemsNoncontrollingInterest,Q,2023-05-01,2023-07-31,423692000.0,USD,2025.0,Q4,10-K,derived_fy_minus_q1q2q3
CPRT,pretax_income,IncomeLossFromContinuingOperationsBeforeIncomeTaxesExtraordinaryItemsNoncontrollingInterest,Q,2023-08-01,2023-10-31,423309000.0,USD,2025.0,Q1,10-Q,CY2023Q3
CPRT,pretax_income,IncomeLossFromContinuingOperationsBeforeIncomeTaxesExtraordinaryItemsNoncontrollingInterest,Q,2023-11-01,2024-01-31,410753000.0,USD,2025.0,Q2,10-Q,CY2023Q4
CPRT,pretax_income,IncomeLossFromContinuingOperationsBeforeIncomeTaxesExtraordinaryItemsNoncontrollingInterest,Q,2024-02-01,2024-04-30,472112000.0,USD,2025.0,Q3,10-Q,CY2024Q1
CPRT,pretax_income,IncomeLossFromContinuingOperationsBeforeIncomeTaxesExtraordinaryItemsNoncontrollingInterest,Q,2024-05-01,2024-07-31,408427000.0,USD,2025.0,Q4,10-K,derived_fy_minus_q1q2q3
CPRT,pretax_income,IncomeLossFromContinuingOperationsBeforeIncomeTaxesExtraordinaryItemsNoncontrollingInterest,Q,2024-08-01,2024-10-31,451318000.0,USD,2026.0,Q1,10-Q,CY2024Q3
CPRT,pretax_income,IncomeLossFromContinuingOperationsBeforeIncomeTaxesExtraordinaryItemsNoncontrollingInterest,Q,2024-11-01,2025-01-31,463051000.0,USD,2026.0,Q2,10-Q,CY2024Q4
CPRT,pretax_income,IncomeLossFromContinuingOperationsBeforeIncomeTaxesExtraordinaryItemsNoncontrollingInterest,Q,2025-02-01,2025-04-30,502804000.0,USD,2026.0,Q3,10-Q,CY2025Q1
CPRT,pretax_income,IncomeLossFromContinuingOperationsBeforeIncomeTaxesExtraordinaryItemsNoncontrollingInterest,Q,2025-05-01,2025-07-31,478408000.0,USD,2025.0,Q4,10-K,derived_fy_minus_q1q2q3
CPRT,pretax_income,IncomeLossFromContinuingOperationsBeforeIncomeTaxesExtraordinaryItemsNoncontrollingInterest,Q,2025-08-01,2025-10-31,487123000.0,USD,2026.0,Q1,10-Q,CY2025Q3
CPRT,pretax_income,IncomeLossFromContinuingOperationsBeforeIncomeTaxesExtraordinaryItemsNoncontrollingInterest,Q,2025-11-01,2026-01-31,441049000.0,USD,2026.0,Q2,10-Q,CY2025Q4
CPRT,pretax_income,IncomeLossFromContinuingOperationsBeforeIncomeTaxesExtraordinaryItemsNoncontrollingInterest,Q,2026-02-01,2026-04-30,502094000.0,USD,2026.0,Q3,10-Q,CY2026Q1
CPRT,revenue,SalesRevenueNet,Q,2009-08-01,2009-10-31,185461000.0,USD,2011.0,FY,10-K/A,CY2009Q3
CPRT,revenue,SalesRevenueNet,Q,2009-11-01,2010-01-31,176601000.0,USD,2011.0,FY,10-K/A,CY2009Q4
CPRT,revenue,SalesRevenueNet,Q,2010-02-01,2010-04-30,220349000.0,USD,2011.0,FY,10-K/A,CY2010Q1
CPRT,revenue,SalesRevenueNet,Q,2010-05-01,2010-07-31,190468000.0,USD,2011.0,FY,10-K/A,CY2010Q2
CPRT,revenue,SalesRevenueNet,Q,2010-08-01,2010-10-30,212667000.0,USD,2012.0,FY,10-K,CY2010Q3
CPRT,revenue,SalesRevenueNet,Q,2010-08-01,2010-10-31,212667000.0,USD,2012.0,Q1,10-Q,
CPRT,revenue,SalesRevenueNet,Q,2010-11-01,2011-01-31,207380000.0,USD,2012.0,FY,10-K,CY2010Q4
CPRT,revenue,SalesRevenueNet,Q,2011-02-01,2011-04-30,236755000.0,USD,2012.0,FY,10-K,CY2011Q1
CPRT,revenue,SalesRevenueNet,Q,2011-05-01,2011-07-31,215443000.0,USD,2012.0,FY,10-K,CY2011Q2
CPRT,revenue,SalesRevenueNet,Q,2011-08-01,2011-10-31,225626000.0,USD,2013.0,FY,10-K,CY2011Q3
CPRT,revenue,SalesRevenueNet,Q,2011-11-01,2012-01-31,227904000.0,USD,2013.0,FY,10-K,CY2011Q4
CPRT,revenue,SalesRevenueNet,Q,2012-02-01,2012-04-30,244105000.0,USD,2013.0,FY,10-K,CY2012Q1
CPRT,revenue,SalesRevenueNet,Q,2012-04-02,2012-07-01,226556000.0,USD,2013.0,FY,10-K,CY2012Q2
CPRT,revenue,SalesRevenueNet,Q,2012-05-01,2012-07-31,226556000.0,USD,2013.0,FY,10-K,
CPRT,revenue,SalesRevenueNet,Q,2012-08-01,2012-10-31,238866000.0,USD,2014.0,FY,10-K,CY2012Q3
CPRT,revenue,SalesRevenueNet,Q,2012-11-01,2013-01-31,266185000.0,USD,2014.0,FY,10-K,CY2012Q4
CPRT,revenue,SalesRevenueNet,Q,2013-02-01,2013-04-30,277638000.0,USD,2014.0,FY,10-K,CY2013Q1
CPRT,revenue,SalesRevenueNet,Q,2013-05-01,2013-07-31,263697000.0,USD,2014.0,FY,10-K,CY2013Q2
CPRT,revenue,SalesRevenueNet,Q,2013-08-01,2013-10-31,279883000.0,USD,2015.0,FY,10-K,CY2013Q3
CPRT,revenue,SalesRevenueNet,Q,2013-11-01,2014-01-31,286434000.0,USD,2015.0,FY,10-K,CY2013Q4
CPRT,revenue,SalesRevenueNet,Q,2014-02-01,2014-04-30,309722000.0,USD,2015.0,FY,10-K,CY2014Q1
CPRT,revenue,SalesRevenueNet,Q,2014-05-01,2014-07-31,287450000.0,USD,2015.0,FY,10-K,CY2014Q2
CPRT,revenue,SalesRevenueNet,Q,2014-08-01,2014-10-31,290386000.0,USD,2016.0,FY,10-K,CY2014Q3
CPRT,revenue,SalesRevenueNet,Q,2014-11-01,2015-01-31,276258000.0,USD,2016.0,FY,10-K,CY2014Q4
CPRT,revenue,SalesRevenueNet,Q,2015-02-01,2015-04-30,297142000.0,USD,2016.0,FY,10-K,CY2015Q1
CPRT,revenue,SalesRevenueNet,Q,2015-05-01,2015-07-31,282293000.0,USD,2016.0,FY,10-K,CY2015Q2
CPRT,revenue,Revenues,Q,2015-08-01,2015-10-31,288838000.0,USD,2017.0,Q1,10-Q,CY2015Q3
CPRT,revenue,Revenues,Q,2015-11-01,2016-01-31,299706000.0,USD,2017.0,Q2,10-Q,CY2015Q4
CPRT,revenue,Revenues,Q,2016-02-01,2016-04-30,347246000.0,USD,2017.0,Q3,10-Q,CY2016Q1
CPRT,revenue,SalesRevenueNet,Q,2016-05-01,2016-07-31,332659000.0,USD,2017.0,FY,10-K,CY2016Q2
CPRT,revenue,Revenues,Q,2016-08-01,2016-10-31,345991000.0,USD,2018.0,FY,10-K,CY2016Q3
CPRT,revenue,Revenues,Q,2016-11-01,2017-01-31,349532000.0,USD,2018.0,FY,10-K,CY2016Q4
CPRT,revenue,Revenues,Q,2017-02-01,2017-04-30,373862000.0,USD,2018.0,FY,10-K,CY2017Q1
CPRT,revenue,Revenues,Q,2017-05-01,2017-07-31,378596000.0,USD,2018.0,FY,10-K,CY2017Q2
CPRT,revenue,RevenueFromContractWithCustomerIncludingAssessedTax,Q,2017-08-01,2017-10-31,419168000.0,USD,2019.0,Q1,10-Q,CY2017Q3
CPRT,revenue,RevenueFromContractWithCustomerIncludingAssessedTax,Q,2017-11-01,2018-01-31,459106000.0,USD,2019.0,Q2,10-Q,CY2017Q4
CPRT,revenue,RevenueFromContractWithCustomerIncludingAssessedTax,Q,2018-02-01,2018-04-30,478198000.0,USD,2019.0,Q3,10-Q,CY2018Q1
CPRT,revenue,Revenues,Q,2018-05-01,2018-07-31,449223000.0,USD,2019.0,FY,10-K,CY2018Q2
CPRT,revenue,RevenueFromContractWithCustomerIncludingAssessedTax,Q,2018-08-01,2018-10-31,461368000.0,USD,2020.0,Q1,10-Q,CY2018Q3
CPRT,revenue,RevenueFromContractWithCustomerIncludingAssessedTax,Q,2018-11-01,2019-01-31,484898000.0,USD,2020.0,Q2,10-Q,CY2018Q4
CPRT,revenue,RevenueFromContractWithCustomerIncludingAssessedTax,Q,2019-02-01,2019-04-30,553116000.0,USD,2020.0,Q3,10-Q,CY2019Q1
CPRT,revenue,Revenues,Q,2019-05-01,2019-07-31,542575000.0,USD,2020.0,FY,10-K,CY2019Q2
CPRT,revenue,RevenueFromContractWithCustomerIncludingAssessedTax,Q,2019-08-01,2019-10-31,554424000.0,USD,2021.0,Q1,10-Q,CY2019Q3
CPRT,revenue,RevenueFromContractWithCustomerIncludingAssessedTax,Q,2019-11-01,2020-01-31,575140000.0,USD,2021.0,Q2,10-Q,CY2019Q4
CPRT,revenue,RevenueFromContractWithCustomerIncludingAssessedTax,Q,2020-02-01,2020-04-30,550360000.0,USD,2021.0,Q3,10-Q,CY2020Q1
CPRT,revenue,Revenues,Q,2020-05-01,2020-07-31,525659000.0,USD,2020.0,FY,10-K,CY2020Q2
CPRT,revenue,RevenueFromContractWithCustomerIncludingAssessedTax,Q,2020-08-01,2020-10-31,592940000.0,USD,2022.0,Q1,10-Q,CY2020Q3
CPRT,revenue,RevenueFromContractWithCustomerIncludingAssessedTax,Q,2020-11-01,2021-01-31,617031000.0,USD,2022.0,Q2,10-Q,CY2020Q4
CPRT,revenue,RevenueFromContractWithCustomerIncludingAssessedTax,Q,2021-02-01,2021-04-30,733910000.0,USD,2022.0,Q3,10-Q,CY2021Q1
CPRT,revenue,RevenueFromContractWithCustomerIncludingAssessedTax,Q,2021-05-01,2021-07-31,748630000.0,USD,2023.0,Q4,10-K,derived_fy_minus_q1q2q3
CPRT,revenue,RevenueFromContractWithCustomerIncludingAssessedTax,Q,2021-08-01,2021-10-31,810132000.0,USD,2023.0,Q1,10-Q,CY2021Q3
CPRT,revenue,RevenueFromContractWithCustomerIncludingAssessedTax,Q,2021-11-01,2022-01-31,867460000.0,USD,2023.0,Q2,10-Q,CY2021Q4
CPRT,revenue,RevenueFromContractWithCustomerIncludingAssessedTax,Q,2022-02-01,2022-04-30,939941000.0,USD,2023.0,Q3,10-Q,CY2022Q1
CPRT,revenue,RevenueFromContractWithCustomerIncludingAssessedTax,Q,2022-05-01,2022-07-31,883388000.0,USD,2024.0,Q4,10-K,derived_fy_minus_q1q2q3
CPRT,revenue,RevenueFromContractWithCustomerIncludingAssessedTax,Q,2022-08-01,2022-10-31,893372000.0,USD,2024.0,Q1,10-Q,CY2022Q3
CPRT,revenue,RevenueFromContractWithCustomerIncludingAssessedTax,Q,2022-11-01,2023-01-31,956724000.0,USD,2024.0,Q2,10-Q,CY2022Q4
CPRT,revenue,RevenueFromContractWithCustomerIncludingAssessedTax,Q,2023-02-01,2023-04-30,1021831000.0,USD,2024.0,Q3,10-Q,CY2023Q1
CPRT,revenue,RevenueFromContractWithCustomerIncludingAssessedTax,Q,2023-05-01,2023-07-31,997591000.0,USD,2025.0,Q4,10-K,derived_fy_minus_q1q2q3
CPRT,revenue,RevenueFromContractWithCustomerIncludingAssessedTax,Q,2023-08-01,2023-10-31,1020416000.0,USD,2025.0,Q1,10-Q,CY2023Q3
CPRT,revenue,RevenueFromContractWithCustomerIncludingAssessedTax,Q,2023-11-01,2024-01-31,1020149000.0,USD,2025.0,Q2,10-Q,CY2023Q4
CPRT,revenue,RevenueFromContractWithCustomerIncludingAssessedTax,Q,2024-02-01,2024-04-30,1127259000.0,USD,2025.0,Q3,10-Q,CY2024Q1
CPRT,revenue,RevenueFromContractWithCustomerIncludingAssessedTax,Q,2024-05-01,2024-07-31,1068999000.0,USD,2025.0,Q4,10-K,derived_fy_minus_q1q2q3
CPRT,revenue,RevenueFromContractWithCustomerIncludingAssessedTax,Q,2024-08-01,2024-10-31,1146829000.0,USD,2026.0,Q1,10-Q,CY2024Q3
CPRT,revenue,RevenueFromContractWithCustomerIncludingAssessedTax,Q,2024-11-01,2025-01-31,1163316000.0,USD,2026.0,Q2,10-Q,CY2024Q4
CPRT,revenue,RevenueFromContractWithCustomerIncludingAssessedTax,Q,2025-02-01,2025-04-30,1211716000.0,USD,2026.0,Q3,10-Q,CY2025Q1
CPRT,revenue,RevenueFromContractWithCustomerIncludingAssessedTax,Q,2025-05-01,2025-07-31,1125097000.0,USD,2025.0,Q4,10-K,derived_fy_minus_q1q2q3
CPRT,revenue,RevenueFromContractWithCustomerIncludingAssessedTax,Q,2025-08-01,2025-10-31,1155030000.0,USD,2026.0,Q1,10-Q,CY2025Q3
CPRT,revenue,RevenueFromContractWithCustomerIncludingAssessedTax,Q,2025-11-01,2026-01-31,1121674000.0,USD,2026.0,Q2,10-Q,CY2025Q4
CPRT,revenue,RevenueFromContractWithCustomerIncludingAssessedTax,Q,2026-02-01,2026-04-30,1237066000.0,USD,2026.0,Q3,10-Q,CY2026Q1
PGR,buybacks,PaymentsForRepurchaseOfCommonStock,Q,2009-01-01,2009-03-31,5100000.0,USD,2010.0,Q1,10-Q,CY2009Q1
PGR,buybacks,PaymentsForRepurchaseOfCommonStock,Q,2010-01-01,2010-03-31,42600000.0,USD,2011.0,Q1,10-Q,CY2010Q1
PGR,buybacks,PaymentsForRepurchaseOfCommonStock,Q,2011-01-01,2011-03-31,138000000.0,USD,2012.0,Q1,10-Q,CY2011Q1
PGR,buybacks,PaymentsForRepurchaseOfCommonStock,Q,2012-01-01,2012-03-31,37700000.0,USD,2013.0,Q1,10-Q,CY2012Q1
PGR,buybacks,PaymentsForRepurchaseOfCommonStock,Q,2013-01-01,2013-03-31,51300000.0,USD,2014.0,Q1,10-Q,CY2013Q1
PGR,buybacks,PaymentsForRepurchaseOfCommonStock,Q,2014-01-01,2014-03-31,94700000.0,USD,2015.0,Q1,10-Q,CY2014Q1
PGR,buybacks,PaymentsForRepurchaseOfCommonStock,Q,2015-01-01,2015-03-31,65900000.0,USD,2016.0,Q1,10-Q,CY2015Q1
PGR,buybacks,PaymentsForRepurchaseOfCommonStock,Q,2016-01-01,2016-03-31,70300000.0,USD,2016.0,Q1,10-Q,CY2016Q1
PGR,capex,PaymentsToAcquirePropertyPlantAndEquipment,Q,2009-01-01,2009-03-31,21200000.0,USD,2010.0,Q1,10-Q,CY2009Q1
PGR,capex,PaymentsToAcquirePropertyPlantAndEquipment,Q,2010-01-01,2010-03-31,17000000.0,USD,2011.0,Q1,10-Q,CY2010Q1
PGR,capex,PaymentsToAcquirePropertyPlantAndEquipment,Q,2011-01-01,2011-03-31,17500000.0,USD,2012.0,Q1,10-Q,CY2011Q1
PGR,capex,PaymentsToAcquirePropertyPlantAndEquipment,Q,2012-01-01,2012-03-31,29300000.0,USD,2013.0,Q1,10-Q,CY2012Q1
PGR,capex,PaymentsToAcquirePropertyPlantAndEquipment,Q,2013-01-01,2013-03-31,27700000.0,USD,2014.0,Q1,10-Q,CY2013Q1
PGR,capex,PaymentsToAcquirePropertyPlantAndEquipment,Q,2014-01-01,2014-03-31,16200000.0,USD,2015.0,Q1,10-Q,CY2014Q1
PGR,capex,PaymentsToAcquirePropertyPlantAndEquipment,Q,2015-01-01,2015-03-31,22200000.0,USD,2016.0,Q1,10-Q,CY2015Q1
PGR,capex,PaymentsToAcquirePropertyPlantAndEquipment,Q,2016-01-01,2016-03-31,54300000.0,USD,2017.0,Q1,10-Q,CY2016Q1
PGR,capex,PaymentsToAcquirePropertyPlantAndEquipment,Q,2017-01-01,2017-03-31,35000000.0,USD,2018.0,Q1,10-Q,CY2017Q1
PGR,capex,PaymentsToAcquirePropertyPlantAndEquipment,Q,2018-01-01,2018-03-31,35800000.0,USD,2019.0,Q1,10-Q,CY2018Q1
PGR,capex,PaymentsToAcquirePropertyPlantAndEquipment,Q,2019-01-01,2019-03-31,75800000.0,USD,2020.0,Q1,10-Q,CY2019Q1
PGR,capex,PaymentsToAcquirePropertyPlantAndEquipment,Q,2020-01-01,2020-03-31,62400000.0,USD,2021.0,Q1,10-Q,CY2020Q1
PGR,capex,PaymentsToAcquirePropertyPlantAndEquipment,Q,2021-01-01,2021-03-31,50500000.0,USD,2022.0,Q1,10-Q,CY2021Q1
PGR,capex,PaymentsToAcquirePropertyPlantAndEquipment,Q,2022-01-01,2022-03-31,73000000.0,USD,2023.0,Q1,10-Q,CY2022Q1
PGR,capex,PaymentsToAcquirePropertyPlantAndEquipment,Q,2023-01-01,2023-03-31,43200000.0,USD,2024.0,Q1,10-Q,CY2023Q1
PGR,capex,PaymentsToAcquirePropertyPlantAndEquipment,Q,2024-01-01,2024-03-31,50000000.0,USD,2025.0,Q1,10-Q,CY2024Q1
PGR,capex,PaymentsToAcquirePropertyPlantAndEquipment,Q,2025-01-01,2025-03-31,59000000.0,USD,2026.0,Q1,10-Q,CY2025Q1
PGR,capex,PaymentsToAcquirePropertyPlantAndEquipment,Q,2026-01-01,2026-03-31,63000000.0,USD,2026.0,Q1,10-Q,CY2026Q1
PGR,cash_from_ops,NetCashProvidedByUsedInOperatingActivities,Q,2009-01-01,2009-03-31,541400000.0,USD,2010.0,Q1,10-Q,CY2009Q1
PGR,cash_from_ops,NetCashProvidedByUsedInOperatingActivities,Q,2010-01-01,2010-03-31,670000000.0,USD,2011.0,Q1,10-Q,CY2010Q1
PGR,cash_from_ops,NetCashProvidedByUsedInOperatingActivities,Q,2011-01-01,2011-03-31,673500000.0,USD,2012.0,Q1,10-Q,CY2011Q1
PGR,cash_from_ops,NetCashProvidedByUsedInOperatingActivities,Q,2012-01-01,2012-03-31,708400000.0,USD,2013.0,Q1,10-Q,CY2012Q1
PGR,cash_from_ops,NetCashProvidedByUsedInOperatingActivities,Q,2013-01-01,2013-03-31,722100000.0,USD,2014.0,Q1,10-Q,CY2013Q1
PGR,cash_from_ops,NetCashProvidedByUsedInOperatingActivities,Q,2014-01-01,2014-03-31,660600000.0,USD,2015.0,Q1,10-Q,CY2014Q1
PGR,cash_from_ops,NetCashProvidedByUsedInOperatingActivities,Q,2015-01-01,2015-03-31,771100000.0,USD,2016.0,Q1,10-Q,CY2015Q1
PGR,cash_from_ops,NetCashProvidedByUsedInOperatingActivities,Q,2016-01-01,2016-03-31,818800000.0,USD,2017.0,Q1,10-Q,CY2016Q1
PGR,cash_from_ops,NetCashProvidedByUsedInOperatingActivities,Q,2017-01-01,2017-03-31,1104400000.0,USD,2018.0,Q1,10-Q,CY2017Q1
PGR,cash_from_ops,NetCashProvidedByUsedInOperatingActivities,Q,2018-01-01,2018-03-31,1747100000.0,USD,2019.0,Q1,10-Q,CY2018Q1
PGR,cash_from_ops,NetCashProvidedByUsedInOperatingActivities,Q,2019-01-01,2019-03-31,1868500000.0,USD,2020.0,Q1,10-Q,CY2019Q1
PGR,cash_from_ops,NetCashProvidedByUsedInOperatingActivities,Q,2020-01-01,2020-03-31,1625800000.0,USD,2021.0,Q1,10-Q,CY2020Q1
PGR,cash_from_ops,NetCashProvidedByUsedInOperatingActivities,Q,2021-01-01,2021-03-31,2614500000.0,USD,2022.0,Q1,10-Q,CY2021Q1
PGR,cash_from_ops,NetCashProvidedByUsedInOperatingActivities,Q,2022-01-01,2022-03-31,2502300000.0,USD,2023.0,Q1,10-Q,CY2022Q1
PGR,cash_from_ops,NetCashProvidedByUsedInOperatingActivities,Q,2023-01-01,2023-03-31,2449500000.0,USD,2024.0,Q1,10-Q,CY2023Q1
PGR,cash_from_ops,NetCashProvidedByUsedInOperatingActivities,Q,2024-01-01,2024-03-31,4235000000.0,USD,2025.0,Q1,10-Q,CY2024Q1
PGR,cash_from_ops,NetCashProvidedByUsedInOperatingActivities,Q,2025-01-01,2025-03-31,5143000000.0,USD,2026.0,Q1,10-Q,CY2025Q1
PGR,cash_from_ops,NetCashProvidedByUsedInOperatingActivities,Q,2026-01-01,2026-03-31,4367000000.0,USD,2026.0,Q1,10-Q,CY2026Q1
PGR,eps_diluted,EarningsPerShareDiluted,Q,2008-04-01,2008-06-30,0.32,USD/shares,2009.0,Q2,10-Q,CY2008Q2
PGR,eps_diluted,EarningsPerShareDiluted,Q,2008-07-01,2008-09-30,-1.03,USD/shares,2009.0,Q3,10-Q,CY2008Q3
PGR,eps_diluted,EarningsPerShareDiluted,Q,2009-01-01,2009-03-31,0.35,USD/shares,2010.0,Q1,10-Q,CY2009Q1
PGR,eps_diluted,EarningsPerShareDiluted,Q,2009-04-01,2009-06-30,0.37,USD/shares,2010.0,Q2,10-Q,CY2009Q2
PGR,eps_diluted,EarningsPerShareDiluted,Q,2009-07-01,2009-09-30,0.4,USD/shares,2010.0,Q3,10-Q,CY2009Q3
PGR,eps_diluted,EarningsPerShareDiluted,Q,2010-01-01,2010-03-31,0.44,USD/shares,2011.0,Q1,10-Q,CY2010Q1
PGR,eps_diluted,EarningsPerShareDiluted,Q,2010-04-01,2010-06-30,0.32,USD/shares,2011.0,Q2,10-Q,CY2010Q2
PGR,eps_diluted,EarningsPerShareDiluted,Q,2010-07-01,2010-09-30,0.4,USD/shares,2011.0,Q3,10-Q,CY2010Q3
PGR,eps_diluted,EarningsPerShareDiluted,Q,2011-01-01,2011-03-31,0.55,USD/shares,2012.0,Q1,10-Q,CY2011Q1
PGR,eps_diluted,EarningsPerShareDiluted,Q,2011-04-01,2011-06-30,0.38,USD/shares,2012.0,Q2,10-Q,CY2011Q2
PGR,eps_diluted,EarningsPerShareDiluted,Q,2011-07-01,2011-09-30,0.24,USD/shares,2012.0,Q3,10-Q,CY2011Q3
PGR,eps_diluted,EarningsPerShareDiluted,Q,2012-01-01,2012-03-31,0.42,USD/shares,2013.0,Q1,10-Q,CY2012Q1
PGR,eps_diluted,EarningsPerShareDiluted,Q,2012-04-01,2012-06-30,0.19,USD/shares,2013.0,Q2,10-Q,CY2012Q2
PGR,eps_diluted,EarningsPerShareDiluted,Q,2012-07-01,2012-09-30,0.46,USD/shares,2013.0,Q3,10-Q,CY2012Q3
PGR,eps_diluted,EarningsPerShareDiluted,Q,2013-01-01,2013-03-31,0.51,USD/shares,2014.0,Q1,10-Q,CY2013Q1
PGR,eps_diluted,EarningsPerShareDiluted,Q,2013-04-01,2013-06-30,0.54,USD/shares,2014.0,Q2,10-Q,CY2013Q2
PGR,eps_diluted,EarningsPerShareDiluted,Q,2013-07-01,2013-09-30,0.39,USD/shares,2014.0,Q3,10-Q,CY2013Q3
PGR,eps_diluted,EarningsPerShareDiluted,Q,2014-01-01,2014-03-31,0.54,USD/shares,2015.0,Q1,10-Q,CY2014Q1
PGR,eps_diluted,EarningsPerShareDiluted,Q,2014-04-01,2014-06-30,0.49,USD/shares,2015.0,Q2,10-Q,CY2014Q2
PGR,eps_diluted,EarningsPerShareDiluted,Q,2014-07-01,2014-09-30,0.5,USD/shares,2015.0,Q3,10-Q,CY2014Q3
PGR,eps_diluted,EarningsPerShareDiluted,Q,2015-01-01,2015-03-31,0.5,USD/shares,2016.0,Q1,10-Q,CY2015Q1
PGR,eps_diluted,EarningsPerShareDiluted,Q,2015-04-01,2015-06-30,0.62,USD/shares,2016.0,Q2,10-Q,CY2015Q2
PGR,eps_diluted,EarningsPerShareDiluted,Q,2015-07-01,2015-09-30,0.47,USD/shares,2016.0,Q3,10-Q,CY2015Q3
PGR,eps_diluted,EarningsPerShareDiluted,Q,2016-01-01,2016-03-31,0.44,USD/shares,2017.0,Q1,10-Q,CY2016Q1
PGR,eps_diluted,EarningsPerShareDiluted,Q,2016-04-01,2016-06-30,0.33,USD/shares,2017.0,Q2,10-Q,CY2016Q2
PGR,eps_diluted,EarningsPerShareDiluted,Q,2016-07-01,2016-09-30,0.34,USD/shares,2017.0,Q3,10-Q,CY2016Q3
PGR,eps_diluted,EarningsPerShareDiluted,Q,2017-01-01,2017-03-31,0.73,USD/shares,2018.0,Q1,10-Q,CY2017Q1
PGR,eps_diluted,EarningsPerShareDiluted,Q,2017-04-01,2017-06-30,0.63,USD/shares,2018.0,Q2,10-Q,CY2017Q2
PGR,eps_diluted,EarningsPerShareDiluted,Q,2017-07-01,2017-09-30,0.38,USD/shares,2018.0,Q3,10-Q,CY2017Q3
PGR,eps_diluted,EarningsPerShareDiluted,Q,2018-01-01,2018-03-31,1.22,USD/shares,2019.0,Q1,10-Q,CY2018Q1
PGR,eps_diluted,EarningsPerShareDiluted,Q,2018-04-01,2018-06-30,1.19,USD/shares,2019.0,Q2,10-Q,CY2018Q2
PGR,eps_diluted,EarningsPerShareDiluted,Q,2018-07-01,2018-09-30,1.57,USD/shares,2019.0,Q3,10-Q,CY2018Q3
PGR,eps_diluted,EarningsPerShareDiluted,Q,2019-01-01,2019-03-31,1.83,USD/shares,2020.0,Q1,10-Q,CY2019Q1
PGR,eps_diluted,EarningsPerShareDiluted,Q,2019-04-01,2019-06-30,1.66,USD/shares,2020.0,Q2,10-Q,CY2019Q2
PGR,eps_diluted,EarningsPerShareDiluted,Q,2019-07-01,2019-09-30,1.42,USD/shares,2020.0,Q3,10-Q,CY2019Q3
PGR,eps_diluted,EarningsPerShareDiluted,Q,2020-01-01,2020-03-31,1.17,USD/shares,2021.0,Q1,10-Q,CY2020Q1
PGR,eps_diluted,EarningsPerShareDiluted,Q,2020-04-01,2020-06-30,3.04,USD/shares,2021.0,Q2,10-Q,CY2020Q2
PGR,eps_diluted,EarningsPerShareDiluted,Q,2020-07-01,2020-09-30,2.59,USD/shares,2021.0,Q3,10-Q,CY2020Q3
PGR,eps_diluted,EarningsPerShareDiluted,Q,2021-01-01,2021-03-31,2.51,USD/shares,2022.0,Q1,10-Q,CY2021Q1
PGR,eps_diluted,EarningsPerShareDiluted,Q,2021-04-01,2021-06-30,1.34,USD/shares,2022.0,Q2,10-Q,CY2021Q2
PGR,eps_diluted,EarningsPerShareDiluted,Q,2021-07-01,2021-09-30,0.19,USD/shares,2022.0,Q3,10-Q,CY2021Q3
PGR,eps_diluted,EarningsPerShareDiluted,Q,2022-01-01,2022-03-31,0.52,USD/shares,2023.0,Q1,10-Q,CY2022Q1
PGR,eps_diluted,EarningsPerShareDiluted,Q,2022-04-01,2022-06-30,-0.94,USD/shares,2023.0,Q2,10-Q,CY2022Q2
PGR,eps_diluted,EarningsPerShareDiluted,Q,2022-07-01,2022-09-30,0.2,USD/shares,2023.0,Q3,10-Q,CY2022Q3
PGR,eps_diluted,EarningsPerShareDiluted,Q,2023-01-01,2023-03-31,0.75,USD/shares,2024.0,Q1,10-Q,CY2023Q1
PGR,eps_diluted,EarningsPerShareDiluted,Q,2023-04-01,2023-06-30,0.57,USD/shares,2024.0,Q2,10-Q,CY2023Q2
PGR,eps_diluted,EarningsPerShareDiluted,Q,2023-07-01,2023-09-30,1.89,USD/shares,2024.0,Q3,10-Q,CY2023Q3
PGR,eps_diluted,EarningsPerShareDiluted,Q,2024-01-01,2024-03-31,3.94,USD/shares,2025.0,Q1,10-Q,CY2024Q1
PGR,eps_diluted,EarningsPerShareDiluted,Q,2024-04-01,2024-06-30,2.48,USD/shares,2025.0,Q2,10-Q,CY2024Q2
PGR,eps_diluted,EarningsPerShareDiluted,Q,2024-07-01,2024-09-30,3.97,USD/shares,2025.0,Q3,10-Q,CY2024Q3
PGR,eps_diluted,EarningsPerShareDiluted,Q,2025-01-01,2025-03-31,4.37,USD/shares,2026.0,Q1,10-Q,CY2025Q1
PGR,eps_diluted,EarningsPerShareDiluted,Q,2025-04-01,2025-06-30,5.4,USD/shares,2026.0,Q2,10-Q,CY2025Q2
PGR,eps_diluted,EarningsPerShareDiluted,Q,2025-07-01,2025-09-30,4.45,USD/shares,2025.0,Q3,10-Q,CY2025Q3
PGR,eps_diluted,EarningsPerShareDiluted,Q,2026-01-01,2026-03-31,4.8,USD/shares,2026.0,Q1,10-Q,CY2026Q1
PGR,eps_diluted,EarningsPerShareDiluted,Q,2026-04-01,2026-06-30,5.67,USD/shares,2026.0,Q2,10-Q,CY2026Q2
PGR,net_income,NetIncomeLoss,Q,2008-04-01,2008-06-30,215500000.0,USD,2009.0,Q2,10-Q,CY2008Q2
PGR,net_income,NetIncomeLoss,Q,2008-07-01,2008-09-30,-684200000.0,USD,2009.0,Q3,10-Q,CY2008Q3
PGR,net_income,NetIncomeLoss,Q,2009-01-01,2009-03-31,232500000.0,USD,2010.0,Q1,10-Q,CY2009Q1
PGR,net_income,NetIncomeLoss,Q,2009-04-01,2009-06-30,250100000.0,USD,2010.0,Q2,10-Q,CY2009Q2
PGR,net_income,NetIncomeLoss,Q,2009-07-01,2009-09-30,269900000.0,USD,2010.0,Q3,10-Q,CY2009Q3
PGR,net_income,NetIncomeLoss,Q,2009-10-01,2009-12-31,305000000.0,USD,2011.0,Q4,10-K,derived_fy_minus_q1q2q3
PGR,net_income,NetIncomeLoss,Q,2010-01-01,2010-03-31,295600000.0,USD,2011.0,Q1,10-Q,CY2010Q1
PGR,net_income,NetIncomeLoss,Q,2010-04-01,2010-06-30,211900000.0,USD,2011.0,Q2,10-Q,CY2010Q2
PGR,net_income,NetIncomeLoss,Q,2010-07-01,2010-09-30,261600000.0,USD,2011.0,Q3,10-Q,CY2010Q3
PGR,net_income,NetIncomeLoss,Q,2010-10-01,2010-12-31,299200000.0,USD,2012.0,Q4,10-K,derived_fy_minus_q1q2q3
PGR,net_income,NetIncomeLoss,Q,2011-01-01,2011-03-31,362900000.0,USD,2012.0,Q1,10-Q,CY2011Q1
PGR,net_income,NetIncomeLoss,Q,2011-04-01,2011-06-30,245200000.0,USD,2012.0,Q2,10-Q,CY2011Q2
PGR,net_income,NetIncomeLoss,Q,2011-07-01,2011-09-30,150700000.0,USD,2012.0,Q3,10-Q,CY2011Q3
PGR,net_income,NetIncomeLoss,Q,2011-10-01,2011-12-31,256700000.0,USD,2013.0,Q4,10-K,derived_fy_minus_q1q2q3
PGR,net_income,NetIncomeLoss,Q,2012-01-01,2012-03-31,257600000.0,USD,2013.0,Q1,10-Q,CY2012Q1
PGR,net_income,NetIncomeLoss,Q,2012-04-01,2012-06-30,118600000.0,USD,2013.0,Q2,10-Q,CY2012Q2
PGR,net_income,NetIncomeLoss,Q,2012-07-01,2012-09-30,277000000.0,USD,2013.0,Q3,10-Q,CY2012Q3
PGR,net_income,NetIncomeLoss,Q,2012-10-01,2012-12-31,249100000.0,USD,2014.0,Q4,10-K,derived_fy_minus_q1q2q3
PGR,net_income,NetIncomeLoss,Q,2013-01-01,2013-03-31,308600000.0,USD,2014.0,Q1,10-Q,CY2013Q1
PGR,net_income,NetIncomeLoss,Q,2013-04-01,2013-06-30,324600000.0,USD,2014.0,Q2,10-Q,CY2013Q2
PGR,net_income,NetIncomeLoss,Q,2013-07-01,2013-09-30,232400000.0,USD,2014.0,Q3,10-Q,CY2013Q3
PGR,net_income,NetIncomeLoss,Q,2013-10-01,2013-12-31,299800000.0,USD,2015.0,Q4,10-K,derived_fy_minus_q1q2q3
PGR,net_income,NetIncomeLoss,Q,2014-01-01,2014-03-31,321300000.0,USD,2015.0,Q1,10-Q,CY2014Q1
PGR,net_income,NetIncomeLoss,Q,2014-04-01,2014-06-30,293400000.0,USD,2015.0,Q2,10-Q,CY2014Q2
PGR,net_income,NetIncomeLoss,Q,2014-07-01,2014-09-30,296100000.0,USD,2015.0,Q3,10-Q,CY2014Q3
PGR,net_income,NetIncomeLoss,Q,2014-10-01,2014-12-31,370200000.0,USD,2016.0,Q4,10-K,derived_fy_minus_q1q2q3
PGR,net_income,NetIncomeLoss,Q,2015-01-01,2015-03-31,295600000.0,USD,2016.0,Q1,10-Q,CY2015Q1
PGR,net_income,NetIncomeLoss,Q,2015-04-01,2015-06-30,363300000.0,USD,2016.0,Q2,10-Q,CY2015Q2
PGR,net_income,NetIncomeLoss,Q,2015-07-01,2015-09-30,278300000.0,USD,2016.0,Q3,10-Q,CY2015Q3
PGR,net_income,NetIncomeLoss,Q,2015-10-01,2015-12-31,330400000.0,USD,2017.0,Q4,10-K,derived_fy_minus_q1q2q3
PGR,net_income,NetIncomeLoss,Q,2016-01-01,2016-03-31,258200000.0,USD,2017.0,Q1,10-Q,CY2016Q1
PGR,net_income,NetIncomeLoss,Q,2016-04-01,2016-06-30,190900000.0,USD,2017.0,Q2,10-Q,CY2016Q2
PGR,net_income,NetIncomeLoss,Q,2016-07-01,2016-09-30,198700000.0,USD,2017.0,Q3,10-Q,CY2016Q3
PGR,net_income,NetIncomeLoss,Q,2016-10-01,2016-12-31,383200000.0,USD,2018.0,Q4,10-K,derived_fy_minus_q1q2q3
PGR,net_income,NetIncomeLoss,Q,2017-01-01,2017-03-31,424300000.0,USD,2018.0,Q1,10-Q,CY2017Q1
PGR,net_income,NetIncomeLoss,Q,2017-04-01,2017-06-30,367600000.0,USD,2018.0,Q2,10-Q,CY2017Q2
PGR,net_income,NetIncomeLoss,Q,2017-07-01,2017-09-30,224000000.0,USD,2018.0,Q3,10-Q,CY2017Q3
PGR,net_income,NetIncomeLoss,Q,2017-10-01,2017-12-31,576300000.0,USD,2019.0,Q4,10-K,derived_fy_minus_q1q2q3
PGR,net_income,NetIncomeLoss,Q,2018-01-01,2018-03-31,718000000.0,USD,2019.0,Q1,10-Q,CY2018Q1
PGR,net_income,NetIncomeLoss,Q,2018-04-01,2018-06-30,704200000.0,USD,2019.0,Q2,10-Q,CY2018Q2
PGR,net_income,NetIncomeLoss,Q,2018-07-01,2018-09-30,928400000.0,USD,2019.0,Q3,10-Q,CY2018Q3
PGR,net_income,NetIncomeLoss,Q,2018-10-01,2018-12-31,264700000.0,USD,2020.0,Q4,10-K,derived_fy_minus_q1q2q3
PGR,net_income,NetIncomeLoss,Q,2019-01-01,2019-03-31,1078400000.0,USD,2020.0,Q1,10-Q,CY2019Q1
PGR,net_income,NetIncomeLoss,Q,2019-04-01,2019-06-30,979400000.0,USD,2020.0,Q2,10-Q,CY2019Q2
PGR,net_income,NetIncomeLoss,Q,2019-07-01,2019-09-30,841700000.0,USD,2020.0,Q3,10-Q,CY2019Q3
PGR,net_income,NetIncomeLoss,Q,2019-10-01,2019-12-31,1070800000.0,USD,2021.0,Q4,10-K,derived_fy_minus_q1q2q3
PGR,net_income,NetIncomeLoss,Q,2020-01-01,2020-03-31,692700000.0,USD,2021.0,Q1,10-Q,CY2020Q1
PGR,net_income,NetIncomeLoss,Q,2020-04-01,2020-06-30,1790400000.0,USD,2021.0,Q2,10-Q,CY2020Q2
PGR,net_income,NetIncomeLoss,Q,2020-07-01,2020-09-30,1530800000.0,USD,2021.0,Q3,10-Q,CY2020Q3
PGR,net_income,NetIncomeLoss,Q,2020-10-01,2020-12-31,1690700000.0,USD,2022.0,Q4,10-K,derived_fy_minus_q1q2q3
PGR,net_income,NetIncomeLoss,Q,2021-01-01,2021-03-31,1480000000.0,USD,2022.0,Q1,10-Q,CY2021Q1
PGR,net_income,NetIncomeLoss,Q,2021-04-01,2021-06-30,790100000.0,USD,2022.0,Q2,10-Q,CY2021Q2
PGR,net_income,NetIncomeLoss,Q,2021-07-01,2021-09-30,118500000.0,USD,2022.0,Q3,10-Q,CY2021Q3
PGR,net_income,NetIncomeLoss,Q,2021-10-01,2021-12-31,962300000.0,USD,2023.0,Q4,10-K,derived_fy_minus_q1q2q3
PGR,net_income,NetIncomeLoss,Q,2022-01-01,2022-03-31,313900000.0,USD,2023.0,Q1,10-Q,CY2022Q1
PGR,net_income,NetIncomeLoss,Q,2022-04-01,2022-06-30,-542900000.0,USD,2023.0,Q2,10-Q,CY2022Q2
PGR,net_income,NetIncomeLoss,Q,2022-07-01,2022-09-30,124100000.0,USD,2023.0,Q3,10-Q,CY2022Q3
PGR,net_income,NetIncomeLoss,Q,2022-10-01,2022-12-31,826900000.0,USD,2024.0,Q4,10-K,derived_fy_minus_q1q2q3
PGR,net_income,NetIncomeLoss,Q,2023-01-01,2023-03-31,447900000.0,USD,2024.0,Q1,10-Q,CY2023Q1
PGR,net_income,NetIncomeLoss,Q,2023-04-01,2023-06-30,345400000.0,USD,2024.0,Q2,10-Q,CY2023Q2
PGR,net_income,NetIncomeLoss,Q,2023-07-01,2023-09-30,1121300000.0,USD,2024.0,Q3,10-Q,CY2023Q3
PGR,net_income,NetIncomeLoss,Q,2023-10-01,2023-12-31,1988400000.0,USD,2025.0,Q4,10-K,derived_fy_minus_q1q2q3
PGR,net_income,NetIncomeLoss,Q,2024-01-01,2024-03-31,2331000000.0,USD,2025.0,Q1,10-Q,CY2024Q1
PGR,net_income,NetIncomeLoss,Q,2024-04-01,2024-06-30,1459000000.0,USD,2025.0,Q2,10-Q,CY2024Q2
PGR,net_income,NetIncomeLoss,Q,2024-07-01,2024-09-30,2334000000.0,USD,2025.0,Q3,10-Q,CY2024Q3
PGR,net_income,NetIncomeLoss,Q,2024-10-01,2024-12-31,2356000000.0,USD,2025.0,Q4,10-K,derived_fy_minus_q1q2q3
PGR,net_income,NetIncomeLoss,Q,2025-01-01,2025-03-31,2567000000.0,USD,2026.0,Q1,10-Q,CY2025Q1
PGR,net_income,NetIncomeLoss,Q,2025-04-01,2025-06-30,3175000000.0,USD,2026.0,Q2,10-Q,CY2025Q2
PGR,net_income,NetIncomeLoss,Q,2025-07-01,2025-09-30,2615000000.0,USD,2025.0,Q3,10-Q,CY2025Q3
PGR,net_income,NetIncomeLoss,Q,2025-10-01,2025-12-31,2951000000.0,USD,2025.0,Q4,10-K,derived_fy_minus_q1q2q3
PGR,net_income,NetIncomeLoss,Q,2026-01-01,2026-03-31,2818000000.0,USD,2026.0,Q1,10-Q,CY2026Q1
PGR,net_income,NetIncomeLoss,Q,2026-04-01,2026-06-30,3311000000.0,USD,2026.0,Q2,10-Q,CY2026Q2
PGR,pretax_income,IncomeLossFromContinuingOperationsBeforeIncomeTaxesMinorityInterestAndIncomeLossFromEquityMethodInvestments,Q,2008-04-01,2008-06-30,302500000.0,USD,2009.0,Q2,10-Q,CY2008Q2
PGR,pretax_income,IncomeLossFromContinuingOperationsBeforeIncomeTaxesMinorityInterestAndIncomeLossFromEquityMethodInvestments,Q,2008-07-01,2008-09-30,-1080900000.0,USD,2009.0,Q3,10-Q,CY2008Q3
PGR,pretax_income,IncomeLossFromContinuingOperationsBeforeIncomeTaxesMinorityInterestAndIncomeLossFromEquityMethodInvestments,Q,2009-01-01,2009-03-31,376700000.0,USD,2010.0,Q1,10-Q,CY2009Q1
PGR,pretax_income,IncomeLossFromContinuingOperationsBeforeIncomeTaxesMinorityInterestAndIncomeLossFromEquityMethodInvestments,Q,2009-04-01,2009-06-30,353900000.0,USD,2010.0,Q2,10-Q,CY2009Q2
PGR,pretax_income,IncomeLossFromContinuingOperationsBeforeIncomeTaxesMinorityInterestAndIncomeLossFromEquityMethodInvestments,Q,2009-07-01,2009-09-30,372000000.0,USD,2010.0,Q3,10-Q,CY2009Q3
PGR,pretax_income,IncomeLossFromContinuingOperationsBeforeIncomeTaxesMinorityInterestAndIncomeLossFromEquityMethodInvestments,Q,2009-10-01,2009-12-31,454300000.0,USD,2011.0,Q4,10-K,derived_fy_minus_q1q2q3
PGR,pretax_income,IncomeLossFromContinuingOperationsBeforeIncomeTaxesMinorityInterestAndIncomeLossFromEquityMethodInvestments,Q,2010-01-01,2010-03-31,438900000.0,USD,2011.0,Q1,10-Q,CY2010Q1
PGR,pretax_income,IncomeLossFromContinuingOperationsBeforeIncomeTaxesMinorityInterestAndIncomeLossFromEquityMethodInvestments,Q,2010-04-01,2010-06-30,312900000.0,USD,2011.0,Q2,10-Q,CY2010Q2
PGR,pretax_income,IncomeLossFromContinuingOperationsBeforeIncomeTaxesMinorityInterestAndIncomeLossFromEquityMethodInvestments,Q,2010-07-01,2010-09-30,387200000.0,USD,2011.0,Q3,10-Q,CY2010Q3
PGR,pretax_income,IncomeLossFromContinuingOperationsBeforeIncomeTaxesMinorityInterestAndIncomeLossFromEquityMethodInvestments,Q,2010-10-01,2010-12-31,426200000.0,USD,2012.0,Q4,10-K,derived_fy_minus_q1q2q3
PGR,pretax_income,IncomeLossFromContinuingOperationsBeforeIncomeTaxesMinorityInterestAndIncomeLossFromEquityMethodInvestments,Q,2011-01-01,2011-03-31,545400000.0,USD,2012.0,Q1,10-Q,CY2011Q1
PGR,pretax_income,IncomeLossFromContinuingOperationsBeforeIncomeTaxesMinorityInterestAndIncomeLossFromEquityMethodInvestments,Q,2011-04-01,2011-06-30,357700000.0,USD,2012.0,Q2,10-Q,CY2011Q2
PGR,pretax_income,IncomeLossFromContinuingOperationsBeforeIncomeTaxesMinorityInterestAndIncomeLossFromEquityMethodInvestments,Q,2011-07-01,2011-09-30,208500000.0,USD,2012.0,Q3,10-Q,CY2011Q3
PGR,pretax_income,IncomeLossFromContinuingOperationsBeforeIncomeTaxesMinorityInterestAndIncomeLossFromEquityMethodInvestments,Q,2011-10-01,2011-12-31,375400000.0,USD,2013.0,Q4,10-K,derived_fy_minus_q1q2q3
PGR,pretax_income,IncomeLossFromContinuingOperationsBeforeIncomeTaxesMinorityInterestAndIncomeLossFromEquityMethodInvestments,Q,2012-01-01,2012-03-31,384100000.0,USD,2013.0,Q1,10-Q,CY2012Q1
PGR,pretax_income,IncomeLossFromContinuingOperationsBeforeIncomeTaxesMinorityInterestAndIncomeLossFromEquityMethodInvestments,Q,2012-04-01,2012-06-30,167700000.0,USD,2013.0,Q2,10-Q,CY2012Q2
PGR,pretax_income,IncomeLossFromContinuingOperationsBeforeIncomeTaxesMinorityInterestAndIncomeLossFromEquityMethodInvestments,Q,2012-07-01,2012-09-30,412400000.0,USD,2013.0,Q3,10-Q,CY2012Q3
PGR,pretax_income,IncomeLossFromContinuingOperationsBeforeIncomeTaxesMinorityInterestAndIncomeLossFromEquityMethodInvestments,Q,2012-10-01,2012-12-31,353500000.0,USD,2014.0,Q4,10-K,derived_fy_minus_q1q2q3
PGR,pretax_income,IncomeLossFromContinuingOperationsBeforeIncomeTaxesMinorityInterestAndIncomeLossFromEquityMethodInvestments,Q,2013-01-01,2013-03-31,463100000.0,USD,2014.0,Q1,10-Q,CY2013Q1
PGR,pretax_income,IncomeLossFromContinuingOperationsBeforeIncomeTaxesMinorityInterestAndIncomeLossFromEquityMethodInvestments,Q,2013-04-01,2013-06-30,486300000.0,USD,2014.0,Q2,10-Q,CY2013Q2
PGR,pretax_income,IncomeLossFromContinuingOperationsBeforeIncomeTaxesMinorityInterestAndIncomeLossFromEquityMethodInvestments,Q,2013-07-01,2013-09-30,345000000.0,USD,2014.0,Q3,10-Q,CY2013Q3
PGR,pretax_income,IncomeLossFromContinuingOperationsBeforeIncomeTaxesMinorityInterestAndIncomeLossFromEquityMethodInvestments,Q,2013-10-01,2013-12-31,425600000.0,USD,2015.0,Q4,10-K,derived_fy_minus_q1q2q3
PGR,pretax_income,IncomeLossFromContinuingOperationsBeforeIncomeTaxesMinorityInterestAndIncomeLossFromEquityMethodInvestments,Q,2014-01-01,2014-03-31,481800000.0,USD,2015.0,Q1,10-Q,CY2014Q1
PGR,pretax_income,IncomeLossFromContinuingOperationsBeforeIncomeTaxesMinorityInterestAndIncomeLossFromEquityMethodInvestments,Q,2014-04-01,2014-06-30,437400000.0,USD,2015.0,Q2,10-Q,CY2014Q2
PGR,pretax_income,IncomeLossFromContinuingOperationsBeforeIncomeTaxesMinorityInterestAndIncomeLossFromEquityMethodInvestments,Q,2014-07-01,2014-09-30,441800000.0,USD,2015.0,Q3,10-Q,CY2014Q3
PGR,pretax_income,IncomeLossFromContinuingOperationsBeforeIncomeTaxesMinorityInterestAndIncomeLossFromEquityMethodInvestments,Q,2014-10-01,2014-12-31,546400000.0,USD,2016.0,Q4,10-K,derived_fy_minus_q1q2q3
PGR,pretax_income,IncomeLossFromContinuingOperationsBeforeIncomeTaxesMinorityInterestAndIncomeLossFromEquityMethodInvestments,Q,2015-01-01,2015-03-31,443200000.0,USD,2016.0,Q1,10-Q,CY2015Q1
PGR,pretax_income,IncomeLossFromContinuingOperationsBeforeIncomeTaxesMinorityInterestAndIncomeLossFromEquityMethodInvestments,Q,2015-04-01,2015-06-30,525300000.0,USD,2016.0,Q2,10-Q,CY2015Q2
PGR,pretax_income,IncomeLossFromContinuingOperationsBeforeIncomeTaxesMinorityInterestAndIncomeLossFromEquityMethodInvestments,Q,2015-07-01,2015-09-30,429000000.0,USD,2016.0,Q3,10-Q,CY2015Q3
PGR,pretax_income,IncomeLossFromContinuingOperationsBeforeIncomeTaxesMinorityInterestAndIncomeLossFromEquityMethodInvestments,Q,2015-10-01,2015-12-31,514100000.0,USD,2017.0,Q4,10-K,derived_fy_minus_q1q2q3
PGR,pretax_income,IncomeLossFromContinuingOperationsBeforeIncomeTaxesMinorityInterestAndIncomeLossFromEquityMethodInvestments,Q,2016-01-01,2016-03-31,387400000.0,USD,2017.0,Q1,10-Q,CY2016Q1
PGR,pretax_income,IncomeLossFromContinuingOperationsBeforeIncomeTaxesMinorityInterestAndIncomeLossFromEquityMethodInvestments,Q,2016-04-01,2016-06-30,287300000.0,USD,2017.0,Q2,10-Q,CY2016Q2
PGR,pretax_income,IncomeLossFromContinuingOperationsBeforeIncomeTaxesMinorityInterestAndIncomeLossFromEquityMethodInvestments,Q,2016-07-01,2016-09-30,258500000.0,USD,2017.0,Q3,10-Q,CY2016Q3
PGR,pretax_income,IncomeLossFromContinuingOperationsBeforeIncomeTaxesMinorityInterestAndIncomeLossFromEquityMethodInvestments,Q,2016-10-01,2016-12-31,537500000.0,USD,2018.0,Q4,10-K,derived_fy_minus_q1q2q3
PGR,pretax_income,IncomeLossFromContinuingOperationsBeforeIncomeTaxesMinorityInterestAndIncomeLossFromEquityMethodInvestments,Q,2017-01-01,2017-03-31,641500000.0,USD,2018.0,Q1,10-Q,CY2017Q1
PGR,pretax_income,IncomeLossFromContinuingOperationsBeforeIncomeTaxesMinorityInterestAndIncomeLossFromEquityMethodInvestments,Q,2017-04-01,2017-06-30,554600000.0,USD,2018.0,Q2,10-Q,CY2017Q2
PGR,pretax_income,IncomeLossFromContinuingOperationsBeforeIncomeTaxesMinorityInterestAndIncomeLossFromEquityMethodInvestments,Q,2017-07-01,2017-09-30,251400000.0,USD,2018.0,Q3,10-Q,CY2017Q3
PGR,pretax_income,IncomeLossFromContinuingOperationsBeforeIncomeTaxesMinorityInterestAndIncomeLossFromEquityMethodInvestments,Q,2017-10-01,2017-12-31,691400000.0,USD,2019.0,Q4,10-K,derived_fy_minus_q1q2q3
PGR,pretax_income,IncomeLossFromContinuingOperationsBeforeIncomeTaxesMinorityInterestAndIncomeLossFromEquityMethodInvestments,Q,2018-01-01,2018-03-31,910800000.0,USD,2019.0,Q1,10-Q,CY2018Q1
PGR,pretax_income,IncomeLossFromContinuingOperationsBeforeIncomeTaxesMinorityInterestAndIncomeLossFromEquityMethodInvestments,Q,2018-04-01,2018-06-30,880100000.0,USD,2019.0,Q2,10-Q,CY2018Q2
PGR,pretax_income,IncomeLossFromContinuingOperationsBeforeIncomeTaxesMinorityInterestAndIncomeLossFromEquityMethodInvestments,Q,2018-07-01,2018-09-30,1130500000.0,USD,2019.0,Q3,10-Q,CY2018Q3
PGR,pretax_income,IncomeLossFromContinuingOperationsBeforeIncomeTaxesMinorityInterestAndIncomeLossFromEquityMethodInvestments,Q,2018-10-01,2018-12-31,242200000.0,USD,2020.0,Q4,10-K,derived_fy_minus_q1q2q3
PGR,pretax_income,IncomeLossFromContinuingOperationsBeforeIncomeTaxesMinorityInterestAndIncomeLossFromEquityMethodInvestments,Q,2019-01-01,2019-03-31,1567500000.0,USD,2020.0,Q1,10-Q,CY2019Q1
PGR,pretax_income,IncomeLossFromContinuingOperationsBeforeIncomeTaxesMinorityInterestAndIncomeLossFromEquityMethodInvestments,Q,2019-04-01,2019-06-30,1243600000.0,USD,2020.0,Q2,10-Q,CY2019Q2
PGR,pretax_income,IncomeLossFromContinuingOperationsBeforeIncomeTaxesMinorityInterestAndIncomeLossFromEquityMethodInvestments,Q,2019-07-01,2019-09-30,1010300000.0,USD,2020.0,Q3,10-Q,CY2019Q3
PGR,pretax_income,IncomeLossFromContinuingOperationsBeforeIncomeTaxesExtraordinaryItemsNoncontrollingInterest,Q,2019-10-01,2019-12-31,1338900000.0,USD,2021.0,Q4,10-K,derived_fy_minus_q1q2q3
PGR,pretax_income,IncomeLossFromContinuingOperationsBeforeIncomeTaxesMinorityInterestAndIncomeLossFromEquityMethodInvestments,Q,2020-01-01,2020-03-31,874700000.0,USD,2021.0,Q1,10-Q,CY2020Q1
PGR,pretax_income,IncomeLossFromContinuingOperationsBeforeIncomeTaxesMinorityInterestAndIncomeLossFromEquityMethodInvestments,Q,2020-04-01,2020-06-30,2268800000.0,USD,2021.0,Q2,10-Q,CY2020Q2
PGR,pretax_income,IncomeLossFromContinuingOperationsBeforeIncomeTaxesExtraordinaryItemsNoncontrollingInterest,Q,2020-07-01,2020-09-30,1923500000.0,USD,2021.0,Q3,10-Q,CY2020Q3
PGR,pretax_income,IncomeLossFromContinuingOperationsBeforeIncomeTaxesExtraordinaryItemsNoncontrollingInterest,Q,2020-10-01,2020-12-31,2106200000.0,USD,2022.0,Q4,10-K,derived_fy_minus_q1q2q3
PGR,pretax_income,IncomeLossFromContinuingOperationsBeforeIncomeTaxesExtraordinaryItemsNoncontrollingInterest,Q,2021-01-01,2021-03-31,1867900000.0,USD,2022.0,Q1,10-Q,CY2021Q1
PGR,pretax_income,IncomeLossFromContinuingOperationsBeforeIncomeTaxesExtraordinaryItemsNoncontrollingInterest,Q,2021-04-01,2021-06-30,999200000.0,USD,2022.0,Q2,10-Q,CY2021Q2
PGR,pretax_income,IncomeLossFromContinuingOperationsBeforeIncomeTaxesExtraordinaryItemsNoncontrollingInterest,Q,2021-07-01,2021-09-30,139000000.0,USD,2022.0,Q3,10-Q,CY2021Q3
PGR,pretax_income,IncomeLossFromContinuingOperationsBeforeIncomeTaxesExtraordinaryItemsNoncontrollingInterest,Q,2021-10-01,2021-12-31,1203900000.0,USD,2023.0,Q4,10-K,derived_fy_minus_q1q2q3
PGR,pretax_income,IncomeLossFromContinuingOperationsBeforeIncomeTaxesExtraordinaryItemsNoncontrollingInterest,Q,2022-01-01,2022-03-31,390200000.0,USD,2023.0,Q1,10-Q,CY2022Q1
PGR,pretax_income,IncomeLossFromContinuingOperationsBeforeIncomeTaxesExtraordinaryItemsNoncontrollingInterest,Q,2022-04-01,2022-06-30,-635900000.0,USD,2023.0,Q2,10-Q,CY2022Q2
PGR,pretax_income,IncomeLossFromContinuingOperationsBeforeIncomeTaxesExtraordinaryItemsNoncontrollingInterest,Q,2022-07-01,2022-09-30,142500000.0,USD,2023.0,Q3,10-Q,CY2022Q3
PGR,pretax_income,IncomeLossFromContinuingOperationsBeforeIncomeTaxesExtraordinaryItemsNoncontrollingInterest,Q,2022-10-01,2022-12-31,1025200000.0,USD,2024.0,Q4,10-K,derived_fy_minus_q1q2q3
PGR,pretax_income,IncomeLossFromContinuingOperationsBeforeIncomeTaxesExtraordinaryItemsNoncontrollingInterest,Q,2023-01-01,2023-03-31,554400000.0,USD,2024.0,Q1,10-Q,CY2023Q1
PGR,pretax_income,IncomeLossFromContinuingOperationsBeforeIncomeTaxesExtraordinaryItemsNoncontrollingInterest,Q,2023-04-01,2023-06-30,435700000.0,USD,2024.0,Q2,10-Q,CY2023Q2
PGR,pretax_income,IncomeLossFromContinuingOperationsBeforeIncomeTaxesExtraordinaryItemsNoncontrollingInterest,Q,2023-07-01,2023-09-30,1410200000.0,USD,2024.0,Q3,10-Q,CY2023Q3
PGR,pretax_income,IncomeLossFromContinuingOperationsBeforeIncomeTaxesExtraordinaryItemsNoncontrollingInterest,Q,2023-10-01,2023-12-31,2503700000.0,USD,2025.0,Q4,10-K,derived_fy_minus_q1q2q3
PGR,pretax_income,IncomeLossFromContinuingOperationsBeforeIncomeTaxesExtraordinaryItemsNoncontrollingInterest,Q,2024-01-01,2024-03-31,2940000000.0,USD,2025.0,Q1,10-Q,CY2024Q1
PGR,pretax_income,IncomeLossFromContinuingOperationsBeforeIncomeTaxesExtraordinaryItemsNoncontrollingInterest,Q,2024-04-01,2024-06-30,1860000000.0,USD,2025.0,Q2,10-Q,CY2024Q2
PGR,pretax_income,IncomeLossFromContinuingOperationsBeforeIncomeTaxesExtraordinaryItemsNoncontrollingInterest,Q,2024-07-01,2024-09-30,2946000000.0,USD,2025.0,Q3,10-Q,CY2024Q3
PGR,pretax_income,IncomeLossFromContinuingOperationsBeforeIncomeTaxesExtraordinaryItemsNoncontrollingInterest,Q,2024-10-01,2024-12-31,2967000000.0,USD,2025.0,Q4,10-K,derived_fy_minus_q1q2q3
PGR,pretax_income,IncomeLossFromContinuingOperationsBeforeIncomeTaxesExtraordinaryItemsNoncontrollingInterest,Q,2025-01-01,2025-03-31,3236000000.0,USD,2026.0,Q1,10-Q,CY2025Q1
PGR,pretax_income,IncomeLossFromContinuingOperationsBeforeIncomeTaxesExtraordinaryItemsNoncontrollingInterest,Q,2025-04-01,2025-06-30,3982000000.0,USD,2026.0,Q2,10-Q,CY2025Q2
PGR,pretax_income,IncomeLossFromContinuingOperationsBeforeIncomeTaxesExtraordinaryItemsNoncontrollingInterest,Q,2025-07-01,2025-09-30,3323000000.0,USD,2025.0,Q3,10-Q,CY2025Q3
PGR,pretax_income,IncomeLossFromContinuingOperationsBeforeIncomeTaxesExtraordinaryItemsNoncontrollingInterest,Q,2025-10-01,2025-12-31,3682000000.0,USD,2025.0,Q4,10-K,derived_fy_minus_q1q2q3
PGR,pretax_income,IncomeLossFromContinuingOperationsBeforeIncomeTaxesExtraordinaryItemsNoncontrollingInterest,Q,2026-01-01,2026-03-31,3566000000.0,USD,2026.0,Q1,10-Q,CY2026Q1
PGR,pretax_income,IncomeLossFromContinuingOperationsBeforeIncomeTaxesExtraordinaryItemsNoncontrollingInterest,Q,2026-04-01,2026-06-30,4209000000.0,USD,2026.0,Q2,10-Q,CY2026Q2
PGR,revenue,Revenues,Q,2008-04-01,2008-06-30,3536600000.0,USD,2009.0,Q2,10-Q,CY2008Q2
PGR,revenue,Revenues,Q,2008-07-01,2008-09-30,2210100000.0,USD,2009.0,Q3,10-Q,CY2008Q3
PGR,revenue,Revenues,Q,2009-01-01,2009-03-31,3468200000.0,USD,2010.0,Q1,10-Q,CY2009Q1
PGR,revenue,Revenues,Q,2009-04-01,2009-06-30,3583500000.0,USD,2010.0,Q2,10-Q,CY2009Q2
PGR,revenue,Revenues,Q,2009-07-01,2009-09-30,3611300000.0,USD,2010.0,Q3,10-Q,CY2009Q3
PGR,revenue,Revenues,Q,2009-10-01,2009-12-31,3900600000.0,USD,2011.0,Q4,10-K,derived_fy_minus_q1q2q3
PGR,revenue,Revenues,Q,2010-01-01,2010-03-31,3665900000.0,USD,2011.0,Q1,10-Q,CY2010Q1
PGR,revenue,Revenues,Q,2010-04-01,2010-06-30,3686300000.0,USD,2011.0,Q2,10-Q,CY2010Q2
PGR,revenue,Revenues,Q,2010-07-01,2010-09-30,3769500000.0,USD,2011.0,Q3,10-Q,CY2010Q3
PGR,revenue,Revenues,Q,2010-10-01,2010-12-31,4093800000.0,USD,2012.0,Q4,10-K,derived_fy_minus_q1q2q3
PGR,revenue,Revenues,Q,2011-01-01,2011-03-31,3893500000.0,USD,2012.0,Q1,10-Q,CY2011Q1
PGR,revenue,Revenues,Q,2011-04-01,2011-06-30,3872700000.0,USD,2012.0,Q2,10-Q,CY2011Q2
PGR,revenue,Revenues,Q,2011-07-01,2011-09-30,3811000000.0,USD,2012.0,Q3,10-Q,CY2011Q3
PGR,revenue,Revenues,Q,2011-10-01,2011-12-31,4197400000.0,USD,2013.0,Q4,10-K,derived_fy_minus_q1q2q3
PGR,revenue,Revenues,Q,2012-01-01,2012-03-31,4126400000.0,USD,2013.0,Q1,10-Q,CY2012Q1
PGR,revenue,Revenues,Q,2012-04-01,2012-06-30,4183000000.0,USD,2013.0,Q2,10-Q,CY2012Q2
PGR,revenue,Revenues,Q,2012-07-01,2012-09-30,4423900000.0,USD,2013.0,Q3,10-Q,CY2012Q3
PGR,revenue,Revenues,Q,2012-10-01,2012-12-31,4350600000.0,USD,2014.0,Q4,10-K,derived_fy_minus_q1q2q3
PGR,revenue,Revenues,Q,2013-01-01,2013-03-31,4437200000.0,USD,2014.0,Q1,10-Q,CY2013Q1
PGR,revenue,Revenues,Q,2013-04-01,2013-06-30,4593600000.0,USD,2014.0,Q2,10-Q,CY2013Q2
PGR,revenue,Revenues,Q,2013-07-01,2013-09-30,4521300000.0,USD,2014.0,Q3,10-Q,CY2013Q3
PGR,revenue,Revenues,Q,2013-10-01,2013-12-31,4618800000.0,USD,2015.0,Q4,10-K,derived_fy_minus_q1q2q3
PGR,revenue,Revenues,Q,2014-01-01,2014-03-31,4707600000.0,USD,2015.0,Q1,10-Q,CY2014Q1
PGR,revenue,Revenues,Q,2014-04-01,2014-06-30,4741500000.0,USD,2015.0,Q2,10-Q,CY2014Q2
PGR,revenue,Revenues,Q,2014-07-01,2014-09-30,4766100000.0,USD,2015.0,Q3,10-Q,CY2014Q3
PGR,revenue,Revenues,Q,2014-10-01,2014-12-31,5176200000.0,USD,2016.0,Q4,10-K,derived_fy_minus_q1q2q3
PGR,revenue,Revenues,Q,2015-01-01,2015-03-31,4895300000.0,USD,2016.0,Q1,10-Q,CY2015Q1
PGR,revenue,Revenues,Q,2015-04-01,2015-06-30,5283300000.0,USD,2016.0,Q2,10-Q,CY2015Q2
PGR,revenue,Revenues,Q,2015-07-01,2015-09-30,5273800000.0,USD,2016.0,Q3,10-Q,CY2015Q3
PGR,revenue,Revenues,Q,2015-10-01,2015-12-31,5401400000.0,USD,2017.0,Q4,10-K,derived_fy_minus_q1q2q3
PGR,revenue,Revenues,Q,2016-01-01,2016-03-31,5557500000.0,USD,2017.0,Q1,10-Q,CY2016Q1
PGR,revenue,Revenues,Q,2016-04-01,2016-06-30,5819300000.0,USD,2017.0,Q2,10-Q,CY2016Q2
PGR,revenue,Revenues,Q,2016-07-01,2016-09-30,5935000000.0,USD,2017.0,Q3,10-Q,CY2016Q3
PGR,revenue,Revenues,Q,2016-10-01,2016-12-31,6129600000.0,USD,2018.0,Q4,10-K,derived_fy_minus_q1q2q3
PGR,revenue,Revenues,Q,2017-01-01,2017-03-31,6321700000.0,USD,2018.0,Q1,10-Q,CY2017Q1
PGR,revenue,Revenues,Q,2017-04-01,2017-06-30,6605700000.0,USD,2018.0,Q2,10-Q,CY2017Q2
PGR,revenue,Revenues,Q,2017-07-01,2017-09-30,6791800000.0,USD,2018.0,Q3,10-Q,CY2017Q3
PGR,revenue,Revenues,Q,2017-10-01,2017-12-31,7119800000.0,USD,2019.0,Q4,10-K,derived_fy_minus_q1q2q3
PGR,revenue,Revenues,Q,2018-01-01,2018-03-31,7430100000.0,USD,2019.0,Q1,10-Q,CY2018Q1
PGR,revenue,Revenues,Q,2018-04-01,2018-06-30,8018000000.0,USD,2019.0,Q2,10-Q,CY2018Q2
PGR,revenue,Revenues,Q,2018-07-01,2018-09-30,8495800000.0,USD,2019.0,Q3,10-Q,CY2018Q3
PGR,revenue,Revenues,Q,2018-10-01,2018-12-31,8035100000.0,USD,2020.0,Q4,10-K,derived_fy_minus_q1q2q3
PGR,revenue,Revenues,Q,2019-01-01,2019-03-31,9300000000.0,USD,2020.0,Q1,10-Q,CY2019Q1
PGR,revenue,Revenues,Q,2019-04-01,2019-06-30,9450700000.0,USD,2020.0,Q2,10-Q,CY2019Q2
PGR,revenue,Revenues,Q,2019-07-01,2019-09-30,9530500000.0,USD,2020.0,Q3,10-Q,CY2019Q3
PGR,revenue,Revenues,Q,2019-10-01,2019-12-31,10741100000.0,USD,2021.0,Q4,10-K,derived_fy_minus_q1q2q3
PGR,revenue,Revenues,Q,2020-01-01,2020-03-31,9323400000.0,USD,2021.0,Q1,10-Q,CY2020Q1
PGR,revenue,Revenues,Q,2020-04-01,2020-06-30,10971700000.0,USD,2021.0,Q2,10-Q,CY2020Q2
PGR,revenue,Revenues,Q,2020-07-01,2020-09-30,10947200000.0,USD,2021.0,Q3,10-Q,CY2020Q3
PGR,revenue,Revenues,Q,2020-10-01,2020-12-31,11415800000.0,USD,2022.0,Q4,10-K,derived_fy_minus_q1q2q3
PGR,revenue,Revenues,Q,2021-01-01,2021-03-31,11445200000.0,USD,2022.0,Q1,10-Q,CY2021Q1
PGR,revenue,Revenues,Q,2021-04-01,2021-06-30,11905500000.0,USD,2022.0,Q2,10-Q,CY2021Q2
PGR,revenue,Revenues,Q,2021-07-01,2021-09-30,11859200000.0,USD,2022.0,Q3,10-Q,CY2021Q3
PGR,revenue,Revenues,Q,2021-10-01,2021-12-31,12492100000.0,USD,2023.0,Q4,10-K,derived_fy_minus_q1q2q3
PGR,revenue,Revenues,Q,2022-01-01,2022-03-31,11841500000.0,USD,2023.0,Q1,10-Q,CY2022Q1
PGR,revenue,Revenues,Q,2022-04-01,2022-06-30,11519200000.0,USD,2023.0,Q2,10-Q,CY2022Q2
PGR,revenue,Revenues,Q,2022-07-01,2022-09-30,12780200000.0,USD,2023.0,Q3,10-Q,CY2022Q3
PGR,revenue,Revenues,Q,2022-10-01,2022-12-31,13470100000.0,USD,2024.0,Q4,10-K,derived_fy_minus_q1q2q3
PGR,revenue,Revenues,Q,2023-01-01,2023-03-31,14303200000.0,USD,2024.0,Q1,10-Q,CY2023Q1
PGR,revenue,Revenues,Q,2023-04-01,2023-06-30,15353500000.0,USD,2024.0,Q2,10-Q,CY2023Q2
PGR,revenue,Revenues,Q,2023-07-01,2023-09-30,15560600000.0,USD,2024.0,Q3,10-Q,CY2023Q3
PGR,revenue,Revenues,Q,2023-10-01,2023-12-31,16891700000.0,USD,2025.0,Q4,10-K,derived_fy_minus_q1q2q3
PGR,revenue,Revenues,Q,2024-01-01,2024-03-31,17243000000.0,USD,2025.0,Q1,10-Q,CY2024Q1
PGR,revenue,Revenues,Q,2024-04-01,2024-06-30,18134000000.0,USD,2025.0,Q2,10-Q,CY2024Q2
PGR,revenue,Revenues,Q,2024-07-01,2024-09-30,19719000000.0,USD,2025.0,Q3,10-Q,CY2024Q3
PGR,revenue,Revenues,Q,2024-10-01,2024-12-31,20276000000.0,USD,2025.0,Q4,10-K,derived_fy_minus_q1q2q3
PGR,revenue,Revenues,Q,2025-01-01,2025-03-31,20409000000.0,USD,2026.0,Q1,10-Q,CY2025Q1
PGR,revenue,Revenues,Q,2025-04-01,2025-06-30,22004000000.0,USD,2026.0,Q2,10-Q,CY2025Q2
PGR,revenue,Revenues,Q,2025-07-01,2025-09-30,22512000000.0,USD,2025.0,Q3,10-Q,CY2025Q3
PGR,revenue,Revenues,Q,2025-10-01,2025-12-31,22746000000.0,USD,2025.0,Q4,10-K,derived_fy_minus_q1q2q3
PGR,revenue,Revenues,Q,2026-01-01,2026-03-31,22188000000.0,USD,2026.0,Q1,10-Q,CY2026Q1
PGR,revenue,Revenues,Q,2026-04-01,2026-06-30,23609000000.0,USD,2026.0,Q2,10-Q,CY2026Q2
RBA,buybacks,PaymentsForRepurchaseOfCommonStock,Q,2015-01-01,2015-03-31,47489000.0,USD,2016.0,Q1,10-Q,CY2015Q1
RBA,buybacks,PaymentsForRepurchaseOfCommonStock,Q,2016-01-01,2016-03-31,36726000.0,USD,2017.0,Q1,10-Q,CY2016Q1
RBA,buybacks,PaymentsForRepurchaseOfCommonStock,Q,2020-01-01,2020-03-31,53170000.0,USD,2021.0,Q1,10-Q,CY2020Q1
RBA,buybacks,PaymentsForRepurchaseOfCommonStock,Q,2026-04-01,2026-06-30,150000000.0,USD,2026.0,Q2,10-Q,CY2026Q2
RBA,capex,PaymentsToAcquirePropertyPlantAndEquipment,Q,2015-01-01,2015-03-31,3327000.0,USD,2016.0,Q1,10-Q,CY2015Q1
RBA,capex,PaymentsToAcquirePropertyPlantAndEquipment,Q,2016-01-01,2016-03-31,2444000.0,USD,2017.0,Q1,10-Q,CY2016Q1
RBA,capex,PaymentsToAcquirePropertyPlantAndEquipment,Q,2017-01-01,2017-03-31,1863000.0,USD,2018.0,Q1,10-Q,CY2017Q1
RBA,capex,PaymentsToAcquirePropertyPlantAndEquipment,Q,2018-01-01,2018-03-31,2564000.0,USD,2019.0,Q1,10-Q,CY2018Q1
RBA,capex,PaymentsToAcquirePropertyPlantAndEquipment,Q,2019-01-01,2019-03-31,2801000.0,USD,2020.0,Q1,10-Q,CY2019Q1
RBA,capex,PaymentsToAcquirePropertyPlantAndEquipment,Q,2020-01-01,2020-03-31,3495000.0,USD,2021.0,Q1,10-Q,CY2020Q1
RBA,capex,PaymentsToAcquirePropertyPlantAndEquipment,Q,2021-01-01,2021-03-31,1556000.0,USD,2022.0,Q1,10-Q,CY2021Q1
RBA,capex,PaymentsToAcquirePropertyPlantAndEquipment,Q,2022-01-01,2022-03-31,2000000.0,USD,2023.0,Q1,10-Q,CY2022Q1
RBA,capex,PaymentsToAcquirePropertyPlantAndEquipment,Q,2023-01-01,2023-03-31,23500000.0,USD,2024.0,Q1,10-Q,CY2023Q1
RBA,capex,PaymentsToAcquirePropertyPlantAndEquipment,Q,2024-01-01,2024-03-31,45200000.0,USD,2025.0,Q1,10-Q,CY2024Q1
RBA,capex,PaymentsToAcquirePropertyPlantAndEquipment,Q,2025-01-01,2025-03-31,54300000.0,USD,2026.0,Q1,10-Q,CY2025Q1
RBA,capex,PaymentsToAcquirePropertyPlantAndEquipment,Q,2026-01-01,2026-03-31,51500000.0,USD,2026.0,Q1,10-Q,CY2026Q1
RBA,cash_from_ops,NetCashProvidedByUsedInOperatingActivities,Q,2017-01-01,2017-03-31,134542000.0,USD,2018.0,Q1,10-Q,CY2017Q1
RBA,cash_from_ops,NetCashProvidedByUsedInOperatingActivities,Q,2018-01-01,2018-03-31,67238000.0,USD,2019.0,Q1,10-Q,CY2018Q1
RBA,cash_from_ops,NetCashProvidedByUsedInOperatingActivities,Q,2019-01-01,2019-03-31,71903000.0,USD,2020.0,Q1,10-Q,CY2019Q1
RBA,cash_from_ops,NetCashProvidedByUsedInOperatingActivities,Q,2020-01-01,2020-03-31,4132000.0,USD,2021.0,Q1,10-Q,CY2020Q1
RBA,cash_from_ops,NetCashProvidedByUsedInOperatingActivities,Q,2021-01-01,2021-03-31,180687000.0,USD,2022.0,Q1,10-Q,CY2021Q1
RBA,cash_from_ops,NetCashProvidedByUsedInOperatingActivities,Q,2022-01-01,2022-03-31,185100000.0,USD,2023.0,Q1,10-Q,CY2022Q1
RBA,cash_from_ops,NetCashProvidedByUsedInOperatingActivities,Q,2023-01-01,2023-03-31,-57300000.0,USD,2024.0,Q1,10-Q,CY2023Q1
RBA,cash_from_ops,NetCashProvidedByUsedInOperatingActivities,Q,2024-01-01,2024-03-31,124800000.0,USD,2025.0,Q1,10-Q,CY2024Q1
RBA,cash_from_ops,NetCashProvidedByUsedInOperatingActivities,Q,2025-01-01,2025-03-31,156800000.0,USD,2026.0,Q1,10-Q,CY2025Q1
RBA,cash_from_ops,NetCashProvidedByUsedInOperatingActivities,Q,2026-01-01,2026-03-31,224100000.0,USD,2026.0,Q1,10-Q,CY2026Q1
RBA,d_and_a,DepreciationDepletionAndAmortization,Q,2015-01-01,2015-03-31,10616000.0,USD,2016.0,Q1,10-Q,CY2015Q1
RBA,d_and_a,DepreciationDepletionAndAmortization,Q,2015-04-01,2015-06-30,10769000.0,USD,2016.0,Q2,10-Q,CY2015Q2
RBA,d_and_a,DepreciationDepletionAndAmortization,Q,2015-07-01,2015-09-30,10017000.0,USD,2016.0,Q3,10-Q,CY2015Q3
RBA,d_and_a,DepreciationDepletionAndAmortization,Q,2015-10-01,2015-12-31,10630000.0,USD,2017.0,Q4,10-K,derived_fy_minus_q1q2q3
RBA,d_and_a,DepreciationDepletionAndAmortization,Q,2016-01-01,2016-03-31,10080000.0,USD,2017.0,Q1,10-Q,CY2016Q1
RBA,d_and_a,DepreciationDepletionAndAmortization,Q,2016-04-01,2016-06-30,10284000.0,USD,2017.0,Q2,10-Q,CY2016Q2
RBA,d_and_a,DepreciationDepletionAndAmortization,Q,2016-07-01,2016-09-30,10196000.0,USD,2017.0,Q3,10-Q,CY2016Q3
RBA,d_and_a,DepreciationDepletionAndAmortization,Q,2016-10-01,2016-12-31,10301000.0,USD,2018.0,Q4,10-K,derived_fy_minus_q1q2q3
RBA,d_and_a,DepreciationDepletionAndAmortization,Q,2017-01-01,2017-03-31,10338000.0,USD,2018.0,Q1,10-Q,CY2017Q1
RBA,d_and_a,DepreciationDepletionAndAmortization,Q,2017-04-01,2017-06-30,11872000.0,USD,2018.0,Q2,10-Q,CY2017Q2
RBA,d_and_a,DepreciationDepletionAndAmortization,Q,2017-07-01,2017-09-30,14837000.0,USD,2018.0,Q3,10-Q,CY2017Q3
RBA,d_and_a,DepreciationDepletionAndAmortization,Q,2017-10-01,2017-12-31,15647000.0,USD,2019.0,Q4,10-K,derived_fy_minus_q1q2q3
RBA,d_and_a,DepreciationDepletionAndAmortization,Q,2018-01-01,2018-03-31,16191000.0,USD,2019.0,Q1,10-Q,CY2018Q1
RBA,d_and_a,DepreciationDepletionAndAmortization,Q,2018-04-01,2018-06-30,16537000.0,USD,2019.0,Q2,10-Q,CY2018Q2
RBA,d_and_a,DepreciationDepletionAndAmortization,Q,2018-07-01,2018-09-30,16723000.0,USD,2019.0,Q3,10-Q,CY2018Q3
RBA,d_and_a,DepreciationDepletionAndAmortization,Q,2018-10-01,2018-12-31,17163000.0,USD,2020.0,Q4,10-K,derived_fy_minus_q1q2q3
RBA,d_and_a,DepreciationDepletionAndAmortization,Q,2019-01-01,2019-03-31,17115000.0,USD,2020.0,Q1,10-Q,CY2019Q1
RBA,d_and_a,DepreciationDepletionAndAmortization,Q,2019-04-01,2019-06-30,17112000.0,USD,2020.0,Q2,10-Q,CY2019Q2
RBA,d_and_a,DepreciationDepletionAndAmortization,Q,2019-07-01,2019-09-30,17692000.0,USD,2020.0,Q3,10-Q,CY2019Q3
RBA,d_and_a,DepreciationDepletionAndAmortization,Q,2019-10-01,2019-12-31,18582000.0,USD,2021.0,Q4,10-K,derived_fy_minus_q1q2q3
RBA,d_and_a,DepreciationDepletionAndAmortization,Q,2020-01-01,2020-03-31,19293000.0,USD,2021.0,Q1,10-Q,CY2020Q1
RBA,d_and_a,DepreciationDepletionAndAmortization,Q,2020-04-01,2020-06-30,17857000.0,USD,2021.0,Q2,10-Q,CY2020Q2
RBA,d_and_a,DepreciationDepletionAndAmortization,Q,2020-07-01,2020-09-30,18436000.0,USD,2021.0,Q3,10-Q,CY2020Q3
RBA,d_and_a,DepreciationDepletionAndAmortization,Q,2020-10-01,2020-12-31,19335000.0,USD,2022.0,Q4,10-K,derived_fy_minus_q1q2q3
RBA,d_and_a,DepreciationDepletionAndAmortization,Q,2021-01-01,2021-03-31,21070000.0,USD,2022.0,Q1,10-Q,CY2021Q1
RBA,d_and_a,DepreciationDepletionAndAmortization,Q,2021-04-01,2021-06-30,21935000.0,USD,2022.0,Q1,10-Q,CY2021Q2
RBA,d_and_a,DepreciationDepletionAndAmortization,Q,2021-07-01,2021-09-30,21907000.0,USD,2022.0,Q3,10-Q,CY2021Q3
RBA,d_and_a,DepreciationDepletionAndAmortization,Q,2021-10-01,2021-12-31,22988000.0,USD,2023.0,Q4,10-K,derived_fy_minus_q1q2q3
RBA,d_and_a,DepreciationDepletionAndAmortization,Q,2022-01-01,2022-03-31,24200000.0,USD,2023.0,Q1,10-Q,CY2022Q1
RBA,d_and_a,DepreciationDepletionAndAmortization,Q,2022-04-01,2022-06-30,24300000.0,USD,2023.0,Q2,10-Q,CY2022Q2
RBA,d_and_a,DepreciationDepletionAndAmortization,Q,2022-07-01,2022-09-30,24300000.0,USD,2023.0,Q3,10-Q,CY2022Q3
RBA,d_and_a,DepreciationDepletionAndAmortization,Q,2022-10-01,2022-12-31,24400000.0,USD,2024.0,Q4,10-K,derived_fy_minus_q1q2q3
RBA,d_and_a,DepreciationDepletionAndAmortization,Q,2023-01-01,2023-03-31,36200000.0,USD,2024.0,Q1,10-Q,CY2023Q1
RBA,d_and_a,DepreciationDepletionAndAmortization,Q,2023-04-01,2023-06-30,109600000.0,USD,2024.0,Q2,10-Q,CY2023Q2
RBA,d_and_a,DepreciationDepletionAndAmortization,Q,2023-07-01,2023-09-30,101100000.0,USD,2024.0,Q3,10-Q,CY2023Q3
RBA,d_and_a,DepreciationDepletionAndAmortization,Q,2023-10-01,2023-12-31,105300000.0,USD,2025.0,Q4,10-K,derived_fy_minus_q1q2q3
RBA,d_and_a,DepreciationDepletionAndAmortization,Q,2024-01-01,2024-03-31,107700000.0,USD,2025.0,Q1,10-Q,CY2024Q1
RBA,d_and_a,DepreciationDepletionAndAmortization,Q,2024-04-01,2024-06-30,110300000.0,USD,2025.0,Q2,10-Q,CY2024Q2
RBA,d_and_a,DepreciationDepletionAndAmortization,Q,2024-07-01,2024-09-30,111900000.0,USD,2025.0,Q3,10-Q,CY2024Q3
RBA,d_and_a,DepreciationDepletionAndAmortization,Q,2024-10-01,2024-12-31,114500000.0,USD,2025.0,Q4,10-K,derived_fy_minus_q1q2q3
RBA,d_and_a,DepreciationDepletionAndAmortization,Q,2025-01-01,2025-03-31,114500000.0,USD,2026.0,Q1,10-Q,CY2025Q1
RBA,d_and_a,DepreciationDepletionAndAmortization,Q,2025-04-01,2025-06-30,116700000.0,USD,2026.0,Q2,10-Q,CY2025Q2
RBA,d_and_a,DepreciationDepletionAndAmortization,Q,2025-07-01,2025-09-30,124700000.0,USD,2025.0,Q3,10-Q,CY2025Q3
RBA,d_and_a,DepreciationDepletionAndAmortization,Q,2025-10-01,2025-12-31,127500000.0,USD,2025.0,Q4,10-K,derived_fy_minus_q1q2q3
RBA,d_and_a,DepreciationDepletionAndAmortization,Q,2026-01-01,2026-03-31,126700000.0,USD,2026.0,Q1,10-Q,CY2026Q1
RBA,d_and_a,DepreciationDepletionAndAmortization,Q,2026-04-01,2026-06-30,130400000.0,USD,2026.0,Q2,10-Q,CY2026Q2
RBA,eps_diluted,EarningsPerShareDiluted,Q,2014-01-01,2014-03-31,0.12,USD/shares,2016.0,FY,10-K,CY2014Q1
RBA,eps_diluted,EarningsPerShareDiluted,Q,2014-04-01,2014-06-30,0.34,USD/shares,2016.0,FY,10-K,CY2014Q2
RBA,eps_diluted,EarningsPerShareDiluted,Q,2014-07-01,2014-09-30,0.09,USD/shares,2016.0,FY,10-K,CY2014Q3
RBA,eps_diluted,EarningsPerShareDiluted,Q,2014-10-01,2014-12-31,0.29,USD/shares,2016.0,FY,10-K,CY2014Q4
RBA,eps_diluted,EarningsPerShareDiluted,Q,2015-01-01,2015-03-31,0.22,USD/shares,2017.0,FY,10-K,CY2015Q1
RBA,eps_diluted,EarningsPerShareDiluted,Q,2015-04-01,2015-06-30,0.42,USD/shares,2017.0,FY,10-K,CY2015Q2
RBA,eps_diluted,EarningsPerShareDiluted,Q,2015-07-01,2015-09-30,0.19,USD/shares,2017.0,FY,10-K,CY2015Q3
RBA,eps_diluted,EarningsPerShareDiluted,Q,2015-10-01,2015-12-31,0.43,USD/shares,2017.0,FY,10-K,CY2015Q4
RBA,eps_diluted,EarningsPerShareDiluted,Q,2016-01-01,2016-03-31,0.27,USD/shares,2018.0,FY,10-K,CY2016Q1
RBA,eps_diluted,EarningsPerShareDiluted,Q,2016-04-01,2016-06-30,0.37,USD/shares,2018.0,FY,10-K,CY2016Q2
RBA,eps_diluted,EarningsPerShareDiluted,Q,2016-07-01,2016-09-30,-0.05,USD/shares,2018.0,FY,10-K,CY2016Q3
RBA,eps_diluted,EarningsPerShareDiluted,Q,2016-10-01,2016-12-31,0.26,USD/shares,2018.0,FY,10-K,CY2016Q4
RBA,eps_diluted,EarningsPerShareDiluted,Q,2017-01-01,2017-03-31,0.1,USD/shares,2019.0,FY,10-K,CY2017Q1
RBA,eps_diluted,EarningsPerShareDiluted,Q,2017-04-01,2017-06-30,0.16,USD/shares,2019.0,FY,10-K,CY2017Q2
RBA,eps_diluted,EarningsPerShareDiluted,Q,2017-07-01,2017-09-30,0.09,USD/shares,2019.0,FY,10-K,CY2017Q3
RBA,eps_diluted,EarningsPerShareDiluted,Q,2017-10-01,2017-12-31,0.34,USD/shares,2019.0,FY,10-K,CY2017Q4
RBA,eps_diluted,EarningsPerShareDiluted,Q,2018-01-01,2018-03-31,0.16,USD/shares,2020.0,FY,10-K,CY2018Q1
RBA,eps_diluted,EarningsPerShareDiluted,Q,2018-04-01,2018-06-30,0.42,USD/shares,2020.0,FY,10-K,CY2018Q2
RBA,eps_diluted,EarningsPerShareDiluted,Q,2018-07-01,2018-09-30,0.21,USD/shares,2020.0,FY,10-K,CY2018Q3
RBA,eps_diluted,EarningsPerShareDiluted,Q,2018-10-01,2018-12-31,0.32,USD/shares,2020.0,FY,10-K,CY2018Q4
RBA,eps_diluted,EarningsPerShareDiluted,Q,2019-01-01,2019-03-31,0.17,USD/shares,2020.0,FY,10-K,CY2019Q1
RBA,eps_diluted,EarningsPerShareDiluted,Q,2019-04-01,2019-06-30,0.49,USD/shares,2020.0,FY,10-K,CY2019Q2
RBA,eps_diluted,EarningsPerShareDiluted,Q,2019-07-01,2019-09-30,0.23,USD/shares,2020.0,FY,10-K,CY2019Q3
RBA,eps_diluted,EarningsPerShareDiluted,Q,2019-10-01,2019-12-31,0.47,USD/shares,2020.0,FY,10-K,CY2019Q4
RBA,eps_diluted,EarningsPerShareDiluted,Q,2020-01-01,2020-03-31,0.21,USD/shares,2021.0,Q1,10-Q,CY2020Q1
RBA,eps_diluted,EarningsPerShareDiluted,Q,2020-04-01,2020-06-30,0.49,USD/shares,2021.0,Q2,10-Q,CY2020Q2
RBA,eps_diluted,EarningsPerShareDiluted,Q,2020-07-01,2020-09-30,0.41,USD/shares,2021.0,Q3,10-Q,CY2020Q3
RBA,eps_diluted,EarningsPerShareDiluted,Q,2020-10-01,2020-12-31,0.44,USD/shares,2020.0,FY,10-K,CY2020Q4
RBA,eps_diluted,EarningsPerShareDiluted,Q,2021-01-01,2021-03-31,0.25,USD/shares,2022.0,Q1,10-Q,CY2021Q1
RBA,eps_diluted,EarningsPerShareDiluted,Q,2021-04-01,2021-06-30,0.55,USD/shares,2022.0,Q1,10-Q,CY2021Q2
RBA,eps_diluted,EarningsPerShareDiluted,Q,2021-07-01,2021-09-30,0.29,USD/shares,2022.0,Q3,10-Q,CY2021Q3
RBA,eps_diluted,EarningsPerShareDiluted,Q,2022-01-01,2022-03-31,1.6,USD/shares,2023.0,Q1,10-Q,CY2022Q1
RBA,eps_diluted,EarningsPerShareDiluted,Q,2022-04-01,2022-06-30,0.48,USD/shares,2023.0,Q2,10-Q,CY2022Q2
RBA,eps_diluted,EarningsPerShareDiluted,Q,2022-07-01,2022-09-30,0.38,USD/shares,2023.0,Q3,10-Q,CY2022Q3
RBA,eps_diluted,EarningsPerShareDiluted,Q,2023-01-01,2023-03-31,-0.28,USD/shares,2024.0,Q1,10-Q,CY2023Q1
RBA,eps_diluted,EarningsPerShareDiluted,Q,2023-04-01,2023-06-30,0.42,USD/shares,2024.0,Q2,10-Q,CY2023Q2
RBA,eps_diluted,EarningsPerShareDiluted,Q,2023-07-01,2023-09-30,0.3,USD/shares,2024.0,Q3,10-Q,CY2023Q3
RBA,eps_diluted,EarningsPerShareDiluted,Q,2024-01-01,2024-03-31,0.53,USD/shares,2025.0,Q1,10-Q,CY2024Q1
RBA,eps_diluted,EarningsPerShareDiluted,Q,2024-04-01,2024-06-30,0.54,USD/shares,2025.0,Q2,10-Q,CY2024Q2
RBA,eps_diluted,EarningsPerShareDiluted,Q,2024-07-01,2024-09-30,0.36,USD/shares,2025.0,Q3,10-Q,CY2024Q3
RBA,eps_diluted,EarningsPerShareDiluted,Q,2025-01-01,2025-03-31,0.55,USD/shares,2026.0,Q1,10-Q,CY2025Q1
RBA,eps_diluted,EarningsPerShareDiluted,Q,2025-04-01,2025-06-30,0.53,USD/shares,2026.0,Q2,10-Q,CY2025Q2
RBA,eps_diluted,EarningsPerShareDiluted,Q,2025-07-01,2025-09-30,0.43,USD/shares,2025.0,Q3,10-Q,CY2025Q3
RBA,eps_diluted,EarningsPerShareDiluted,Q,2026-01-01,2026-03-31,0.66,USD/shares,2026.0,Q1,10-Q,CY2026Q1
RBA,eps_diluted,EarningsPerShareDiluted,Q,2026-04-01,2026-06-30,0.71,USD/shares,2026.0,Q2,10-Q,CY2026Q2
RBA,gross_profit,GrossProfit,Q,2016-01-01,2016-03-31,116632000.0,USD,2017.0,Q1,10-Q,CY2016Q1
RBA,gross_profit,GrossProfit,Q,2016-04-01,2016-06-30,139047000.0,USD,2017.0,Q2,10-Q,CY2016Q2
RBA,gross_profit,GrossProfit,Q,2016-07-01,2016-09-30,114126000.0,USD,2017.0,Q3,10-Q,CY2016Q3
RBA,gross_profit,GrossProfit,Q,2016-10-01,2016-12-31,-181244000.0,USD,2018.0,Q4,10-K,derived_fy_minus_q1q2q3
RBA,gross_profit,GrossProfit,Q,2017-01-01,2017-03-31,111686000.0,USD,2018.0,Q1,10-Q,CY2017Q1
RBA,gross_profit,GrossProfit,Q,2017-04-01,2017-06-30,144595000.0,USD,2018.0,Q2,10-Q,CY2017Q2
RBA,gross_profit,GrossProfit,Q,2017-07-01,2017-09-30,121464000.0,USD,2018.0,Q3,10-Q,CY2017Q3
RBA,gross_profit,GrossProfit,Q,2017-10-01,2017-12-31,153759000.0,USD,2017.0,Q4,10-K,derived_fy_minus_q1q2q3
RBA,gross_profit,GrossProfit,Q,2018-01-01,2018-03-31,50260000.0,USD,2019.0,Q1,10-Q,CY2018Q1
RBA,net_income,NetIncomeLoss,Q,2014-01-01,2014-03-31,13174000.0,USD,2016.0,FY,10-K,CY2014Q1
RBA,net_income,NetIncomeLoss,Q,2014-04-01,2014-06-30,37008000.0,USD,2016.0,FY,10-K,CY2014Q2
RBA,net_income,NetIncomeLoss,Q,2014-07-01,2014-09-30,9382000.0,USD,2016.0,FY,10-K,CY2014Q3
RBA,net_income,NetIncomeLoss,Q,2014-10-01,2014-12-31,31417000.0,USD,2016.0,FY,10-K,CY2014Q4
RBA,net_income,NetIncomeLoss,Q,2015-01-01,2015-03-31,23777000.0,USD,2017.0,FY,10-K,CY2015Q1
RBA,net_income,NetIncomeLoss,Q,2015-04-01,2015-06-30,45083000.0,USD,2017.0,FY,10-K,CY2015Q2
RBA,net_income,NetIncomeLoss,Q,2015-07-01,2015-09-30,20825000.0,USD,2017.0,FY,10-K,CY2015Q3
RBA,net_income,NetIncomeLoss,Q,2015-10-01,2015-12-31,46529000.0,USD,2017.0,FY,10-K,CY2015Q4
RBA,net_income,NetIncomeLoss,Q,2016-01-01,2016-03-31,29406000.0,USD,2018.0,FY,10-K,CY2016Q1
RBA,net_income,NetIncomeLoss,Q,2016-04-01,2016-06-30,39710000.0,USD,2018.0,FY,10-K,CY2016Q2
RBA,net_income,NetIncomeLoss,Q,2016-07-01,2016-09-30,-5137000.0,USD,2018.0,FY,10-K,CY2016Q3
RBA,net_income,NetIncomeLoss,Q,2016-10-01,2016-12-31,27853000.0,USD,2018.0,FY,10-K,CY2016Q4
RBA,net_income,NetIncomeLoss,Q,2017-01-01,2017-03-31,10377000.0,USD,2019.0,FY,10-K,CY2017Q1
RBA,net_income,NetIncomeLoss,Q,2017-04-01,2017-06-30,17635000.0,USD,2019.0,FY,10-K,CY2017Q2
RBA,net_income,NetIncomeLoss,Q,2017-07-01,2017-09-30,10261000.0,USD,2019.0,FY,10-K,CY2017Q3
RBA,net_income,NetIncomeLoss,Q,2017-10-01,2017-12-31,36754000.0,USD,2019.0,FY,10-K,CY2017Q4
RBA,net_income,NetIncomeLoss,Q,2018-01-01,2018-03-31,17138000.0,USD,2020.0,FY,10-K,CY2018Q1
RBA,net_income,NetIncomeLoss,Q,2018-04-01,2018-06-30,45717000.0,USD,2020.0,FY,10-K,CY2018Q2
RBA,net_income,NetIncomeLoss,Q,2018-07-01,2018-09-30,23138000.0,USD,2020.0,FY,10-K,CY2018Q3
RBA,net_income,NetIncomeLoss,Q,2018-10-01,2018-12-31,35486000.0,USD,2020.0,FY,10-K,CY2018Q4
RBA,net_income,NetIncomeLoss,Q,2019-01-01,2019-03-31,18164000.0,USD,2020.0,FY,10-K,CY2019Q1
RBA,net_income,NetIncomeLoss,Q,2019-04-01,2019-06-30,54036000.0,USD,2020.0,FY,10-K,CY2019Q2
RBA,net_income,NetIncomeLoss,Q,2019-07-01,2019-09-30,25266000.0,USD,2020.0,FY,10-K,CY2019Q3
RBA,net_income,NetIncomeLoss,Q,2019-10-01,2019-12-31,51573000.0,USD,2020.0,FY,10-K,CY2019Q4
RBA,net_income,NetIncomeLoss,Q,2020-01-01,2020-03-31,22809000.0,USD,2021.0,Q1,10-Q,CY2020Q1
RBA,net_income,NetIncomeLoss,Q,2020-04-01,2020-06-30,53043000.0,USD,2021.0,Q2,10-Q,CY2020Q2
RBA,net_income,NetIncomeLoss,Q,2020-07-01,2020-09-30,45387000.0,USD,2021.0,Q3,10-Q,CY2020Q3
RBA,net_income,NetIncomeLoss,Q,2020-10-01,2020-12-31,48857000.0,USD,2020.0,FY,10-K,CY2020Q4
RBA,net_income,NetIncomeLoss,Q,2021-01-01,2021-03-31,28188000.0,USD,2022.0,Q1,10-Q,CY2021Q1
RBA,net_income,NetIncomeLoss,Q,2021-04-01,2021-06-30,60749000.0,USD,2022.0,Q1,10-Q,CY2021Q2
RBA,net_income,NetIncomeLoss,Q,2021-07-01,2021-09-30,32336000.0,USD,2022.0,Q3,10-Q,CY2021Q3
RBA,net_income,NetIncomeLoss,Q,2021-10-01,2021-12-31,30627000.0,USD,2023.0,Q4,10-K,derived_fy_minus_q1q2q3
RBA,net_income,NetIncomeLoss,Q,2022-01-01,2022-03-31,178100000.0,USD,2023.0,Q1,10-Q,CY2022Q1
RBA,net_income,NetIncomeLoss,Q,2022-04-01,2022-06-30,53400000.0,USD,2023.0,Q2,10-Q,CY2022Q2
RBA,net_income,NetIncomeLoss,Q,2022-07-01,2022-09-30,42900000.0,USD,2023.0,Q3,10-Q,CY2022Q3
RBA,net_income,NetIncomeLoss,Q,2022-10-01,2022-12-31,45300000.0,USD,2024.0,Q4,10-K,derived_fy_minus_q1q2q3
RBA,net_income,NetIncomeLoss,Q,2023-01-01,2023-03-31,-28100000.0,USD,2024.0,Q1,10-Q,CY2023Q1
RBA,net_income,NetIncomeLoss,Q,2023-04-01,2023-06-30,86900000.0,USD,2024.0,Q2,10-Q,CY2023Q2
RBA,net_income,NetIncomeLoss,Q,2023-07-01,2023-09-30,63400000.0,USD,2024.0,Q3,10-Q,CY2023Q3
RBA,net_income,NetIncomeLoss,Q,2023-10-01,2023-12-31,84300000.0,USD,2025.0,Q4,10-K,derived_fy_minus_q1q2q3
RBA,net_income,NetIncomeLoss,Q,2024-01-01,2024-03-31,107400000.0,USD,2025.0,Q1,10-Q,CY2024Q1
RBA,net_income,NetIncomeLoss,Q,2024-04-01,2024-06-30,111100000.0,USD,2025.0,Q2,10-Q,CY2024Q2
RBA,net_income,NetIncomeLoss,Q,2024-07-01,2024-09-30,76100000.0,USD,2025.0,Q3,10-Q,CY2024Q3
RBA,net_income,NetIncomeLoss,Q,2024-10-01,2024-12-31,118500000.0,USD,2025.0,Q4,10-K,derived_fy_minus_q1q2q3
RBA,net_income,NetIncomeLoss,Q,2025-01-01,2025-03-31,113400000.0,USD,2026.0,Q1,10-Q,CY2025Q1
RBA,net_income,NetIncomeLoss,Q,2025-04-01,2025-06-30,109800000.0,USD,2026.0,Q2,10-Q,CY2025Q2
RBA,net_income,NetIncomeLoss,Q,2025-07-01,2025-09-30,95500000.0,USD,2025.0,Q3,10-Q,CY2025Q3
RBA,net_income,NetIncomeLoss,Q,2025-10-01,2025-12-31,109700000.0,USD,2025.0,Q4,10-K,derived_fy_minus_q1q2q3
RBA,net_income,NetIncomeLoss,Q,2026-01-01,2026-03-31,135500000.0,USD,2026.0,Q1,10-Q,CY2026Q1
RBA,net_income,NetIncomeLoss,Q,2026-04-01,2026-06-30,143500000.0,USD,2026.0,Q2,10-Q,CY2026Q2
RBA,operating_income,OperatingIncomeLoss,Q,2014-01-01,2014-03-31,19081000.0,USD,2016.0,FY,10-K,CY2014Q1
RBA,operating_income,OperatingIncomeLoss,Q,2014-04-01,2014-06-30,51773000.0,USD,2016.0,FY,10-K,CY2014Q2
RBA,operating_income,OperatingIncomeLoss,Q,2014-07-01,2014-09-30,15903000.0,USD,2016.0,FY,10-K,CY2014Q3
RBA,operating_income,OperatingIncomeLoss,Q,2014-10-01,2014-12-31,41170000.0,USD,2016.0,FY,10-K,CY2014Q4
RBA,operating_income,OperatingIncomeLoss,Q,2015-01-01,2015-03-31,33019000.0,USD,2017.0,FY,10-K,CY2015Q1
RBA,operating_income,OperatingIncomeLoss,Q,2015-04-01,2015-06-30,62795000.0,USD,2017.0,FY,10-K,CY2015Q2
RBA,operating_income,OperatingIncomeLoss,Q,2015-07-01,2015-09-30,28602000.0,USD,2017.0,FY,10-K,CY2015Q3
RBA,operating_income,OperatingIncomeLoss,Q,2015-10-01,2015-12-31,50424000.0,USD,2017.0,FY,10-K,CY2015Q4
RBA,operating_income,OperatingIncomeLoss,Q,2016-01-01,2016-03-31,39174000.0,USD,2018.0,FY,10-K,CY2016Q1
RBA,operating_income,OperatingIncomeLoss,Q,2016-04-01,2016-06-30,53635000.0,USD,2018.0,FY,10-K,CY2016Q2
RBA,operating_income,OperatingIncomeLoss,Q,2016-07-01,2016-09-30,2285000.0,USD,2018.0,FY,10-K,CY2016Q3
RBA,operating_income,OperatingIncomeLoss,Q,2016-10-01,2016-12-31,40628000.0,USD,2018.0,FY,10-K,CY2016Q4
RBA,operating_income,OperatingIncomeLoss,Q,2017-01-01,2017-03-31,23597000.0,USD,2019.0,FY,10-K,CY2017Q1
RBA,operating_income,OperatingIncomeLoss,Q,2017-04-01,2017-06-30,26888000.0,USD,2019.0,FY,10-K,CY2017Q2
RBA,operating_income,OperatingIncomeLoss,Q,2017-07-01,2017-09-30,16931000.0,USD,2019.0,FY,10-K,CY2017Q3
RBA,operating_income,OperatingIncomeLoss,Q,2017-10-01,2017-12-31,40038000.0,USD,2019.0,FY,10-K,CY2017Q4
RBA,operating_income,OperatingIncomeLoss,Q,2018-01-01,2018-03-31,32873000.0,USD,2020.0,FY,10-K,CY2018Q1
RBA,operating_income,OperatingIncomeLoss,Q,2018-04-01,2018-06-30,64795000.0,USD,2020.0,FY,10-K,CY2018Q2
RBA,operating_income,OperatingIncomeLoss,Q,2018-07-01,2018-09-30,31194000.0,USD,2020.0,FY,10-K,CY2018Q3
RBA,operating_income,OperatingIncomeLoss,Q,2018-10-01,2018-12-31,56327000.0,USD,2020.0,FY,10-K,CY2018Q4
RBA,operating_income,OperatingIncomeLoss,Q,2019-01-01,2019-03-31,33588000.0,USD,2020.0,FY,10-K,CY2019Q1
RBA,operating_income,OperatingIncomeLoss,Q,2019-04-01,2019-06-30,77970000.0,USD,2020.0,FY,10-K,CY2019Q2
RBA,operating_income,OperatingIncomeLoss,Q,2019-07-01,2019-09-30,40160000.0,USD,2020.0,FY,10-K,CY2019Q3
RBA,operating_income,OperatingIncomeLoss,Q,2019-10-01,2019-12-31,71484000.0,USD,2020.0,FY,10-K,CY2019Q4
RBA,operating_income,OperatingIncomeLoss,Q,2020-01-01,2020-03-31,34082000.0,USD,2021.0,Q1,10-Q,CY2020Q1
RBA,operating_income,OperatingIncomeLoss,Q,2020-04-01,2020-06-30,88800000.0,USD,2021.0,Q2,10-Q,CY2020Q2
RBA,operating_income,OperatingIncomeLoss,Q,2020-07-01,2020-09-30,67384000.0,USD,2021.0,Q3,10-Q,CY2020Q3
RBA,operating_income,OperatingIncomeLoss,Q,2020-10-01,2020-12-31,72892000.0,USD,2020.0,FY,10-K,CY2020Q4
RBA,operating_income,OperatingIncomeLoss,Q,2021-01-01,2021-03-31,44502000.0,USD,2022.0,Q1,10-Q,CY2021Q1
RBA,operating_income,OperatingIncomeLoss,Q,2021-04-01,2021-06-30,89517000.0,USD,2022.0,Q1,10-Q,CY2021Q2
RBA,operating_income,OperatingIncomeLoss,Q,2021-07-01,2021-09-30,53619000.0,USD,2022.0,Q3,10-Q,CY2021Q3
RBA,operating_income,OperatingIncomeLoss,Q,2021-10-01,2021-12-31,53362000.0,USD,2023.0,Q4,10-K,derived_fy_minus_q1q2q3
RBA,operating_income,OperatingIncomeLoss,Q,2022-01-01,2022-03-31,232700000.0,USD,2023.0,Q1,10-Q,CY2022Q1
RBA,operating_income,OperatingIncomeLoss,Q,2022-04-01,2022-06-30,91600000.0,USD,2023.0,Q2,10-Q,CY2022Q2
RBA,operating_income,OperatingIncomeLoss,Q,2022-07-01,2022-09-30,63500000.0,USD,2023.0,Q3,10-Q,CY2022Q3
RBA,operating_income,OperatingIncomeLoss,Q,2022-10-01,2022-12-31,65700000.0,USD,2024.0,Q4,10-K,derived_fy_minus_q1q2q3
RBA,operating_income,OperatingIncomeLoss,Q,2023-01-01,2023-03-31,-24900000.0,USD,2024.0,Q1,10-Q,CY2023Q1
RBA,operating_income,OperatingIncomeLoss,Q,2023-04-01,2023-06-30,179600000.0,USD,2024.0,Q2,10-Q,CY2023Q2
RBA,operating_income,OperatingIncomeLoss,Q,2023-07-01,2023-09-30,145800000.0,USD,2024.0,Q3,10-Q,CY2023Q3
RBA,operating_income,OperatingIncomeLoss,Q,2023-10-01,2023-12-31,170800000.0,USD,2025.0,Q4,10-K,derived_fy_minus_q1q2q3
RBA,operating_income,OperatingIncomeLoss,Q,2024-01-01,2024-03-31,198900000.0,USD,2025.0,Q1,10-Q,CY2024Q1
RBA,operating_income,OperatingIncomeLoss,Q,2024-04-01,2024-06-30,201900000.0,USD,2025.0,Q2,10-Q,CY2024Q2
RBA,operating_income,OperatingIncomeLoss,Q,2024-07-01,2024-09-30,153400000.0,USD,2025.0,Q3,10-Q,CY2024Q3
RBA,operating_income,OperatingIncomeLoss,Q,2024-10-01,2024-12-31,207000000.0,USD,2025.0,Q4,10-K,derived_fy_minus_q1q2q3
RBA,operating_income,OperatingIncomeLoss,Q,2025-01-01,2025-03-31,189500000.0,USD,2026.0,Q1,10-Q,CY2025Q1
RBA,operating_income,OperatingIncomeLoss,Q,2025-04-01,2025-06-30,188600000.0,USD,2026.0,Q2,10-Q,CY2025Q2
RBA,operating_income,OperatingIncomeLoss,Q,2025-07-01,2025-09-30,158300000.0,USD,2025.0,Q3,10-Q,CY2025Q3
RBA,operating_income,OperatingIncomeLoss,Q,2025-10-01,2025-12-31,177000000.0,USD,2025.0,Q4,10-K,derived_fy_minus_q1q2q3
RBA,operating_income,OperatingIncomeLoss,Q,2026-01-01,2026-03-31,217500000.0,USD,2026.0,Q1,10-Q,CY2026Q1
RBA,operating_income,OperatingIncomeLoss,Q,2026-04-01,2026-06-30,224800000.0,USD,2026.0,Q2,10-Q,CY2026Q2
RBA,pretax_income,IncomeLossFromContinuingOperationsBeforeIncomeTaxesExtraordinaryItemsNoncontrollingInterest,Q,2015-01-01,2015-03-31,33543000.0,USD,2016.0,Q1,10-Q,CY2015Q1
RBA,pretax_income,IncomeLossFromContinuingOperationsBeforeIncomeTaxesExtraordinaryItemsNoncontrollingInterest,Q,2015-04-01,2015-06-30,63258000.0,USD,2016.0,Q2,10-Q,CY2015Q2
RBA,pretax_income,IncomeLossFromContinuingOperationsBeforeIncomeTaxesExtraordinaryItemsNoncontrollingInterest,Q,2015-07-01,2015-09-30,29013000.0,USD,2016.0,Q3,10-Q,CY2015Q3
RBA,pretax_income,IncomeLossFromContinuingOperationsBeforeIncomeTaxesExtraordinaryItemsNoncontrollingInterest,Q,2015-10-01,2015-12-31,50622000.0,USD,2017.0,Q4,10-K,derived_fy_minus_q1q2q3
RBA,pretax_income,IncomeLossFromContinuingOperationsBeforeIncomeTaxesExtraordinaryItemsNoncontrollingInterest,Q,2016-01-01,2016-03-31,39526000.0,USD,2017.0,Q1,10-Q,CY2016Q1
RBA,pretax_income,IncomeLossFromContinuingOperationsBeforeIncomeTaxesExtraordinaryItemsNoncontrollingInterest,Q,2016-04-01,2016-06-30,53808000.0,USD,2017.0,Q2,10-Q,CY2016Q2
RBA,pretax_income,IncomeLossFromContinuingOperationsBeforeIncomeTaxesExtraordinaryItemsNoncontrollingInterest,Q,2016-07-01,2016-09-30,2180000.0,USD,2017.0,Q3,10-Q,CY2016Q3
RBA,pretax_income,IncomeLossFromContinuingOperationsBeforeIncomeTaxesExtraordinaryItemsNoncontrollingInterest,Q,2016-10-01,2016-12-31,34980000.0,USD,2018.0,Q4,10-K,derived_fy_minus_q1q2q3
RBA,pretax_income,IncomeLossFromContinuingOperationsBeforeIncomeTaxesExtraordinaryItemsNoncontrollingInterest,Q,2017-01-01,2017-03-31,17748000.0,USD,2018.0,Q1,10-Q,CY2017Q1
RBA,pretax_income,IncomeLossFromContinuingOperationsBeforeIncomeTaxesExtraordinaryItemsNoncontrollingInterest,Q,2017-04-01,2017-06-30,21738000.0,USD,2018.0,Q2,10-Q,CY2017Q2
RBA,pretax_income,IncomeLossFromContinuingOperationsBeforeIncomeTaxesExtraordinaryItemsNoncontrollingInterest,Q,2017-07-01,2017-09-30,6965000.0,USD,2018.0,Q3,10-Q,CY2017Q3
RBA,pretax_income,IncomeLossFromContinuingOperationsBeforeIncomeTaxesExtraordinaryItemsNoncontrollingInterest,Q,2017-10-01,2017-12-31,30943000.0,USD,2019.0,Q4,10-K,derived_fy_minus_q1q2q3
RBA,pretax_income,IncomeLossFromContinuingOperationsBeforeIncomeTaxesExtraordinaryItemsNoncontrollingInterest,Q,2018-01-01,2018-03-31,22476000.0,USD,2019.0,Q1,10-Q,CY2018Q1
RBA,pretax_income,IncomeLossFromContinuingOperationsBeforeIncomeTaxesExtraordinaryItemsNoncontrollingInterest,Q,2018-04-01,2018-06-30,54758000.0,USD,2019.0,Q2,10-Q,CY2018Q2
RBA,pretax_income,IncomeLossFromContinuingOperationsBeforeIncomeTaxesExtraordinaryItemsNoncontrollingInterest,Q,2018-07-01,2018-09-30,27903000.0,USD,2019.0,Q3,10-Q,CY2018Q3
RBA,pretax_income,IncomeLossFromContinuingOperationsBeforeIncomeTaxesExtraordinaryItemsNoncontrollingInterest,Q,2018-10-01,2018-12-31,47375000.0,USD,2020.0,Q4,10-K,derived_fy_minus_q1q2q3
RBA,pretax_income,IncomeLossFromContinuingOperationsBeforeIncomeTaxesExtraordinaryItemsNoncontrollingInterest,Q,2019-01-01,2019-03-31,24811000.0,USD,2020.0,Q1,10-Q,CY2019Q1
RBA,pretax_income,IncomeLossFromContinuingOperationsBeforeIncomeTaxesExtraordinaryItemsNoncontrollingInterest,Q,2019-04-01,2019-06-30,69532000.0,USD,2020.0,Q2,10-Q,CY2019Q2
RBA,pretax_income,IncomeLossFromContinuingOperationsBeforeIncomeTaxesExtraordinaryItemsNoncontrollingInterest,Q,2019-07-01,2019-09-30,32032000.0,USD,2020.0,Q3,10-Q,CY2019Q3
RBA,pretax_income,IncomeLossFromContinuingOperationsBeforeIncomeTaxesExtraordinaryItemsNoncontrollingInterest,Q,2019-10-01,2019-12-31,64388000.0,USD,2021.0,Q4,10-K,derived_fy_minus_q1q2q3
RBA,pretax_income,IncomeLossFromContinuingOperationsBeforeIncomeTaxesExtraordinaryItemsNoncontrollingInterest,Q,2020-01-01,2020-03-31,28477000.0,USD,2021.0,Q1,10-Q,CY2020Q1
RBA,pretax_income,IncomeLossFromContinuingOperationsBeforeIncomeTaxesExtraordinaryItemsNoncontrollingInterest,Q,2020-04-01,2020-06-30,80775000.0,USD,2021.0,Q2,10-Q,CY2020Q2
RBA,pretax_income,IncomeLossFromContinuingOperationsBeforeIncomeTaxesExtraordinaryItemsNoncontrollingInterest,Q,2020-07-01,2020-09-30,60927000.0,USD,2021.0,Q3,10-Q,CY2020Q3
RBA,pretax_income,IncomeLossFromContinuingOperationsBeforeIncomeTaxesExtraordinaryItemsNoncontrollingInterest,Q,2020-10-01,2020-12-31,65709000.0,USD,2022.0,Q4,10-K,derived_fy_minus_q1q2q3
RBA,pretax_income,IncomeLossFromContinuingOperationsBeforeIncomeTaxesExtraordinaryItemsNoncontrollingInterest,Q,2021-01-01,2021-03-31,36558000.0,USD,2022.0,Q1,10-Q,CY2021Q1
RBA,pretax_income,IncomeLossFromContinuingOperationsBeforeIncomeTaxesExtraordinaryItemsNoncontrollingInterest,Q,2021-04-01,2021-06-30,81846000.0,USD,2022.0,Q1,10-Q,CY2021Q2
RBA,pretax_income,IncomeLossFromContinuingOperationsBeforeIncomeTaxesExtraordinaryItemsNoncontrollingInterest,Q,2021-07-01,2021-09-30,45414000.0,USD,2022.0,Q3,10-Q,CY2021Q3
RBA,pretax_income,IncomeLossFromContinuingOperationsBeforeIncomeTaxesExtraordinaryItemsNoncontrollingInterest,Q,2021-10-01,2021-12-31,41482000.0,USD,2023.0,Q4,10-K,derived_fy_minus_q1q2q3
RBA,pretax_income,IncomeLossFromContinuingOperationsBeforeIncomeTaxesExtraordinaryItemsNoncontrollingInterest,Q,2022-01-01,2022-03-31,214300000.0,USD,2023.0,Q1,10-Q,CY2022Q1
RBA,pretax_income,IncomeLossFromContinuingOperationsBeforeIncomeTaxesExtraordinaryItemsNoncontrollingInterest,Q,2022-04-01,2022-06-30,75000000.0,USD,2023.0,Q2,10-Q,CY2022Q2
RBA,pretax_income,IncomeLossFromContinuingOperationsBeforeIncomeTaxesExtraordinaryItemsNoncontrollingInterest,Q,2022-07-01,2022-09-30,57600000.0,USD,2023.0,Q3,10-Q,CY2022Q3
RBA,pretax_income,IncomeLossFromContinuingOperationsBeforeIncomeTaxesExtraordinaryItemsNoncontrollingInterest,Q,2022-10-01,2022-12-31,59100000.0,USD,2024.0,Q4,10-K,derived_fy_minus_q1q2q3
RBA,pretax_income,IncomeLossFromContinuingOperationsBeforeIncomeTaxesExtraordinaryItemsNoncontrollingInterest,Q,2023-01-01,2023-03-31,-37500000.0,USD,2024.0,Q1,10-Q,CY2023Q1
RBA,pretax_income,IncomeLossFromContinuingOperationsBeforeIncomeTaxesExtraordinaryItemsNoncontrollingInterest,Q,2023-04-01,2023-06-30,119400000.0,USD,2024.0,Q2,10-Q,CY2023Q2
RBA,pretax_income,IncomeLossFromContinuingOperationsBeforeIncomeTaxesExtraordinaryItemsNoncontrollingInterest,Q,2023-07-01,2023-09-30,86300000.0,USD,2024.0,Q3,10-Q,CY2023Q3
RBA,pretax_income,IncomeLossFromContinuingOperationsBeforeIncomeTaxesExtraordinaryItemsNoncontrollingInterest,Q,2023-10-01,2023-12-31,114200000.0,USD,2025.0,Q4,10-K,derived_fy_minus_q1q2q3
RBA,pretax_income,IncomeLossFromContinuingOperationsBeforeIncomeTaxesExtraordinaryItemsNoncontrollingInterest,Q,2024-01-01,2024-03-31,139900000.0,USD,2025.0,Q1,10-Q,CY2024Q1
RBA,pretax_income,IncomeLossFromContinuingOperationsBeforeIncomeTaxesExtraordinaryItemsNoncontrollingInterest,Q,2024-04-01,2024-06-30,147600000.0,USD,2025.0,Q2,10-Q,CY2024Q2
RBA,pretax_income,IncomeLossFromContinuingOperationsBeforeIncomeTaxesExtraordinaryItemsNoncontrollingInterest,Q,2024-07-01,2024-09-30,102200000.0,USD,2025.0,Q3,10-Q,CY2024Q3
RBA,pretax_income,IncomeLossFromContinuingOperationsBeforeIncomeTaxesExtraordinaryItemsNoncontrollingInterest,Q,2024-10-01,2024-12-31,160400000.0,USD,2025.0,Q4,10-K,derived_fy_minus_q1q2q3
RBA,pretax_income,IncomeLossFromContinuingOperationsBeforeIncomeTaxesExtraordinaryItemsNoncontrollingInterest,Q,2025-01-01,2025-03-31,142900000.0,USD,2026.0,Q1,10-Q,CY2025Q1
RBA,pretax_income,IncomeLossFromContinuingOperationsBeforeIncomeTaxesExtraordinaryItemsNoncontrollingInterest,Q,2025-04-01,2025-06-30,145500000.0,USD,2026.0,Q2,10-Q,CY2025Q2
RBA,pretax_income,IncomeLossFromContinuingOperationsBeforeIncomeTaxesExtraordinaryItemsNoncontrollingInterest,Q,2025-07-01,2025-09-30,111700000.0,USD,2025.0,Q3,10-Q,CY2025Q3
RBA,pretax_income,IncomeLossFromContinuingOperationsBeforeIncomeTaxesExtraordinaryItemsNoncontrollingInterest,Q,2025-10-01,2025-12-31,135500000.0,USD,2025.0,Q4,10-K,derived_fy_minus_q1q2q3
RBA,pretax_income,IncomeLossFromContinuingOperationsBeforeIncomeTaxesExtraordinaryItemsNoncontrollingInterest,Q,2026-01-01,2026-03-31,173200000.0,USD,2026.0,Q1,10-Q,CY2026Q1
RBA,pretax_income,IncomeLossFromContinuingOperationsBeforeIncomeTaxesExtraordinaryItemsNoncontrollingInterest,Q,2026-04-01,2026-06-30,186000000.0,USD,2026.0,Q2,10-Q,CY2026Q2
RBA,revenue,Revenues,Q,2016-01-01,2016-03-31,255504000.0,USD,2018.0,FY,10-K,CY2016Q1
RBA,revenue,Revenues,Q,2016-04-01,2016-06-30,275667000.0,USD,2018.0,FY,10-K,CY2016Q2
RBA,revenue,Revenues,Q,2016-07-01,2016-09-30,300976000.0,USD,2018.0,FY,10-K,CY2016Q3
RBA,revenue,Revenues,Q,2016-10-01,2016-12-31,294830000.0,USD,2018.0,FY,10-K,CY2016Q4
RBA,revenue,Revenues,Q,2017-01-01,2017-03-31,199427000.0,USD,2019.0,FY,10-K,CY2017Q1
RBA,revenue,Revenues,Q,2017-04-01,2017-06-30,252613000.0,USD,2019.0,FY,10-K,CY2017Q2
RBA,revenue,Revenues,Q,2017-07-01,2017-09-30,227401000.0,USD,2019.0,FY,10-K,CY2017Q3
RBA,revenue,Revenues,Q,2017-10-01,2017-12-31,291750000.0,USD,2019.0,FY,10-K,CY2017Q4
RBA,revenue,Revenues,Q,2018-01-01,2018-03-31,260178000.0,USD,2020.0,FY,10-K,CY2018Q1
RBA,revenue,Revenues,Q,2018-04-01,2018-06-30,308530000.0,USD,2020.0,FY,10-K,CY2018Q2
RBA,revenue,Revenues,Q,2018-07-01,2018-09-30,245346000.0,USD,2020.0,FY,10-K,CY2018Q3
RBA,revenue,Revenues,Q,2018-10-01,2018-12-31,355972000.0,USD,2020.0,FY,10-K,CY2018Q4
RBA,revenue,Revenues,Q,2019-01-01,2019-03-31,303429000.0,USD,2020.0,FY,10-K,CY2019Q1
RBA,revenue,Revenues,Q,2019-04-01,2019-06-30,393222000.0,USD,2020.0,FY,10-K,CY2019Q2
RBA,revenue,Revenues,Q,2019-07-01,2019-09-30,289796000.0,USD,2020.0,FY,10-K,CY2019Q3
RBA,revenue,Revenues,Q,2019-10-01,2019-12-31,332194000.0,USD,2020.0,FY,10-K,CY2019Q4
RBA,revenue,Revenues,Q,2020-01-01,2020-03-31,273255000.0,USD,2021.0,Q1,10-Q,CY2020Q1
RBA,revenue,Revenues,Q,2020-04-01,2020-06-30,389050000.0,USD,2021.0,Q2,10-Q,CY2020Q2
RBA,revenue,Revenues,Q,2020-07-01,2020-09-30,331542000.0,USD,2021.0,Q3,10-Q,CY2020Q3
RBA,revenue,Revenues,Q,2020-10-01,2020-12-31,383413000.0,USD,2020.0,FY,10-K,CY2020Q4
RBA,revenue,Revenues,Q,2021-01-01,2021-03-31,331555000.0,USD,2022.0,Q1,10-Q,CY2021Q1
RBA,revenue,Revenues,Q,2021-04-01,2021-06-30,396361000.0,USD,2022.0,Q1,10-Q,CY2021Q2
RBA,revenue,Revenues,Q,2021-07-01,2021-09-30,329682000.0,USD,2022.0,Q3,10-Q,CY2021Q3
RBA,revenue,Revenues,Q,2021-10-01,2021-12-31,359402000.0,USD,2023.0,Q4,10-K,derived_fy_minus_q1q2q3
RBA,revenue,Revenues,Q,2022-01-01,2022-03-31,393900000.0,USD,2023.0,Q1,10-Q,CY2022Q1
RBA,revenue,Revenues,Q,2022-04-01,2022-06-30,484500000.0,USD,2023.0,Q2,10-Q,CY2022Q2
RBA,revenue,Revenues,Q,2022-07-01,2022-09-30,411500000.0,USD,2023.0,Q3,10-Q,CY2022Q3
RBA,revenue,Revenues,Q,2022-10-01,2022-12-31,443900000.0,USD,2024.0,Q4,10-K,derived_fy_minus_q1q2q3
RBA,revenue,Revenues,Q,2023-01-01,2023-03-31,512400000.0,USD,2024.0,Q1,10-Q,CY2023Q1
RBA,revenue,Revenues,Q,2023-04-01,2023-06-30,1106500000.0,USD,2024.0,Q2,10-Q,CY2023Q2
RBA,revenue,Revenues,Q,2023-07-01,2023-09-30,1019800000.0,USD,2024.0,Q3,10-Q,CY2023Q3
RBA,revenue,Revenues,Q,2023-10-01,2023-12-31,1040900000.0,USD,2025.0,Q4,10-K,derived_fy_minus_q1q2q3
RBA,revenue,Revenues,Q,2024-01-01,2024-03-31,1064700000.0,USD,2025.0,Q1,10-Q,CY2024Q1
RBA,revenue,Revenues,Q,2024-04-01,2024-06-30,1096100000.0,USD,2025.0,Q2,10-Q,CY2024Q2
RBA,revenue,Revenues,Q,2024-07-01,2024-09-30,981800000.0,USD,2025.0,Q3,10-Q,CY2024Q3
RBA,revenue,Revenues,Q,2024-10-01,2024-12-31,1141600000.0,USD,2025.0,Q4,10-K,derived_fy_minus_q1q2q3
RBA,revenue,Revenues,Q,2025-01-01,2025-03-31,1108600000.0,USD,2026.0,Q1,10-Q,CY2025Q1
RBA,revenue,Revenues,Q,2025-04-01,2025-06-30,1186000000.0,USD,2026.0,Q2,10-Q,CY2025Q2
RBA,revenue,Revenues,Q,2025-07-01,2025-09-30,1092700000.0,USD,2025.0,Q3,10-Q,CY2025Q3
RBA,revenue,Revenues,Q,2025-10-01,2025-12-31,1203400000.0,USD,2025.0,Q4,10-K,derived_fy_minus_q1q2q3
RBA,revenue,Revenues,Q,2026-01-01,2026-03-31,1234600000.0,USD,2026.0,Q1,10-Q,CY2026Q1
RBA,revenue,Revenues,Q,2026-04-01,2026-06-30,1317100000.0,USD,2026.0,Q2,10-Q,CY2026Q2
